,date,year,month,day,aot 550nm ocean mean,aot 550nm ocean std,aot 550 nm count,angstromm exponent ocean mean,angstrom exponent ocean std,fine mode fraction 550 nm ocean mean,fine mode fraction 550 nm ocean std,spectral aot ocean mean
0,2012-03-04,2012,03,04,0.15541017,0.028825462,63.38095238095238,0.29999968,0.11420529,0.26524755,0.06466324,0.13676673
1,2012-03-05,2012,03,05,0.07723343,0.016050378,213.66666666666666,0.394567,0.18089639,0.31657147,0.09671368,0.06751988
2,2012-03-06,2012,03,06,0.14599755,0.025533449,15.785714285714286,0.22464803,0.10060806,0.21136113,0.057570916,0.13228425
3,2012-03-07,2012,03,07,0.13954969,0.020726794,2.6666666666666665,0.06614147,0.088098794,0.13077195,0.042908773,0.1315861
4,2012-03-08,2012,03,08,0.100499004,0.0226378,34.976190476190474,0.9151895,0.21055087,0.5509143,0.0874183,0.07831722
5,2012-03-09,2012,03,09,0.10665043,0.010185789,253.9047619047619,0.43271852,0.07623293,0.34392187,0.03980009,0.09031869
6,2012-03-10,2012,03,10,0.0904966,0.010626951,246.0952380952381,0.37905246,0.114303194,0.3142854,0.061343033,0.07815327
7,2012-03-11,2012,03,11,0.10748852,0.011891185,22.166666666666668,0.8222203,0.21638492,0.50977445,0.09704573,0.08150096
8,2012-03-12,2012,03,12,0.10799722,0.028563604,23.214285714285715,1.0648926,0.30860797,0.6104398,0.13015875,0.079542264
9,2012-03-13,2012,03,13,0.12211598,0.028310142,49.42857142857143,0.7621739,0.26496097,0.48732692,0.11886029,0.09692879
10,2012-03-14,2012,03,14,0.106843315,0.020872187,50.476190476190474,0.8537031,0.2745747,0.5308316,0.12162809,0.081194535
11,2012-03-15,2012,03,15,0.06514241,0.013021642,157.28571428571428,1.0152304,0.29774565,0.5956587,0.12813154,0.046535887
12,2012-03-16,2012,03,16,0.0835054,0.022598673,34.04761904761905,1.0692829,0.2867277,0.6032938,0.12410642,0.06289957
13,2012-03-17,2012,03,17,0.22174747,0.039995715,5.714285714285714,0.55924004,0.18674384,0.39259326,0.08835884,0.18148376
14,2012-03-18,2012,03,18,0.118333094,0.02966582,26.023809523809526,0.46621114,0.13726142,0.33844185,0.064214036,0.10169375
15,2012-03-19,2012,03,19,0.13295831,0.0248411,80.5,0.24989341,0.13047941,0.24008884,0.06874275,0.12065645
16,2012-03-20,2012,03,20,0.081009924,0.010937647,37.73809523809524,0.7380474,0.16741934,0.4820225,0.07848527,0.06294412
17,2012-03-21,2012,03,21,0.07183089,0.00879933,8.642857142857142,0.93753076,0.21169105,0.5537903,0.09118738,0.05266813
18,2012-03-22,2012,03,22,0.05841369,0.011403746,65.97619047619048,0.8277045,0.29076412,0.5017638,0.12935144,0.04546268
19,2012-03-23,2012,03,23,0.2730033,0.05151906,20.523809523809526,0.37786788,0.12762317,0.29620495,0.06859255,0.23411982
20,2012-03-24,2012,03,24,,,0.0,,,,,
21,2012-03-26,2012,03,26,0.16136302,0.02062537,48.833333333333336,0.5601817,0.12871811,0.4008824,0.062411014,0.13088655
22,2012-03-27,2012,03,27,0.13802758,0.029847756,70.64285714285714,0.5280015,0.199955,0.37348837,0.11024599,0.11568315
23,2012-03-28,2012,03,28,0.119127765,0.029323397,113.19047619047619,0.67883384,0.24626093,0.4426254,0.11931389,0.09846014
24,2012-03-29,2012,03,29,0.15773527,0.041530047,63.26190476190476,0.58568317,0.25608027,0.4022598,0.11857892,0.13334548
25,2012-03-30,2012,03,30,0.16453877,0.025751583,114.61904761904762,0.49749884,0.12720652,0.37380326,0.06514811,0.13710658
26,2012-03-31,2012,03,31,,,0.0,,,,,
27,2012-04-01,2012,04,01,0.18022265,0.02042425,58.92857142857143,0.16223809,0.08847816,0.17789404,0.05196265,0.16471756
28,2012-04-02,2012,04,02,0.13963912,0.016119402,51.523809523809526,0.042695504,0.060545128,0.11881288,0.045541473,0.13402863
29,2012-04-03,2012,04,03,0.117931806,0.024487562,3.357142857142857,0.6424168,0.16153647,0.4191967,0.073906854,0.101118095
30,2012-04-04,2012,04,04,0.21848358,0.02710092,8.285714285714286,0.4659273,0.10769589,0.35029703,0.05410013,0.1830152
31,2012-04-05,2012,04,05,0.23664866,0.02209952,5.0,0.5813842,0.11281835,0.40285775,0.04779277,0.18876527
32,2012-04-06,2012,04,06,0.3423521,0.040915012,12.023809523809524,0.5457344,0.07262579,0.3844973,0.028534658,0.27471647
33,2012-04-07,2012,04,07,0.21538542,0.023040477,41.73809523809524,0.57988834,0.12881333,0.3991698,0.06449546,0.17623357
34,2012-04-08,2012,04,08,0.15034683,0.014678969,15.142857142857142,1.1117221,0.16092558,0.63975185,0.06497993,0.10409414
35,2012-04-09,2012,04,09,0.16216293,0.04241567,17.69047619047619,1.1317993,0.28010845,0.6359536,0.11398103,0.115782164
36,2012-04-10,2012,04,10,0.14443639,0.03920578,118.9047619047619,0.66597193,0.2442041,0.4433222,0.11270834,0.11672638
37,2012-04-11,2012,04,11,0.13091117,0.022115175,236.11904761904762,0.45538297,0.11697296,0.35206038,0.060469933,0.110304244
38,2012-04-12,2012,04,12,0.18851858,0.025914015,61.595238095238095,0.30484903,0.15242234,0.2494212,0.08249665,0.16644344
39,2012-04-13,2012,04,13,0.15531151,0.030457104,27.11904761904762,0.5866711,0.22290361,0.40708765,0.11133369,0.1254601
40,2012-04-14,2012,04,14,0.13272052,0.025529975,2.9285714285714284,0.7526156,0.2515157,0.48363167,0.1066387,0.10403816
41,2012-04-15,2012,04,15,0.116278,0.022255039,41.38095238095238,0.6232548,0.2006663,0.4247791,0.09523138,0.09544758
42,2012-04-16,2012,04,16,0.10949389,0.015754085,33.95238095238095,0.50502086,0.20482162,0.36793968,0.10177881,0.09130105
43,2012-04-17,2012,04,17,0.09267106,0.015847765,105.57142857142857,0.3975471,0.20654331,0.31813642,0.11190238,0.079494275
44,2012-04-18,2012,04,18,0.07559156,0.01296443,44.476190476190474,0.47910625,0.25731212,0.34480768,0.130403,0.06331797
45,2012-04-19,2012,04,19,,,0.0,,,,,
46,2012-04-20,2012,04,20,,,0.0,,,,,
47,2012-04-21,2012,04,21,0.1300188,0.019921731,26.857142857142858,0.7029459,0.13580143,0.45572472,0.06696009,0.1040537
48,2012-04-22,2012,04,22,0.07856168,0.01853748,11.404761904761905,1.3285453,0.30010548,0.71268207,0.120346494,0.05133954
49,2012-04-23,2012,04,23,0.08861073,0.021108402,29.0,1.1818485,0.29422382,0.6572451,0.122851275,0.061646096
50,2012-04-24,2012,04,24,0.18052472,0.043733384,0.4523809523809524,0.81777513,0.36194906,0.50392044,0.15319735,0.14033496
51,2012-04-25,2012,04,25,0.119986326,0.028044835,56.333333333333336,0.38172534,0.2147296,0.30194893,0.1012424,0.10782867
52,2012-04-26,2012,04,26,0.08308273,0.018510321,233.6904761904762,0.67117256,0.24480993,0.4485684,0.11397743,0.06676889
53,2012-04-27,2012,04,27,0.1355823,0.018186618,66.04761904761905,0.5788741,0.15130666,0.41253725,0.07450582,0.10961198
54,2012-04-28,2012,04,28,0.1469655,0.014864003,86.16666666666667,0.20725913,0.09259237,0.21712555,0.054411273,0.13313599
55,2012-04-29,2012,04,29,0.101644814,0.011816672,0.23809523809523808,1.1831385,0.23241742,0.6695552,0.08273936,0.06787638
56,2012-04-30,2012,04,30,0.34395465,0.014476838,0.14285714285714285,0.66750807,0.1462372,0.43190774,0.05218212,0.2660826
57,2012-05-01,2012,05,01,0.22332522,0.01733271,2.3333333333333335,0.82599384,0.10534365,0.526776,0.042562705,0.16642468
58,2012-05-02,2012,05,02,0.15483065,0.019918242,2.3095238095238093,0.80890274,0.18870075,0.5179594,0.083823085,0.11698226
59,2012-05-03,2012,05,03,0.083400324,0.012792736,9.619047619047619,1.1164281,0.34080225,0.6250346,0.1436544,0.058329344
60,2012-05-04,2012,05,04,0.12562709,0.031061927,2.5476190476190474,0.69395864,0.37825078,0.42455453,0.1774759,0.10694091
61,2012-05-05,2012,05,05,,,0.0,,,,,
62,2012-05-06,2012,05,06,0.22061223,0.017270086,56.23809523809524,0.3875817,0.09102596,0.3155584,0.047888324,0.18851799
63,2012-05-07,2012,05,07,0.20744315,0.018887218,28.785714285714285,0.27033874,0.08446274,0.24891856,0.048426203,0.18366686
64,2012-05-08,2012,05,08,0.1907823,0.00636501,0.6666666666666666,0.55998087,0.066599354,0.40616292,0.032245196,0.15487705
65,2012-05-09,2012,05,09,0.13835074,0.013540513,6.619047619047619,0.21201167,0.15165994,0.21892963,0.091713004,0.12583454
66,2012-05-10,2012,05,10,0.16043288,0.008485306,0.7142857142857143,0.28739178,0.13032347,0.26615533,0.07273004,0.14180905
67,2012-05-11,2012,05,11,0.2271203,0.032493725,5.404761904761905,0.39704373,0.09429421,0.31756678,0.051842634,0.19282956
68,2012-05-12,2012,05,12,0.17599054,0.024975931,92.14285714285714,0.45223445,0.13999036,0.3453258,0.07370896,0.14909482
69,2012-05-13,2012,05,13,0.11316312,0.017884001,193.5,0.48332208,0.2115537,0.3587883,0.10866078,0.09612147
70,2012-05-14,2012,05,14,0.07711519,0.014313782,157.6904761904762,0.50836736,0.19344725,0.36260787,0.096135534,0.064112425
71,2012-05-15,2012,05,15,0.08608804,0.00572483,1.5476190476190477,0.35415483,0.18780158,0.30011833,0.0988415,0.074252315
72,2012-05-16,2012,05,16,,,0.0,,,,,
73,2012-05-17,2012,05,17,0.1699895,0.029856257,3.880952380952381,0.27900767,0.21153566,0.23006192,0.110605404,0.15624477
74,2012-05-18,2012,05,18,0.107675225,0.012378579,424.3095238095238,0.53154135,0.097146876,0.38909745,0.047873553,0.08777881
75,2012-05-19,2012,05,19,0.1298021,0.012566683,245.1904761904762,0.6293995,0.09932605,0.43199947,0.04906978,0.10424275
76,2012-05-20,2012,05,20,0.11564549,0.015184931,16.071428571428573,0.23437856,0.15946384,0.22135723,0.08250029,0.10544142
77,2012-05-21,2012,05,21,,,0.0,,,,,
78,2012-05-22,2012,05,22,0.14124218,0.01693282,0.7380952380952381,0.69955134,0.17039001,0.4711341,0.076994054,0.11073603
79,2012-05-23,2012,05,23,0.13837169,0.024107339,238.3095238095238,0.20985797,0.13435352,0.21635367,0.07567926,0.12783757
80,2012-05-24,2012,05,24,0.14179994,0.01595583,5.880952380952381,0.5833799,0.12991762,0.4040224,0.06484911,0.11747264
81,2012-05-25,2012,05,25,0.1535103,0.013869395,3.238095238095238,0.8811662,0.15081355,0.5481252,0.065765634,0.112619676
82,2012-05-26,2012,05,26,0.10890764,0.009334702,2.3333333333333335,1.2885866,0.2178866,0.705344,0.079643995,0.07101457
83,2012-05-27,2012,05,27,0.16509919,0.017601984,4.976190476190476,0.61881685,0.12698333,0.43414208,0.059302352,0.13196467
84,2012-05-28,2012,05,28,0.14889778,0.019324396,11.952380952380953,0.7785582,0.19316524,0.4987331,0.08620988,0.11272132
85,2012-05-29,2012,05,29,0.10770953,0.014192182,37.904761904761905,0.6980364,0.17891563,0.46392095,0.08583312,0.08479747
86,2012-05-30,2012,05,30,0.12206612,0.012248236,1.0952380952380953,0.7189171,0.1434281,0.46923137,0.06862911,0.09452214
87,2012-05-31,2012,05,31,,,0.0,,,,,
88,2012-06-01,2012,06,01,,,0.0,,,,,
89,2012-06-02,2012,06,02,,,0.023809523809523808,,,,,
90,2012-06-03,2012,06,03,0.09914621,0.015319264,1.2142857142857142,0.9396242,0.22037518,0.54708403,0.09863207,0.07815834
91,2012-06-04,2012,06,04,0.066434935,0.019138942,48.285714285714285,0.7560936,0.35207883,0.4636855,0.16457616,0.05512646
92,2012-06-05,2012,06,05,0.09968495,0.0169382,6.333333333333333,0.237443,0.14287749,0.21669075,0.079024896,0.09204189
93,2012-06-06,2012,06,06,,,0.0,,,,,
94,2012-06-07,2012,06,07,0.081865616,0.020064631,4.642857142857143,1.1298753,0.2345805,0.6331472,0.097102955,0.05906179
95,2012-06-08,2012,06,08,0.1267464,0.015371412,3.2142857142857144,0.68293947,0.1889575,0.44414324,0.08644177,0.1021331
96,2012-06-09,2012,06,09,0.16495045,0.008497499,6.619047619047619,0.12978463,0.06780966,0.17631619,0.040149298,0.15382335
97,2012-06-10,2012,06,10,0.123194076,0.011896101,0.9523809523809523,0.05852121,0.07006889,0.13406672,0.040157247,0.11705385
98,2012-06-11,2012,06,11,0.13452369,0.022260908,1.2380952380952381,0.020543156,0.042554647,0.11255376,0.025621861,0.12984876
99,2012-06-12,2012,06,12,,,0.0,,,,,
100,2012-06-13,2012,06,13,,,0.07142857142857142,,,,,
101,2012-06-14,2012,06,14,0.14846683,0.022761183,13.714285714285714,-0.030185044,0.038094908,0.06371548,0.038305145,0.14563867
102,2012-06-15,2012,06,15,0.13827297,0.024393963,19.38095238095238,0.28417885,0.16282754,0.22424512,0.089716546,0.12815726
103,2012-06-16,2012,06,16,0.08980856,0.010220991,1.880952380952381,0.7290956,0.36155376,0.47238868,0.15669763,0.06854103
104,2012-06-17,2012,06,17,,,0.0,,,,,
105,2012-06-18,2012,06,18,0.15307252,0.04265566,10.214285714285714,0.8839971,0.34880418,0.5288274,0.15055217,0.118856736
106,2012-06-19,2012,06,19,0.13620111,0.02007409,170.92857142857142,1.2915367,0.23124357,0.70076144,0.096126184,0.090464525
107,2012-06-20,2012,06,20,0.11270853,0.009280094,7.904761904761905,0.81828797,0.13621995,0.5243692,0.061450426,0.08414781
108,2012-06-21,2012,06,21,,,0.0,,,,,
109,2012-06-22,2012,06,22,,,0.0,,,,,
110,2012-06-23,2012,06,23,0.08285911,0.029807469,24.857142857142858,0.67517483,0.33270985,0.44082868,0.1508593,0.068131186
111,2012-06-24,2012,06,24,0.062176704,0.016285222,105.35714285714286,0.887479,0.31992415,0.5363635,0.14330848,0.047561828
112,2012-06-25,2012,06,25,0.053292368,0.013313954,129.52380952380952,0.7090652,0.32328293,0.4480178,0.15020813,0.043591343
113,2012-06-26,2012,06,26,0.051242944,0.009088704,46.04761904761905,0.61280566,0.25919348,0.40305683,0.12582643,0.042098586
114,2012-06-27,2012,06,27,,,0.0,,,,,
115,2012-06-28,2012,06,28,0.09731117,0.013301455,10.166666666666666,0.5406207,0.1885124,0.385796,0.0860389,0.081389256
116,2012-06-29,2012,06,29,0.116093025,0.025286421,53.73809523809524,0.5298645,0.21950209,0.367063,0.10689474,0.10030704
117,2012-06-30,2012,06,30,0.103943154,0.0053133923,1.3571428571428572,0.9502144,0.10677317,0.58110845,0.044020884,0.074453816
118,2012-07-01,2012,07,01,0.07198655,0.011338946,1.3571428571428572,0.6683428,0.4989334,0.4302286,0.22526775,0.058646742
119,2012-07-02,2012,07,02,0.07271871,0.015792772,0.4523809523809524,1.3606558,0.1910487,0.72671294,0.074976824,0.04768829
120,2012-07-03,2012,07,03,,,0.023809523809523808,,,,,
121,2012-07-04,2012,07,04,0.09639045,0.02387077,22.904761904761905,1.0364599,0.29118124,0.607376,0.11904396,0.069193795
122,2012-07-05,2012,07,05,0.09491354,0.018266216,10.833333333333334,1.1425968,0.32972243,0.64589065,0.13323194,0.066429466
123,2012-07-06,2012,07,06,0.073337406,0.009645395,11.857142857142858,1.0266517,0.29031494,0.59886336,0.12310924,0.051682718
124,2012-07-07,2012,07,07,,,0.09523809523809523,,,,,
125,2012-07-08,2012,07,08,,,0.0,,,,,
126,2012-07-09,2012,07,09,0.19119126,0.0058809733,0.21428571428571427,0.7553687,0.06346382,0.4994966,0.0278766,0.1454499
127,2012-07-10,2012,07,10,,,0.0,,,,,
128,2012-07-11,2012,07,11,,,0.0,,,,,
129,2012-07-12,2012,07,12,0.16408673,0.018072318,2.119047619047619,1.2879827,0.3168871,0.7046933,0.12622204,0.10698547
130,2012-07-13,2012,07,13,,,0.0,,,,,
131,2012-07-14,2012,07,14,,,0.0,,,,,
132,2012-07-15,2012,07,15,,,0.09523809523809523,,,,,
133,2012-07-16,2012,07,16,0.16888513,0.026412986,4.0476190476190474,1.4337889,0.21594137,0.7579472,0.08328744,0.1052933
134,2012-07-17,2012,07,17,0.08166182,0.017275276,5.5,1.2849529,0.27803114,0.6965726,0.11280069,0.054098487
135,2012-07-18,2012,07,18,0.08552992,0.008593398,2.761904761904762,0.16010292,0.15678209,0.19064867,0.082554065,0.07896906
136,2012-07-19,2012,07,19,,,0.047619047619047616,,,,,
137,2012-07-20,2012,07,20,0.08690685,0.02325478,12.142857142857142,1.1687456,0.31309837,0.6531658,0.12976633,0.0611623
138,2012-07-21,2012,07,21,0.08689002,0.01108717,2.4285714285714284,1.3312185,0.2587832,0.7189656,0.09922749,0.05653557
139,2012-07-22,2012,07,22,0.10501424,0.0069557275,0.16666666666666666,1.0986342,0.6025883,0.6152452,0.24905546,0.073378064
140,2012-07-23,2012,07,23,,,0.047619047619047616,,,,,
141,2012-07-24,2012,07,24,,,0.0,,,,,
142,2012-07-25,2012,07,25,0.08761037,0.02048758,2.3095238095238093,1.3609414,0.25993678,0.72882843,0.09793976,0.056858055
143,2012-07-26,2012,07,26,0.092484035,0.01556513,2.4285714285714284,1.4087391,0.20805599,0.74800473,0.07573505,0.058923703
144,2012-07-27,2012,07,27,0.08024457,0.01071852,0.5952380952380952,1.4495776,0.1930305,0.7595645,0.07329678,0.050014976
145,2012-07-28,2012,07,28,,,0.023809523809523808,,,,,
146,2012-07-29,2012,07,29,,,0.0,,,,,
147,2012-07-30,2012,07,30,,,0.0,,,,,
148,2012-07-31,2012,07,31,0.13629237,0.020298751,0.5,1.229085,0.2632668,0.68410015,0.10185307,0.09141351
149,2012-08-01,2012,08,01,0.09287164,0.014761986,5.071428571428571,1.3825629,0.23697458,0.735392,0.09509544,0.05880215
150,2012-08-02,2012,08,02,0.18214862,0.04213202,0.14285714285714285,1.7352287,0.19588108,0.8775613,0.08507777,0.10236334
151,2012-08-03,2012,08,03,,,0.0,,,,,
152,2012-08-04,2012,08,04,0.13556437,0.018964304,0.2857142857142857,1.1095201,0.03696378,0.6286123,0.017278822,0.09788133
153,2012-08-05,2012,08,05,0.07365609,0.016340535,0.6428571428571429,1.4516493,0.23366179,0.7621646,0.08683479,0.046596263
154,2012-08-06,2012,08,06,,,0.07142857142857142,,,,,
155,2012-08-07,2012,08,07,0.17518625,0.031298403,26.38095238095238,0.15746354,0.15642263,0.18017149,0.09813963,0.16301115
156,2012-08-08,2012,08,08,0.18155554,0.037429266,8.261904761904763,-0.050775908,0.040005602,0.038111303,0.032816637,0.17869408
157,2012-08-09,2012,08,09,,,0.0,,,,,
158,2012-08-10,2012,08,10,,,0.0,,,,,
159,2012-08-11,2012,08,11,,,0.0,,,,,
160,2012-08-12,2012,08,12,0.12271423,0.008223139,2.5476190476190474,0.5266263,0.13214192,0.38918677,0.06666389,0.10030457
161,2012-08-13,2012,08,13,,,0.0,,,,,
162,2012-08-14,2012,08,14,0.09778901,0.0029027294,0.2857142857142857,1.1227193,0.09353008,0.6494853,0.034867086,0.0668316
163,2012-08-15,2012,08,15,0.2363025,0.024916695,4.785714285714286,0.8195633,0.17030638,0.51698434,0.08667126,0.17698476
164,2012-08-16,2012,08,16,0.20098123,0.014854863,1.9047619047619047,1.0321431,0.18076375,0.60840607,0.0758186,0.14335196
165,2012-08-17,2012,08,17,0.16092451,0.02949898,2.4285714285714284,1.1014645,0.4052811,0.6145385,0.1821426,0.112386174
166,2012-08-18,2012,08,18,0.15518081,0.026578596,19.452380952380953,0.7368619,0.21629275,0.44970632,0.114873864,0.12564468
167,2012-08-19,2012,08,19,,,0.023809523809523808,,,,,
168,2012-08-20,2012,08,20,,,0.023809523809523808,,,,,
169,2012-08-21,2012,08,21,0.12840635,0.016461777,0.5714285714285714,1.0507822,0.18694048,0.6197817,0.07224216,0.09048117
170,2012-08-22,2012,08,22,0.100108966,0.0039870935,0.19047619047619047,0.81678295,0.12303749,0.5254136,0.054607306,0.07536753
171,2012-08-23,2012,08,23,0.12064014,0.007148369,0.6666666666666666,0.8084438,0.16916302,0.5191512,0.07583445,0.09004749
172,2012-08-24,2012,08,24,,,0.0,,,,,
173,2012-08-25,2012,08,25,,,0.0,,,,,
174,2012-08-26,2012,08,26,,,0.09523809523809523,,,,,
175,2012-08-27,2012,08,27,0.12006694,0.010630999,3.4047619047619047,0.70349777,0.20580038,0.45606828,0.09967365,0.094943784
176,2012-08-28,2012,08,28,0.06965973,0.016687946,14.452380952380953,0.88551944,0.33063725,0.5236731,0.1529211,0.05455836
177,2012-08-29,2012,08,29,0.09611435,0.016275998,83.35714285714286,0.2039419,0.12905262,0.2113752,0.07385589,0.08748227
178,2012-08-30,2012,08,30,,,0.0,,,,,
179,2012-08-31,2012,08,31,0.13963921,0.017169416,0.6428571428571429,0.90718865,0.10947542,0.56370324,0.045181174,0.10202162
180,2012-09-01,2012,09,01,0.118734784,0.030687371,32.095238095238095,0.53380847,0.2973205,0.37640437,0.14114094,0.100539945
181,2012-09-02,2012,09,02,0.1488915,0.018621836,33.476190476190474,0.34453544,0.11366961,0.29143003,0.06216672,0.13118303
182,2012-09-03,2012,09,03,0.19062069,0.02547535,1.3095238095238095,0.32654786,0.26200783,0.28124887,0.13974085,0.16744527
183,2012-09-04,2012,09,04,0.2130379,0.052122522,11.19047619047619,0.09619521,0.14724576,0.14815693,0.09262166,0.20191841
184,2012-09-05,2012,09,05,0.2515623,0.04209421,0.09523809523809523,1.278904,0.33862835,0.69016737,0.1420239,0.1660477
185,2012-09-06,2012,09,06,0.17115313,0.019573465,1.619047619047619,0.72363317,0.16688357,0.48014706,0.07802918,0.13266222
186,2012-09-07,2012,09,07,0.083729446,0.01155924,9.357142857142858,1.0744753,0.27033782,0.6113645,0.11145859,0.060439676
187,2012-09-08,2012,09,08,0.05795406,0.0113347145,12.047619047619047,1.0785939,0.2723299,0.6165639,0.12075772,0.041126356
188,2012-09-09,2012,09,09,0.09345434,0.010009439,9.666666666666666,0.46204004,0.17768452,0.34664732,0.0890076,0.07879584
189,2012-09-10,2012,09,10,,,0.047619047619047616,,,,,
190,2012-09-11,2012,09,11,0.09656461,0.009309768,0.4523809523809524,0.98400426,0.16261612,0.5933321,0.06630864,0.06896052
191,2012-09-12,2012,09,12,0.118795,0.010574468,0.21428571428571427,1.5564369,9.233912e-08,0.7999,0.0,0.071780644
192,2012-09-13,2012,09,13,0.124549665,0.007588528,0.30952380952380953,0.6865238,0.069449775,0.46836367,0.03227768,0.096595064
193,2012-09-14,2012,09,14,0.11148719,0.007954081,2.8095238095238093,0.26613837,0.15795353,0.2524648,0.089260295,0.09914341
194,2012-09-15,2012,09,15,,,0.0,,,,,
195,2012-09-16,2012,09,16,0.1280025,0.013112742,0.21428571428571427,1.1566217,0.18343398,0.66046757,0.070203915,0.08716345
196,2012-09-17,2012,09,17,0.20967242,0.0072858706,0.6190476190476191,0.55239785,0.07671516,0.40399683,0.03734579,0.17044
197,2012-09-18,2012,09,18,0.14829002,0.018319806,1.4761904761904763,0.37956798,0.13186292,0.3149902,0.07094341,0.1276124
198,2012-09-19,2012,09,19,0.08245729,0.009785518,0.3333333333333333,0.3600302,0.1822389,0.290303,0.09680566,0.07087115
199,2012-09-20,2012,09,20,0.113479264,0.0076166564,0.6666666666666666,0.5324349,0.1580262,0.39158067,0.08102888,0.09300934
200,2012-09-21,2012,09,21,,,0.0,,,,,
201,2012-09-22,2012,09,22,0.20805924,0.016503472,0.5238095238095238,0.589062,0.08578991,0.41754255,0.039536115,0.16640136
202,2012-09-23,2012,09,23,0.117736764,0.016467758,7.476190476190476,1.0997672,0.13773127,0.61721426,0.057053402,0.083211266
203,2012-09-24,2012,09,24,0.09550371,0.013506127,1.8571428571428572,1.3041557,0.1683824,0.706298,0.067708954,0.06287476
204,2012-09-25,2012,09,25,0.1220395,0.012376331,0.5238095238095238,1.0507866,0.10967339,0.60552126,0.0459737,0.08907699
205,2012-09-26,2012,09,26,0.15465303,0.010478016,0.23809523809523808,1.8081388,0.02334164,0.8971242,0.006262882,0.08349877
206,2012-09-27,2012,09,27,,,0.0,,,,,
207,2012-09-28,2012,09,28,0.13620405,0.020680925,1.3333333333333333,0.54458207,0.13501985,0.39601544,0.06770163,0.111283526
208,2012-09-29,2012,09,29,0.06748463,0.010064062,149.61904761904762,0.7156459,0.21025795,0.47149232,0.09884429,0.053059477
209,2012-09-30,2012,09,30,0.07040002,0.015667522,162.97619047619048,0.6032873,0.2614711,0.40810853,0.13078807,0.05881261
210,2012-10-01,2012,10,01,0.13967527,0.030293232,50.04761904761905,0.3210561,0.1875653,0.25719595,0.10197327,0.1282242
211,2012-10-02,2012,10,02,0.17173453,0.033269424,33.357142857142854,0.18046817,0.13687839,0.19782777,0.080234244,0.16099127
212,2012-10-03,2012,10,03,0.13174734,0.02806475,101.28571428571429,0.28953162,0.15323666,0.25934133,0.08672714,0.11888681
213,2012-10-04,2012,10,04,0.11843417,0.016554493,7.5,0.9376607,0.13698456,0.5625704,0.059226602,0.08679111
214,2012-10-05,2012,10,05,0.087004244,0.012139585,5.333333333333333,0.77989763,0.3603816,0.482522,0.16823931,0.06688815
215,2012-10-06,2012,10,06,0.09577134,0.037234396,6.523809523809524,0.9774956,0.27335015,0.5695431,0.11831296,0.07350063
216,2012-10-07,2012,10,07,0.08152528,0.020445857,69.33333333333333,0.76206124,0.27146998,0.4762719,0.11873668,0.067841716
217,2012-10-08,2012,10,08,0.048730485,0.015374456,152.38095238095238,0.572323,0.28498966,0.3966804,0.13507201,0.041581977
218,2012-10-09,2012,10,09,0.04952482,0.014730016,183.52380952380952,0.69609624,0.38422105,0.44982666,0.17878118,0.04039177
219,2012-10-10,2012,10,10,0.06398431,0.011377682,105.07142857142857,0.81379414,0.24725375,0.51462734,0.112184666,0.048518047
220,2012-10-11,2012,10,11,0.07906525,0.010560373,134.73809523809524,0.6239764,0.15395692,0.42963627,0.07115256,0.0630195
221,2012-10-12,2012,10,12,0.12532166,0.029126296,73.52380952380952,0.6959811,0.23482059,0.45981392,0.10609763,0.10023709
222,2012-10-13,2012,10,13,0.071052454,0.013934851,75.16666666666667,0.7753677,0.23206255,0.4980911,0.10525525,0.055258423
223,2012-10-14,2012,10,14,0.059846748,0.012443452,7.738095238095238,0.78406984,0.33826998,0.49788463,0.15519154,0.046213083
224,2012-10-15,2012,10,15,0.044871286,0.00924384,0.9761904761904762,1.3163327,0.28954732,0.7134264,0.11605039,0.029265318
225,2012-10-16,2012,10,16,0.18877886,0.016715404,0.21428571428571427,0.23630913,0.09132491,0.23919329,0.050884698,0.16937259
226,2012-10-17,2012,10,17,0.21915917,0.033033494,8.047619047619047,0.03589213,0.057481818,0.11249815,0.04516383,0.21057495
227,2012-10-18,2012,10,18,0.18090695,0.02170213,12.80952380952381,0.47931364,0.15613729,0.36187208,0.07684858,0.15257722
228,2012-10-19,2012,10,19,0.11126519,0.025121005,25.476190476190474,0.67972255,0.22373018,0.45284992,0.10304875,0.089902654
229,2012-10-20,2012,10,20,0.08796925,0.011276394,25.952380952380953,0.99900365,0.2595752,0.5892729,0.11149473,0.06360575
230,2012-10-21,2012,10,21,0.09453484,0.01966675,31.80952380952381,0.8443091,0.22729984,0.50245386,0.105468705,0.075390965
231,2012-10-22,2012,10,22,0.07757793,0.024839945,63.92857142857143,0.8493233,0.3209216,0.5185557,0.14052504,0.06173187
232,2012-10-23,2012,10,23,0.09431082,0.036291495,72.76190476190476,0.64331234,0.2693689,0.43031088,0.12612519,0.07846567
233,2012-10-24,2012,10,24,0.06670171,0.011391956,99.26190476190476,0.33763644,0.11950642,0.28856838,0.06313396,0.058534935
234,2012-10-25,2012,10,25,0.064319864,0.013736956,259.8095238095238,0.119759694,0.098754786,0.166941,0.053477373,0.060789756
235,2012-10-26,2012,10,26,0.08741896,0.010341366,119.5952380952381,0.01729202,0.005995161,0.109717086,0.0046936274,0.08453798
236,2012-10-27,2012,10,27,0.12635022,0.022595432,19.785714285714285,0.12450777,0.1090557,0.16216405,0.069142,0.117770515
237,2012-10-28,2012,10,28,0.13327037,0.025449615,21.785714285714285,0.20462272,0.14217564,0.2156337,0.08299333,0.12237157
238,2012-10-29,2012,10,29,0.096112154,0.019964889,9.0,0.46187183,0.12720086,0.357599,0.06729509,0.08109465
239,2012-10-30,2012,10,30,0.07250002,0.0062786303,3.380952380952381,1.2586861,0.09454766,0.69242036,0.038872287,0.048607502
240,2012-10-31,2012,10,31,0.06431588,0.008272015,13.095238095238095,1.3485045,0.11350206,0.7268601,0.04203601,0.041680332
241,2012-11-01,2012,11,01,0.034995936,0.011349379,77.02380952380952,1.3741299,0.21638136,0.73116845,0.08718337,0.023013845
242,2012-11-02,2012,11,02,0.10229039,0.026377013,33.19047619047619,0.70911425,0.23997596,0.4503731,0.10821007,0.08605034
243,2012-11-03,2012,11,03,0.078813985,0.016459707,76.16666666666667,0.29242703,0.14894979,0.26029423,0.07616682,0.071844764
244,2012-11-04,2012,11,04,0.07026354,0.01219333,34.80952380952381,0.48184457,0.14736801,0.35706165,0.07312524,0.05959122
245,2012-11-05,2012,11,05,0.08243749,0.012865579,109.95238095238095,0.6187302,0.1940259,0.42604604,0.093663886,0.06636658
246,2012-11-06,2012,11,06,0.075157195,0.010391366,122.19047619047619,0.9255344,0.13821866,0.56840813,0.058719255,0.053876244
247,2012-11-07,2012,11,07,0.076258525,0.015905641,134.97619047619048,1.091195,0.20971298,0.6304412,0.086415485,0.053431436
248,2012-11-08,2012,11,08,0.08772104,0.018252153,42.5,0.9120055,0.20428547,0.5497396,0.085264966,0.06732596
249,2012-11-09,2012,11,09,0.117759325,0.021880265,58.38095238095238,0.27502078,0.10146046,0.2551445,0.054595716,0.105618306
250,2012-11-10,2012,11,10,0.07664005,0.015602163,110.42857142857143,0.16627944,0.11742602,0.19581302,0.06616801,0.07029312
251,2012-11-11,2012,11,11,0.07183602,0.013060374,13.119047619047619,0.8466336,0.23644656,0.52016264,0.10237835,0.05495828
252,2012-11-12,2012,11,12,0.21121797,0.037288785,3.761904761904762,0.29348332,0.0751538,0.25671774,0.043112207,0.18296143
253,2012-11-13,2012,11,13,0.09488947,0.019438831,40.0,0.37883943,0.12216145,0.30973613,0.06343513,0.08159603
254,2012-11-14,2012,11,14,0.15753281,0.039305273,2.9285714285714284,0.50575775,0.22833173,0.37036943,0.11269381,0.13046001
255,2012-11-15,2012,11,15,0.0982917,0.017304668,43.0,0.33242708,0.16832289,0.28251624,0.087362476,0.084842056
256,2012-11-16,2012,11,16,0.0694342,0.015475492,121.5,0.23942454,0.16304071,0.23282824,0.08783827,0.062588945
257,2012-11-17,2012,11,17,0.06501003,0.011696196,120.54761904761905,0.3916052,0.19243938,0.3161878,0.09961182,0.05577625
258,2012-11-18,2012,11,18,0.07234616,0.015128147,161.66666666666666,0.41521916,0.12735988,0.33265153,0.066289835,0.0619178
259,2012-11-19,2012,11,19,0.06475822,0.010671364,115.19047619047619,0.41261134,0.11353664,0.3305044,0.05887841,0.055421993
260,2012-11-20,2012,11,20,0.07696136,0.018168235,88.57142857142857,0.26966757,0.13681775,0.25441164,0.074634396,0.069364816
261,2012-11-21,2012,11,21,0.05241277,0.009906715,121.9047619047619,0.56589437,0.23377912,0.40046647,0.11366688,0.04301939
262,2012-11-22,2012,11,22,,,0.0,,,,,
263,2012-11-23,2012,11,23,,,0.023809523809523808,,,,,
264,2012-11-24,2012,11,24,,,0.047619047619047616,,,,,
265,2012-11-25,2012,11,25,0.08272709,0.011487317,0.6190476190476191,0.25784904,0.08480826,0.24942157,0.047567673,0.07356799
266,2012-11-26,2012,11,26,0.07968503,0.017353214,25.404761904761905,0.50022393,0.21449284,0.3703596,0.109284244,0.06680235
267,2012-11-27,2012,11,27,0.07556968,0.0150270555,48.73809523809524,0.48236609,0.19166508,0.36105818,0.097517885,0.064144544
268,2012-11-28,2012,11,28,0.16456287,0.028712502,22.19047619047619,0.22402254,0.09454977,0.22589688,0.053252816,0.14562613
269,2012-11-29,2012,11,29,0.08869489,0.019847542,43.857142857142854,0.6416529,0.22557557,0.42738053,0.10559236,0.07203538
270,2012-11-30,2012,11,30,0.11081128,0.026148302,58.5,0.4831839,0.1634506,0.3466459,0.07581073,0.09843032
271,2012-12-01,2012,12,01,0.08335629,0.019500645,99.23809523809524,0.4026054,0.18680957,0.3129624,0.090728626,0.07333555
272,2012-12-02,2012,12,02,0.070161,0.015174284,125.4047619047619,0.53846234,0.2372553,0.3709096,0.11100988,0.061635673
273,2012-12-03,2012,12,03,0.107416734,0.022428896,68.42857142857143,0.39993408,0.20679124,0.30918276,0.10574893,0.09603946
274,2012-12-04,2012,12,04,0.06521733,0.021091051,68.85714285714286,0.68191725,0.2109755,0.44658017,0.09726128,0.05436914
275,2012-12-05,2012,12,05,0.0691799,0.011918637,10.30952380952381,0.9271065,0.16911477,0.5558674,0.06982902,0.053765915
276,2012-12-06,2012,12,06,0.068515465,0.011789081,20.047619047619047,0.64772004,0.20329499,0.4417215,0.09482818,0.055392426
277,2012-12-07,2012,12,07,,,0.023809523809523808,,,,,
278,2012-12-08,2012,12,08,,,0.09523809523809523,,,,,
279,2012-12-09,2012,12,09,0.1773602,0.020912457,3.619047619047619,0.2455586,0.08480856,0.24006046,0.048735872,0.15907109
280,2012-12-10,2012,12,10,0.101942964,0.010244996,22.38095238095238,0.27673152,0.08046194,0.26020086,0.044278514,0.09089369
281,2012-12-11,2012,12,11,0.06686555,0.0069387555,6.904761904761905,0.3342211,0.122995615,0.29006004,0.06623049,0.05850976
282,2012-12-12,2012,12,12,0.06406176,0.0129575,14.69047619047619,0.5327328,0.22426836,0.3820754,0.10696156,0.053665616
283,2012-12-13,2012,12,13,0.064426035,0.011859127,60.38095238095238,0.32147416,0.15032296,0.28066555,0.079225264,0.055951625
284,2012-12-14,2012,12,14,0.05737601,0.010995654,80.71428571428571,0.4311745,0.1800568,0.33846754,0.090548344,0.048225787
285,2012-12-15,2012,12,15,0.103999175,0.023822084,114.4047619047619,0.16225925,0.07471545,0.19476755,0.0428665,0.09636912
286,2012-12-16,2012,12,16,0.05425497,0.015770398,64.30952380952381,0.40702906,0.20213008,0.3215079,0.10174061,0.04737215
287,2012-12-17,2012,12,17,0.04098941,0.009273408,18.357142857142858,0.85830283,0.31544366,0.5240664,0.13823882,0.032358952
288,2012-12-18,2012,12,18,0.10942053,0.013177695,6.142857142857143,0.24821414,0.09685717,0.24207765,0.053590093,0.0981864
289,2012-12-19,2012,12,19,0.094720654,0.0180515,1.380952380952381,0.2006585,0.04564002,0.21166617,0.025760863,0.083124384
290,2012-12-20,2012,12,20,0.072939664,0.012749129,4.380952380952381,0.67700213,0.19020788,0.4597155,0.084728576,0.057324667
291,2012-12-21,2012,12,21,0.06137026,0.021591045,17.476190476190474,0.50288844,0.17671227,0.37469766,0.08935977,0.05208931
292,2012-12-22,2012,12,22,0.04582057,0.015838481,139.42857142857142,0.4488273,0.2183682,0.3428864,0.11168245,0.0393799
293,2012-12-23,2012,12,23,0.05558624,0.015932027,153.47619047619048,0.2507363,0.19493468,0.23588756,0.1014261,0.05101596
294,2012-12-24,2012,12,24,0.087456845,0.015424317,43.92857142857143,0.38000295,0.1628717,0.30794564,0.08504677,0.07697076
295,2012-12-25,2012,12,25,0.07956636,0.019540953,42.523809523809526,0.67059916,0.25163275,0.4367547,0.11618262,0.066474654
296,2012-12-26,2012,12,26,0.2571997,0.038536243,1.0476190476190477,0.25920838,0.042367917,0.23153232,0.024881106,0.22546402
297,2012-12-27,2012,12,27,0.11791374,0.01318872,4.238095238095238,0.25756377,0.06569639,0.25020313,0.036403656,0.105663024
298,2012-12-28,2012,12,28,0.08351044,0.01828019,26.714285714285715,0.56083924,0.21401176,0.39974836,0.10302397,0.068477124
299,2012-12-29,2012,12,29,0.08754617,0.01211092,15.476190476190476,0.5620846,0.16117513,0.40281102,0.077001385,0.070930526
300,2012-12-30,2012,12,30,0.096121185,0.013850543,39.0,0.30353153,0.110855326,0.2731317,0.059039194,0.08474131
301,2012-12-31,2012,12,31,0.12902047,0.020928238,21.523809523809526,0.32813218,0.10916725,0.28600347,0.058318656,0.11352858
302,2013-01-01,2013,01,01,0.063475795,0.008809737,27.928571428571427,0.3757623,0.11039135,0.31271198,0.059078246,0.054428373
303,2013-01-02,2013,01,02,0.04686145,0.010898245,128.23809523809524,0.48522392,0.23668785,0.3600733,0.11689001,0.039182473
304,2013-01-03,2013,01,03,0.05102728,0.013684062,90.57142857142857,0.5882852,0.23517656,0.4051306,0.1122625,0.04242684
305,2013-01-04,2013,01,04,0.037595447,0.008688154,77.71428571428571,0.69441754,0.33512905,0.4504342,0.15556146,0.029907258
306,2013-01-05,2013,01,05,0.10754078,0.042422455,35.142857142857146,0.5549335,0.26347667,0.38945034,0.12468912,0.09097675
307,2013-01-06,2013,01,06,0.1422267,0.010962219,28.142857142857142,0.040660743,0.019286942,0.12465638,0.01156461,0.13618316
308,2013-01-07,2013,01,07,0.1317196,0.015142369,4.071428571428571,0.14122678,0.05901525,0.18276843,0.03335725,0.12341823
309,2013-01-08,2013,01,08,0.10164388,0.012503073,1.7142857142857142,0.009153121,0.014521802,0.10569535,0.008754967,0.09856175
310,2013-01-09,2013,01,09,0.14295863,0.030601537,4.428571428571429,0.19469392,0.13252293,0.20180035,0.07742851,0.13002034
311,2013-01-10,2013,01,10,0.17166571,0.028631216,7.785714285714286,0.18900006,0.074277036,0.20561188,0.04469453,0.15713367
312,2013-01-11,2013,01,11,0.16565518,0.015234501,16.166666666666668,0.28935248,0.060554463,0.26536998,0.032496624,0.14769313
313,2013-01-12,2013,01,12,0.109322704,0.015503439,20.61904761904762,0.25492695,0.08816932,0.24702516,0.048282843,0.09830232
314,2013-01-13,2013,01,13,0.07707473,0.01685048,37.357142857142854,0.411946,0.20634538,0.32353878,0.10388318,0.06625392
315,2013-01-14,2013,01,14,0.11810391,0.013255727,6.142857142857143,0.17199513,0.08706431,0.19627345,0.051047124,0.107983895
316,2013-01-15,2013,01,15,0.047910728,0.009281485,28.19047619047619,0.3034061,0.12820649,0.264557,0.06702737,0.042294107
317,2013-01-16,2013,01,16,0.10172202,0.039411955,41.61904761904762,0.18328866,0.12300025,0.20336942,0.069484115,0.09450394
318,2013-01-17,2013,01,17,0.08169421,0.028811136,37.595238095238095,0.1837331,0.11056056,0.20388877,0.06354185,0.075650916
319,2013-01-18,2013,01,18,0.06481241,0.016295813,33.92857142857143,0.32795337,0.20038675,0.28245914,0.10589158,0.057577964
320,2013-01-19,2013,01,19,0.050294966,0.013220666,103.78571428571429,0.880412,0.26804632,0.5379395,0.118829556,0.036922317
321,2013-01-20,2013,01,20,0.043389212,0.012486771,100.52380952380952,1.2305026,0.2586993,0.6793128,0.10388778,0.03051992
322,2013-01-21,2013,01,21,0.12598424,0.040215928,35.11904761904762,0.4420354,0.258091,0.32493803,0.12945597,0.11144626
323,2013-01-22,2013,01,22,0.3800192,0.1711572,4.4523809523809526,0.40066224,0.16752222,0.31092447,0.095171906,0.3130744
324,2013-01-23,2013,01,23,0.07507285,0.020024823,19.285714285714285,0.64641434,0.27734333,0.43680874,0.12955895,0.0608442
325,2013-01-24,2013,01,24,0.090338595,0.017033746,19.5,0.65650034,0.21644689,0.4418782,0.10048908,0.07282685
326,2013-01-25,2013,01,25,0.064872846,0.010541998,31.0,0.54832524,0.1833442,0.38606733,0.08594038,0.05303118
327,2013-01-26,2013,01,26,0.09630556,0.016851483,18.833333333333332,0.60557437,0.20536874,0.41733795,0.09465063,0.07966699
328,2013-01-27,2013,01,27,0.17061467,0.03171208,26.642857142857142,0.30496523,0.100198865,0.26885778,0.054386675,0.15052411
329,2013-01-28,2013,01,28,0.12016328,0.016381482,19.285714285714285,0.32221076,0.0959378,0.28422827,0.051721986,0.10574004
330,2013-01-29,2013,01,29,0.121081576,0.0029742925,0.2857142857142857,0.5200365,0.027725764,0.38883814,0.013812032,0.09950028
331,2013-01-30,2013,01,30,0.07439749,0.0034131208,0.19047619047619047,1.0579578,0.043498054,0.6253108,0.016477987,0.05138012
332,2013-01-31,2013,01,31,0.08666441,0.023116311,35.54761904761905,0.6575636,0.22734645,0.43301585,0.10659813,0.07095956
333,2013-02-01,2013,02,01,0.20485672,0.034984577,1.2857142857142858,0.13334593,0.119808815,0.16199271,0.080834374,0.19026732
334,2013-02-02,2013,02,02,0.10214736,0.025312385,24.952380952380953,0.29217112,0.14402172,0.2665004,0.078991696,0.09156977
335,2013-02-03,2013,02,03,0.13560128,0.038663972,2.5714285714285716,0.1895425,0.13509649,0.20952463,0.07644003,0.12515335
336,2013-02-04,2013,02,04,0.13939252,0.022308676,2.261904761904762,0.08947572,0.07983918,0.14842474,0.04588768,0.13358633
337,2013-02-05,2013,02,05,0.10671387,0.012013235,0.8809523809523809,0.9284774,0.16274504,0.56274015,0.066887304,0.079511516
338,2013-02-06,2013,02,06,0.13444334,0.019715615,25.0,0.3100879,0.11574618,0.26989144,0.058729813,0.12029097
339,2013-02-07,2013,02,07,0.11944699,0.029046264,15.80952380952381,0.5195781,0.13789026,0.3827824,0.06681584,0.10011064
340,2013-02-08,2013,02,08,0.13144068,0.01958469,34.857142857142854,0.34636828,0.12145327,0.2922332,0.06283788,0.11637331
341,2013-02-09,2013,02,09,0.12908688,0.022908341,31.904761904761905,0.28785866,0.11001572,0.26375717,0.061486006,0.11445004
342,2013-02-10,2013,02,10,0.059864037,0.0107100075,41.833333333333336,0.95106065,0.23879276,0.57220256,0.10003388,0.04371961
343,2013-02-11,2013,02,11,0.0905461,0.015851242,53.69047619047619,0.7123002,0.21485879,0.46191743,0.09628391,0.0732794
344,2013-02-12,2013,02,12,0.10160011,0.016395682,64.73809523809524,0.61316216,0.13432512,0.42881897,0.063058965,0.082005374
345,2013-02-13,2013,02,13,0.117553614,0.022177454,11.142857142857142,0.5914832,0.15885772,0.41324857,0.07631088,0.09585988
346,2013-02-14,2013,02,14,,,0.0,,,,,
347,2013-02-15,2013,02,15,0.123473346,0.020491162,8.428571428571429,0.49159598,0.15749519,0.35907087,0.080261,0.104608834
348,2013-02-16,2013,02,16,0.104313314,0.017654218,19.428571428571427,0.48083282,0.18570334,0.36023322,0.09559541,0.08758048
349,2013-02-17,2013,02,17,0.14196008,0.015675718,3.619047619047619,0.08852888,0.0654045,0.14998513,0.04091506,0.13333549
350,2013-02-18,2013,02,18,0.11289189,0.012274991,3.3095238095238093,0.7879578,0.1579546,0.50521994,0.06994606,0.0878587
351,2013-02-19,2013,02,19,0.1260821,0.019152287,35.214285714285715,0.5070626,0.16095893,0.37438467,0.077755176,0.10584332
352,2013-02-20,2013,02,20,0.14534956,0.022248618,17.5,0.2145726,0.099370934,0.21975483,0.057458635,0.1318365
353,2013-02-21,2013,02,21,0.08035804,0.011939244,8.214285714285714,0.6046552,0.24232027,0.41949785,0.11345291,0.06432127
354,2013-02-22,2013,02,22,0.14373447,0.011786763,6.809523809523809,0.14542575,0.06900785,0.1832971,0.036666516,0.1311677
355,2013-02-23,2013,02,23,0.15463135,0.017189752,33.357142857142854,0.27089095,0.07539789,0.25431746,0.04143477,0.13925146
356,2013-02-24,2013,02,24,0.16891257,0.016280167,40.19047619047619,0.049728375,0.03167859,0.12892477,0.019460889,0.16166842
357,2013-02-25,2013,02,25,0.12306088,0.022419585,52.476190476190474,0.2609365,0.11906346,0.24539904,0.066591874,0.11107535
358,2013-02-26,2013,02,26,0.14014624,0.013740526,8.595238095238095,0.100200064,0.08833456,0.14910227,0.05054495,0.13159639
359,2013-02-27,2013,02,27,0.28125897,0.05244914,39.142857142857146,0.13213414,0.068287894,0.15343069,0.04265814,0.2573732
360,2013-02-28,2013,02,28,0.19925295,0.037168793,100.07142857142857,0.24839221,0.12333841,0.22597092,0.06900283,0.18173991
361,2013-03-01,2013,03,01,0.16577618,0.027838597,97.04761904761905,0.18679166,0.08198883,0.20423971,0.05160626,0.15222427
362,2013-03-02,2013,03,02,0.11997398,0.025578238,154.76190476190476,0.5532963,0.177983,0.3896655,0.087168105,0.09985848
363,2013-03-03,2013,03,03,0.10258842,0.02922691,53.30952380952381,0.57208204,0.26475358,0.39092493,0.13221012,0.08684541
364,2013-03-04,2013,03,04,0.11741188,0.03614814,2.4047619047619047,0.51423985,0.26416364,0.3543562,0.12293929,0.102963604
365,2013-03-05,2013,03,05,0.11472154,0.024776293,48.5,0.77103305,0.21040073,0.48478788,0.091446504,0.09346201
366,2013-03-06,2013,03,06,0.12437998,0.021159863,83.35714285714286,0.70203537,0.1710692,0.46730152,0.07733072,0.099298835
367,2013-03-07,2013,03,07,0.12995775,0.027010104,80.11904761904762,0.51481265,0.18103231,0.38113075,0.09141041,0.108060375
368,2013-03-08,2013,03,08,0.093192995,0.019721024,113.19047619047619,0.079326786,0.077205375,0.14636932,0.044868883,0.08774726
369,2013-03-09,2013,03,09,0.20017897,0.028186532,8.357142857142858,0.21835633,0.08905297,0.20426776,0.054248575,0.18129943
370,2013-03-10,2013,03,10,0.13376398,0.027743094,53.69047619047619,0.05676554,0.081934735,0.115997866,0.052958176,0.12899083
371,2013-03-11,2013,03,11,0.0912565,0.020717038,94.42857142857143,0.2502363,0.1051732,0.23689859,0.054098964,0.08396233
372,2013-03-12,2013,03,12,0.11923139,0.02645586,32.714285714285715,0.16132934,0.12564255,0.19342957,0.07243517,0.11107539
373,2013-03-13,2013,03,13,0.1095896,0.019053286,1.3095238095238095,0.3376925,0.12625523,0.2866241,0.06381659,0.0964857
374,2013-03-14,2013,03,14,0.052933853,0.0102924295,5.0476190476190474,0.8071121,0.3725353,0.5081923,0.17465204,0.04032732
375,2013-03-15,2013,03,15,0.080936186,0.013083796,108.42857142857143,0.17354849,0.09769896,0.19588014,0.05585772,0.07526094
376,2013-03-16,2013,03,16,0.15533315,0.040176924,6.119047619047619,0.20900212,0.12086134,0.21883239,0.0663984,0.14210458
377,2013-03-17,2013,03,17,0.16779427,0.016981428,178.5952380952381,0.37126955,0.08461217,0.31012753,0.045979504,0.14519848
378,2013-03-18,2013,03,18,0.12069404,0.025512243,313.3809523809524,0.40828687,0.16107647,0.32554466,0.08832824,0.10383546
379,2013-03-19,2013,03,19,0.16433522,0.03412446,45.0,0.39070508,0.18877743,0.30049664,0.10200919,0.1407931
380,2013-03-20,2013,03,20,0.18600918,0.05713307,41.61904761904762,0.52005756,0.27999774,0.36245874,0.13997965,0.15633841
381,2013-03-21,2013,03,21,0.020217761,0.019995375,7.095238095238095,1.5477415,0.044862654,0.796805,0.016397182,0.012404349
382,2013-03-22,2013,03,22,0.1891479,0.016411304,6.761904761904762,0.18760489,0.055905305,0.21125531,0.03223488,0.17325352
383,2013-03-23,2013,03,23,0.19530919,0.01947236,256.6190476190476,0.42053205,0.09201131,0.33131245,0.046461932,0.16465037
384,2013-03-24,2013,03,24,0.121570185,0.01465329,238.38095238095238,0.43863606,0.13184345,0.34325445,0.07078116,0.10346354
385,2013-03-25,2013,03,25,0.10695943,0.025457561,198.85714285714286,0.42138177,0.2310615,0.32480785,0.12488302,0.09248651
386,2013-03-26,2013,03,26,0.27963868,0.087129444,53.642857142857146,0.4161709,0.17740981,0.30852705,0.08972573,0.23423733
387,2013-03-27,2013,03,27,0.15642819,0.04478695,95.57142857142857,0.88510424,0.27384588,0.5285613,0.12073456,0.12275224
388,2013-03-28,2013,03,28,0.15449977,0.028082397,97.76190476190476,0.70980847,0.17301776,0.4722868,0.08050051,0.121228024
389,2013-03-29,2013,03,29,0.14575543,0.0272308,82.16666666666667,0.69303405,0.16205801,0.46357906,0.07674787,0.11383215
390,2013-03-30,2013,03,30,0.13790767,0.014865114,70.02380952380952,0.66422004,0.15280207,0.44173852,0.07121273,0.10916838
391,2013-03-31,2013,03,31,0.14883104,0.034439337,95.85714285714286,0.61239403,0.25120166,0.39681426,0.121174574,0.12616193
392,2013-04-01,2013,04,01,0.19767609,0.055182837,47.95238095238095,0.6191446,0.28271112,0.40429282,0.13151263,0.17218873
393,2013-04-02,2013,04,02,0.14943992,0.044683605,82.47619047619048,0.5766843,0.22407235,0.40063962,0.105928496,0.12523118
394,2013-04-03,2013,04,03,0.18785453,0.04758069,32.023809523809526,0.50266147,0.18012132,0.36824456,0.08590332,0.1540304
395,2013-04-04,2013,04,04,0.10370744,0.016902288,144.5,0.9156003,0.26778975,0.55745494,0.12361398,0.076383345
396,2013-04-05,2013,04,05,0.11915769,0.015539692,51.595238095238095,0.67820096,0.19239199,0.4525497,0.094775945,0.09394305
397,2013-04-06,2013,04,06,0.055823367,0.00890076,0.30952380952380953,1.3358364,0.056072365,0.7192321,0.024338523,0.040235788
398,2013-04-07,2013,04,07,0.15168475,0.020560013,54.714285714285715,0.52427596,0.12754275,0.36257392,0.06261866,0.13174456
399,2013-04-08,2013,04,08,0.16525596,0.02872984,114.95238095238095,0.3432189,0.11819986,0.2874549,0.06032916,0.14300197
400,2013-04-09,2013,04,09,0.13859622,0.017112236,214.35714285714286,0.02861118,0.036016494,0.11380345,0.023623005,0.1334513
401,2013-04-10,2013,04,10,0.14557938,0.019399699,57.42857142857143,0.10602255,0.075248405,0.15035492,0.052184545,0.13770817
402,2013-04-11,2013,04,11,0.08841342,0.010108058,29.476190476190474,0.7290426,0.22719876,0.46354517,0.104000494,0.07095546
403,2013-04-12,2013,04,12,0.15788703,0.011676888,1.4047619047619047,0.50617284,0.08614644,0.3816816,0.042883337,0.13043535
404,2013-04-13,2013,04,13,0.1634979,0.021930223,0.8095238095238095,0.3595967,0.15739876,0.3046675,0.08267469,0.14208381
405,2013-04-14,2013,04,14,0.1665079,0.017748108,4.690476190476191,0.36073995,0.10589499,0.29015687,0.052784204,0.14769891
406,2013-04-15,2013,04,15,0.098160684,0.007836868,1.4285714285714286,1.3823831,0.14255431,0.7408766,0.04927613,0.062341835
407,2013-04-16,2013,04,16,0.13391888,0.004472829,0.35714285714285715,0.26255074,0.05215116,0.25074494,0.029483344,0.11917669
408,2013-04-17,2013,04,17,0.23925266,0.0073330295,0.21428571428571427,0.4102708,0.061164875,0.33282757,0.032431077,0.20364659
409,2013-04-18,2013,04,18,0.12912172,0.017943086,58.095238095238095,0.24302359,0.10647011,0.23606305,0.055265248,0.11857344
410,2013-04-19,2013,04,19,0.16054504,0.027274426,189.73809523809524,0.21691847,0.10715866,0.21928133,0.061625782,0.14653344
411,2013-04-20,2013,04,20,0.13855311,0.024592454,133.0,0.3627517,0.13919792,0.29675543,0.07954332,0.11950782
412,2013-04-21,2013,04,21,0.12451714,0.005548623,1.4285714285714286,0.45630658,0.119091086,0.35463858,0.0621236,0.10417692
413,2013-04-22,2013,04,22,,,0.0,,,,,
414,2013-04-23,2013,04,23,0.1348774,0.025662232,4.595238095238095,0.86670506,0.27798665,0.5357901,0.11879053,0.1027477
415,2013-04-24,2013,04,24,0.1532278,0.029226642,25.738095238095237,0.69701266,0.258584,0.4634878,0.11747114,0.121362634
416,2013-04-25,2013,04,25,0.18170549,0.023793751,12.428571428571429,0.85715145,0.1716705,0.53495127,0.07215158,0.13525155
417,2013-04-26,2013,04,26,0.16010508,0.017984608,11.261904761904763,0.7103868,0.14537488,0.462496,0.07210933,0.12797612
418,2013-04-27,2013,04,27,,,0.0,,,,,
419,2013-04-28,2013,04,28,0.16546461,0.011791279,0.42857142857142855,0.8590331,0.11953957,0.54259515,0.052506797,0.12293174
420,2013-04-29,2013,04,29,0.2019501,0.027014233,5.333333333333333,0.027869029,0.07780953,0.10793382,0.0615649,0.19434793
421,2013-04-30,2013,04,30,0.16776562,0.020756265,74.52380952380952,0.1880579,0.07579786,0.20865993,0.047824305,0.15370743
422,2013-05-01,2013,05,01,0.23143739,0.030509392,1.8571428571428572,0.20534423,0.11022204,0.20238256,0.071211755,0.21156223
423,2013-05-02,2013,05,02,0.42987785,0.042642046,3.2857142857142856,0.3125481,0.104264386,0.2556105,0.055477556,0.3759193
424,2013-05-03,2013,05,03,0.23759213,0.021515649,1.0238095238095237,0.25136012,0.14032912,0.23311798,0.08764064,0.21263431
425,2013-05-04,2013,05,04,0.18590006,0.028128838,88.92857142857143,0.3582539,0.15091534,0.2953759,0.08220966,0.16310284
426,2013-05-05,2013,05,05,0.15029392,0.022155259,58.976190476190474,0.6466488,0.16404487,0.44321153,0.07978281,0.11894244
427,2013-05-06,2013,05,06,0.11725145,0.019255066,113.04761904761905,0.5833752,0.16313468,0.4067175,0.08240187,0.09611573
428,2013-05-07,2013,05,07,0.18320614,0.0663755,18.095238095238095,0.53301764,0.24046616,0.376871,0.120698154,0.15186515
429,2013-05-08,2013,05,08,0.12360869,0.042159352,13.238095238095237,0.9000165,0.3940185,0.52637935,0.17296165,0.10020067
430,2013-05-09,2013,05,09,0.08132557,0.027525991,69.9047619047619,0.97353625,0.27118027,0.5733685,0.11873579,0.062603526
431,2013-05-10,2013,05,10,0.104597725,0.016560024,109.42857142857143,0.79666513,0.22255182,0.5117576,0.10016249,0.07945331
432,2013-05-11,2013,05,11,0.07455598,0.0073745595,19.333333333333332,0.9784867,0.25676146,0.5804008,0.11390942,0.05388981
433,2013-05-12,2013,05,12,0.07889023,0.012006125,105.16666666666667,0.42123896,0.15778957,0.32543647,0.085334554,0.0679986
434,2013-05-13,2013,05,13,0.057604298,0.011449908,12.095238095238095,1.3652891,0.12427472,0.72909445,0.048217013,0.038376305
435,2013-05-14,2013,05,14,0.11245696,0.02994657,2.4285714285714284,0.6294562,0.33120382,0.4245192,0.15212476,0.09436261
436,2013-05-15,2013,05,15,0.15243132,0.028825682,97.61904761904762,0.24924067,0.11706593,0.23855959,0.06570483,0.13859086
437,2013-05-16,2013,05,16,0.17564732,0.016816366,3.1666666666666665,0.22801164,0.07992581,0.22405338,0.043791827,0.16089763
438,2013-05-17,2013,05,17,0.17493722,0.0299782,27.833333333333332,0.35343915,0.21949032,0.27565804,0.11612159,0.15319295
439,2013-05-18,2013,05,18,0.082188144,0.011439109,4.5476190476190474,1.3656181,0.2515356,0.7307197,0.09939556,0.052831437
440,2013-05-19,2013,05,19,,,0.0,,,,,
441,2013-05-20,2013,05,20,0.15342848,0.018595167,41.904761904761905,0.21460769,0.08087334,0.22565784,0.047226742,0.13931866
442,2013-05-21,2013,05,21,0.24702737,0.034538664,15.476190476190476,0.29254106,0.10230469,0.25755405,0.060270607,0.21576418
443,2013-05-22,2013,05,22,0.1859058,0.014659753,10.69047619047619,0.038906693,0.052364886,0.10991184,0.029258465,0.17745806
444,2013-05-23,2013,05,23,0.15778352,0.012461652,0.7142857142857143,0.3382146,0.07167589,0.29154408,0.042836726,0.13697179
445,2013-05-24,2013,05,24,,,0.0,,,,,
446,2013-05-25,2013,05,25,0.14513849,0.025852976,9.785714285714286,0.6257636,0.17535558,0.43265316,0.07987391,0.116964586
447,2013-05-26,2013,05,26,0.17677955,0.054594863,2.642857142857143,0.7890892,0.20571867,0.50278115,0.09123878,0.13648517
448,2013-05-27,2013,05,27,0.123432815,0.014363567,2.5952380952380953,0.8869619,0.21848392,0.540884,0.101580776,0.09001713
449,2013-05-28,2013,05,28,0.096618086,0.016338006,5.904761904761905,0.34064338,0.14780816,0.26081148,0.075443506,0.08688957
450,2013-05-29,2013,05,29,0.051469166,0.009975426,1.4523809523809523,1.3412306,0.3480841,0.7183166,0.14190675,0.03404192
451,2013-05-30,2013,05,30,,,0.0,,,,,
452,2013-05-31,2013,05,31,0.16036643,0.023393277,94.0952380952381,0.047042534,0.043349806,0.12685907,0.029249696,0.15395753
453,2013-06-01,2013,06,01,0.15498185,0.015648328,229.76190476190476,0.024105523,0.033781838,0.112554796,0.024468923,0.14939487
454,2013-06-02,2013,06,02,0.11386542,0.022557091,11.19047619047619,0.16582882,0.19328372,0.17676589,0.10546812,0.106860824
455,2013-06-03,2013,06,03,,,0.0,,,,,
456,2013-06-04,2013,06,04,0.16631179,0.08228065,0.19047619047619047,0.67533314,0.6116815,0.42717946,0.2741572,0.14053549
457,2013-06-05,2013,06,05,0.09891437,0.027383363,5.595238095238095,1.0316644,0.29431906,0.60198456,0.12508778,0.07249767
458,2013-06-06,2013,06,06,0.10015655,0.015032628,2.9761904761904763,1.0441365,0.315332,0.6083123,0.12834801,0.07101917
459,2013-06-07,2013,06,07,0.13082129,0.02042495,1.7142857142857142,0.58038527,0.19242707,0.35836366,0.10048777,0.11412618
460,2013-06-08,2013,06,08,,,0.0,,,,,
461,2013-06-09,2013,06,09,,,0.0,,,,,
462,2013-06-10,2013,06,10,,,0.0,,,,,
463,2013-06-11,2013,06,11,0.08245177,0.018476386,12.80952380952381,1.032275,0.34009662,0.60186857,0.14153276,0.059694525
464,2013-06-12,2013,06,12,0.08384635,0.014830099,17.261904761904763,0.8467814,0.3051324,0.52031857,0.13641283,0.06354169
465,2013-06-13,2013,06,13,0.119623184,0.01910056,0.19047619047619047,0.16429113,0.28506902,0.19205314,0.15944073,0.11015182
466,2013-06-14,2013,06,14,,,0.0,,,,,
467,2013-06-15,2013,06,15,,,0.023809523809523808,,,,,
468,2013-06-16,2013,06,16,0.12617688,0.021133559,8.380952380952381,0.1391664,0.116318166,0.17996295,0.06520133,0.11865743
469,2013-06-17,2013,06,17,0.10627467,0.023326032,99.47619047619048,0.06391552,0.047284123,0.13743931,0.029024191,0.10156973
470,2013-06-18,2013,06,18,0.07413157,0.015945781,31.904761904761905,0.43895605,0.17873329,0.3060452,0.090074375,0.06719441
471,2013-06-19,2013,06,19,0.06278683,0.0064287344,22.166666666666668,0.30804375,0.25695926,0.26026255,0.12801729,0.05601576
472,2013-06-20,2013,06,20,,,0.0,,,,,
473,2013-06-21,2013,06,21,0.12791054,0.018902114,1.9047619047619047,0.21400718,0.08711009,0.2218947,0.04628453,0.11795642
474,2013-06-22,2013,06,22,0.1089719,0.02418078,191.8095238095238,0.02446595,0.03686842,0.11439041,0.023669977,0.10527647
475,2013-06-23,2013,06,23,0.07339508,0.025755169,34.357142857142854,0.50057834,0.31057268,0.35453558,0.15926744,0.06379502
476,2013-06-24,2013,06,24,0.039602213,0.008073116,12.976190476190476,1.0409818,0.22150308,0.5938336,0.09586975,0.02919297
477,2013-06-25,2013,06,25,0.104275785,0.037817057,0.35714285714285715,0.60481435,0.5116658,0.37136015,0.234765,0.09689871
478,2013-06-26,2013,06,26,0.09439028,0.02305515,3.2142857142857144,0.83768463,0.26656368,0.5148128,0.11847312,0.074234985
479,2013-06-27,2013,06,27,0.13385049,0.03857268,68.97619047619048,0.4666783,0.2547436,0.33312103,0.12876958,0.11999673
480,2013-06-28,2013,06,28,0.1390544,0.035895254,45.285714285714285,0.3716205,0.28456298,0.28867957,0.14949569,0.12238103
481,2013-06-29,2013,06,29,0.118552186,0.029346757,84.14285714285714,0.8127208,0.24079494,0.50551784,0.115402356,0.0859538
482,2013-06-30,2013,06,30,0.17017747,0.00979308,4.0476190476190474,1.4044553,0.108999036,0.7492813,0.039927203,0.10723221
483,2013-07-01,2013,07,01,0.16569594,0.037428588,33.142857142857146,0.58373845,0.25721288,0.40130806,0.12860157,0.13778904
484,2013-07-02,2013,07,02,0.18788753,0.031590745,74.95238095238095,0.6543562,0.23868363,0.42629972,0.12107782,0.1513502
485,2013-07-03,2013,07,03,0.1903953,0.02756717,7.0476190476190474,0.70005465,0.17735973,0.45702496,0.08708559,0.14847073
486,2013-07-04,2013,07,04,0.17746593,0.021326236,48.80952380952381,0.59287524,0.21265337,0.40489694,0.10379993,0.1474367
487,2013-07-05,2013,07,05,,,0.0,,,,,
488,2013-07-06,2013,07,06,,,0.0,,,,,
489,2013-07-07,2013,07,07,0.15872383,0.02024423,0.19047619047619047,1.1297591,0.1405245,0.65170527,0.05252751,0.10851618
490,2013-07-08,2013,07,08,0.1134004,0.005615303,0.11904761904761904,0.87435246,0.22036682,0.5483869,0.096012644,0.0833838
491,2013-07-09,2013,07,09,0.14842379,0.016419502,22.833333333333332,1.2811444,0.16128618,0.7045121,0.06442817,0.09697793
492,2013-07-10,2013,07,10,,,0.023809523809523808,,,,,
493,2013-07-11,2013,07,11,,,0.0,,,,,
494,2013-07-12,2013,07,12,0.2125361,0.022704307,0.6904761904761905,0.99005324,0.18735197,0.5947606,0.07512275,0.15146504
495,2013-07-13,2013,07,13,0.17250557,0.02177214,1.2619047619047619,0.93051714,0.25144494,0.5664315,0.1101039,0.12394682
496,2013-07-14,2013,07,14,0.1366157,0.014933073,4.904761904761905,0.40619662,0.10046851,0.31772554,0.05544798,0.11745244
497,2013-07-15,2013,07,15,,,0.023809523809523808,,,,,
498,2013-07-16,2013,07,16,,,0.0,,,,,
499,2013-07-17,2013,07,17,0.12197248,0.032805186,0.8333333333333334,0.7492547,0.26455548,0.4820501,0.12091387,0.09620923
500,2013-07-18,2013,07,18,0.15056697,0.012901883,0.21428571428571427,1.1208332,0.27981594,0.64394385,0.11255854,0.10377316
501,2013-07-19,2013,07,19,0.097666726,0.003592413,0.14285714285714285,1.4366424,0.10133611,0.76010317,0.033664715,0.06093385
502,2013-07-20,2013,07,20,,,0.0,,,,,
503,2013-07-21,2013,07,21,0.050278056,0.011682599,2.1904761904761907,1.3325659,0.27204025,0.7147544,0.11005334,0.033381656
504,2013-07-22,2013,07,22,0.11248214,0.044592287,10.166666666666666,0.84734327,0.38391125,0.51649755,0.16283923,0.08952565
505,2013-07-23,2013,07,23,0.0678956,0.03162378,83.0952380952381,1.2324824,0.33852872,0.6724596,0.13708656,0.051942777
506,2013-07-24,2013,07,24,0.057111293,0.015265796,69.07142857142857,1.3014009,0.3248513,0.70381033,0.1318664,0.038485814
507,2013-07-25,2013,07,25,0.045110945,0.010430941,37.166666666666664,1.3830565,0.20521182,0.73135936,0.085423745,0.029483767
508,2013-07-26,2013,07,26,0.052412365,0.010804161,17.642857142857142,1.1582117,0.2597168,0.6504618,0.10787981,0.036392994
509,2013-07-27,2013,07,27,,,0.0,,,,,
510,2013-07-28,2013,07,28,,,0.0,,,,,
511,2013-07-29,2013,07,29,0.1628733,0.009114258,1.2619047619047619,0.7887476,0.084310055,0.51033515,0.037083603,0.123663165
512,2013-07-30,2013,07,30,0.15266687,0.021524733,5.119047619047619,1.0974164,0.25044522,0.63475806,0.10158822,0.10565157
513,2013-07-31,2013,07,31,0.075688764,0.0056153834,0.47619047619047616,1.4700333,0.12495047,0.7702086,0.043772064,0.047009375
514,2013-08-01,2013,08,01,,,0.0,,,,,
515,2013-08-02,2013,08,02,,,0.023809523809523808,,,,,
516,2013-08-03,2013,08,03,,,0.0,,,,,
517,2013-08-04,2013,08,04,0.22291677,0.015767269,0.6190476190476191,1.1630484,0.13231674,0.6639216,0.04994438,0.15075509
518,2013-08-05,2013,08,05,0.081516005,0.0067917593,6.023809523809524,1.0818986,0.16592553,0.621574,0.06863359,0.056782864
519,2013-08-06,2013,08,06,0.04266278,0.01483402,1.9761904761904763,1.5490848,0.016825052,0.79745156,0.005605567,0.025939258
520,2013-08-07,2013,08,07,0.09294308,0.044273697,3.6904761904761907,0.8127587,0.31754208,0.5052093,0.1326949,0.07589233
521,2013-08-08,2013,08,08,0.09312677,0.019131089,1.4761904761904763,0.99789333,0.2658413,0.58932847,0.112049244,0.06769365
522,2013-08-09,2013,08,09,0.10018096,0.019652234,10.357142857142858,1.1604829,0.2931303,0.6489515,0.1177004,0.068753004
523,2013-08-10,2013,08,10,0.04787489,0.014177717,9.785714285714286,0.9054507,0.46020192,0.5248367,0.20706378,0.03701416
524,2013-08-11,2013,08,11,0.058646936,0.019729655,6.880952380952381,0.64110744,0.3461849,0.3994251,0.16034064,0.04963223
525,2013-08-12,2013,08,12,0.081003845,0.029985264,3.9761904761904763,0.71756566,0.41024888,0.44686407,0.17614469,0.06610412
526,2013-08-13,2013,08,13,0.0569138,0.017860046,62.88095238095238,0.877224,0.27755865,0.53144944,0.12153981,0.044364244
527,2013-08-14,2013,08,14,0.07378931,0.00664328,1.5238095238095237,0.86789864,0.24913906,0.53622174,0.110154524,0.055437643
528,2013-08-15,2013,08,15,0.082005404,0.008796112,2.4047619047619047,1.0031098,0.20821922,0.59043837,0.08624602,0.059029464
529,2013-08-16,2013,08,16,0.07956295,0.016627606,7.523809523809524,1.0837077,0.26377067,0.6126669,0.11351962,0.057149112
530,2013-08-17,2013,08,17,0.06615853,0.011474634,0.8333333333333334,1.4564239,0.20340249,0.7623757,0.07976889,0.041504674
531,2013-08-18,2013,08,18,0.118773125,0.009168433,0.3333333333333333,0.83270496,0.06662547,0.5329272,0.028957943,0.088540785
532,2013-08-19,2013,08,19,0.08607246,0.01809004,10.547619047619047,1.051582,0.2750813,0.6128113,0.11147515,0.06140969
533,2013-08-20,2013,08,20,0.07478045,0.014375408,94.78571428571429,1.3077744,0.2385583,0.7097415,0.09345501,0.04880375
534,2013-08-21,2013,08,21,0.08845919,0.0141401235,47.023809523809526,1.3657418,0.16038905,0.7323712,0.061203215,0.05718478
535,2013-08-22,2013,08,22,0.13214503,0.018433744,2.9761904761904763,1.2894802,0.12050345,0.7076422,0.0438087,0.08645987
536,2013-08-23,2013,08,23,,,0.0,,,,,
537,2013-08-24,2013,08,24,0.104372375,0.017294232,0.09523809523809523,0.53066415,0.06718496,0.39265135,0.031699974,0.0860173
538,2013-08-25,2013,08,25,0.06141914,0.008779573,8.214285714285714,0.9707124,0.30388066,0.56824225,0.13584962,0.04431095
539,2013-08-26,2013,08,26,0.05868203,0.008350876,23.357142857142858,0.42351294,0.25466603,0.32813433,0.13078535,0.048818324
540,2013-08-27,2013,08,27,0.04682061,0.01316642,19.833333333333332,0.8402042,0.193533,0.49423486,0.086449265,0.037099652
541,2013-08-28,2013,08,28,0.056522157,0.028884375,4.595238095238095,0.7612577,0.37144598,0.46061018,0.16662584,0.05083842
542,2013-08-29,2013,08,29,0.058101207,0.020389503,45.42857142857143,0.7255996,0.25166833,0.4548767,0.11628387,0.04819646
543,2013-08-30,2013,08,30,0.107506104,0.0124338,2.4047619047619047,0.8741557,0.2473864,0.5433299,0.1079573,0.08005229
544,2013-08-31,2013,08,31,0.13259605,0.024430927,6.428571428571429,0.7366372,0.27466905,0.4736107,0.12918904,0.10564033
545,2013-09-01,2013,09,01,0.105375335,0.01644339,18.714285714285715,0.8938191,0.2992376,0.53777826,0.13544472,0.078879505
546,2013-09-02,2013,09,02,0.12160394,0.034154274,7.380952380952381,1.4987562,0.2176789,0.7828492,0.0831231,0.07394954
547,2013-09-03,2013,09,03,0.074909665,0.023649082,24.357142857142858,1.1290566,0.25381017,0.63250184,0.10673415,0.054159548
548,2013-09-04,2013,09,04,0.056674555,0.018030098,257.23809523809524,1.0858663,0.27532163,0.6141318,0.118709415,0.04192906
549,2013-09-05,2013,09,05,0.08452012,0.015547636,219.97619047619048,0.44392934,0.22429807,0.3399814,0.11503693,0.07222436
550,2013-09-06,2013,09,06,0.10043157,0.013743981,64.02380952380952,0.08036188,0.08520928,0.1434985,0.05155981,0.09518666
551,2013-09-07,2013,09,07,0.12107655,0.018660609,22.761904761904763,0.38920695,0.12739538,0.2968916,0.071158595,0.10705406
552,2013-09-08,2013,09,08,0.10251043,0.02034233,22.238095238095237,0.7678748,0.21953326,0.49414536,0.092179395,0.07898395
553,2013-09-09,2013,09,09,0.062112633,0.020860128,107.80952380952381,0.9088126,0.27650097,0.5508742,0.11952628,0.047213536
554,2013-09-10,2013,09,10,0.057620216,0.013196125,97.73809523809524,0.9343122,0.31394988,0.55614275,0.14177085,0.0436993
555,2013-09-11,2013,09,11,0.051528078,0.012640593,140.9047619047619,0.99518716,0.30536273,0.58707,0.13687317,0.037638184
556,2013-09-12,2013,09,12,0.057605375,0.012599933,118.71428571428571,1.0936269,0.23001638,0.62484664,0.097499564,0.04052826
557,2013-09-13,2013,09,13,0.052005123,0.013705624,4.214285714285714,1.3087915,0.09889732,0.7064587,0.039540377,0.03775719
558,2013-09-14,2013,09,14,0.12811854,0.016899798,12.214285714285714,0.80897254,0.16316119,0.51339996,0.0705079,0.097734705
559,2013-09-15,2013,09,15,0.06201525,0.014790962,97.42857142857143,0.83556825,0.29827872,0.51557124,0.13225175,0.048143677
560,2013-09-16,2013,09,16,0.06751432,0.010189553,94.33333333333333,0.40364632,0.22503155,0.32073182,0.1189874,0.057195906
561,2013-09-17,2013,09,17,0.08168409,0.012270147,70.26190476190476,0.15373291,0.13466007,0.18693516,0.074007705,0.075468
562,2013-09-18,2013,09,18,0.106177524,0.012436711,13.404761904761905,0.56695014,0.12920581,0.39672154,0.06212594,0.08677503
563,2013-09-19,2013,09,19,0.11583146,0.017708939,49.88095238095238,0.41560447,0.09488383,0.334559,0.048313092,0.09851497
564,2013-09-20,2013,09,20,0.0710597,0.011911721,115.04761904761905,0.5712072,0.18947266,0.40621287,0.094146304,0.058162514
565,2013-09-21,2013,09,21,0.05891158,0.010176427,141.42857142857142,0.83803225,0.2640297,0.52135086,0.120205075,0.04501695
566,2013-09-22,2013,09,22,0.07898072,0.01066273,84.0,0.17267099,0.10914807,0.19780964,0.060552232,0.072225295
567,2013-09-23,2013,09,23,0.09740866,0.010343784,56.357142857142854,0.054053225,0.042717174,0.13177094,0.026704337,0.09286164
568,2013-09-24,2013,09,24,0.05381247,0.016933281,3.4047619047619047,1.0304503,0.17867039,0.57280666,0.07011161,0.04629029
569,2013-09-25,2013,09,25,0.11166175,0.024272589,34.023809523809526,0.30387533,0.12572901,0.2733595,0.067811415,0.09810702
570,2013-09-26,2013,09,26,0.11946871,0.021813467,65.97619047619048,0.18647768,0.105999835,0.20489408,0.06002097,0.109203205
571,2013-09-27,2013,09,27,0.12667823,0.016427979,49.30952380952381,0.050130118,0.064090334,0.120507345,0.03591277,0.12023836
572,2013-09-28,2013,09,28,0.094764814,0.009269877,113.30952380952381,0.19817789,0.08206369,0.21356912,0.045759212,0.087062694
573,2013-09-29,2013,09,29,0.14742419,0.027669948,159.92857142857142,0.14254951,0.11736497,0.17267516,0.063218646,0.13943407
574,2013-09-30,2013,09,30,0.08174559,0.013596101,89.83333333333333,0.2795322,0.11727846,0.2561294,0.06119076,0.073941275
575,2013-10-01,2013,10,01,0.08509348,0.012262411,56.45238095238095,0.42404595,0.17969856,0.33241788,0.09206636,0.07246491
576,2013-10-02,2013,10,02,0.09372649,0.012597739,18.404761904761905,0.43108076,0.15253937,0.3393899,0.07892087,0.07888263
577,2013-10-03,2013,10,03,0.17087248,0.013060373,17.595238095238095,0.13808195,0.06728345,0.17315957,0.039297655,0.15772441
578,2013-10-04,2013,10,04,0.14042802,0.021098938,13.476190476190476,0.0012010187,0.03535226,0.09037149,0.02643392,0.13617489
579,2013-10-05,2013,10,05,0.11283656,0.017679324,102.57142857142857,0.13137186,0.07823907,0.17580485,0.043421313,0.10588749
580,2013-10-06,2013,10,06,0.12857433,0.023967138,39.73809523809524,0.14629307,0.088322595,0.18325719,0.052734885,0.11965371
581,2013-10-07,2013,10,07,0.09289674,0.012307416,102.0952380952381,0.45677376,0.15836576,0.350768,0.081789635,0.077709645
582,2013-10-08,2013,10,08,0.12714633,0.013166198,24.952380952380953,0.43879062,0.11512595,0.33764938,0.058699246,0.10752515
583,2013-10-09,2013,10,09,0.14381118,0.01652776,24.11904761904762,0.69852996,0.10648996,0.46552983,0.04735871,0.11273705
584,2013-10-10,2013,10,10,0.17190447,0.01932453,50.07142857142857,0.3269457,0.10199752,0.27693272,0.049140956,0.15386638
585,2013-10-11,2013,10,11,0.120400384,0.017689103,79.52380952380952,0.45895845,0.12809142,0.3530745,0.06267868,0.1020808
586,2013-10-12,2013,10,12,0.077951714,0.0136193605,31.642857142857142,0.84434605,0.27264518,0.5254901,0.11830468,0.059309408
587,2013-10-13,2013,10,13,0.12785749,0.012688875,9.095238095238095,0.9022279,0.152112,0.5575339,0.06444832,0.09378736
588,2013-10-14,2013,10,14,0.111878395,0.011364302,7.333333333333333,0.21131933,0.09177104,0.21652372,0.050689377,0.102081954
589,2013-10-15,2013,10,15,0.12258258,0.010824673,33.04761904761905,0.29786614,0.069427945,0.27000418,0.038230997,0.107941866
590,2013-10-16,2013,10,16,0.1368261,0.017381586,56.57142857142857,0.29512528,0.08731897,0.26753774,0.04862869,0.1219684
591,2013-10-17,2013,10,17,0.084955834,0.013636934,112.11904761904762,0.72800475,0.21423765,0.47612026,0.09852113,0.06691812
592,2013-10-18,2013,10,18,0.08156339,0.015400881,144.1904761904762,0.8075481,0.22364277,0.51158804,0.102700055,0.0623859
593,2013-10-19,2013,10,19,0.14387012,0.04638936,11.214285714285714,0.6839383,0.2240979,0.44836465,0.105901755,0.1138969
594,2013-10-20,2013,10,20,0.15959255,0.021433713,3.857142857142857,0.815193,0.17655219,0.51866776,0.08415642,0.12155416
595,2013-10-21,2013,10,21,0.17562456,0.01238848,1.1428571428571428,0.7419979,0.09631959,0.49153122,0.04320028,0.13532448
596,2013-10-22,2013,10,22,0.10795248,0.019875063,3.9761904761904763,0.91377187,0.23512958,0.55689853,0.10408758,0.07925683
597,2013-10-23,2013,10,23,0.06303057,0.008694257,7.4523809523809526,1.2100462,0.2694984,0.671247,0.110236116,0.04350416
598,2013-10-24,2013,10,24,0.050666977,0.009159815,111.16666666666667,1.187953,0.22535786,0.6676639,0.0908791,0.03464808
599,2013-10-25,2013,10,25,0.10611652,0.037542682,27.666666666666668,0.8149786,0.25650364,0.49948728,0.11381302,0.08565265
600,2013-10-26,2013,10,26,0.052610908,0.012809143,9.380952380952381,1.3209574,0.2640731,0.7096295,0.10732719,0.03528696
601,2013-10-27,2013,10,27,0.05189499,0.0074772565,14.19047619047619,1.0939175,0.22853619,0.6200995,0.09294698,0.037440784
602,2013-10-28,2013,10,28,0.04453942,0.009757499,33.785714285714285,1.0592664,0.2826494,0.61025673,0.118791305,0.032110106
603,2013-10-29,2013,10,29,0.08276568,0.011038703,64.26190476190476,0.570421,0.15210448,0.384465,0.07124749,0.07064116
604,2013-10-30,2013,10,30,0.12338937,0.017723687,55.714285714285715,0.37832022,0.108470775,0.31106412,0.05629446,0.10760976
605,2013-10-31,2013,10,31,0.12927327,0.018541416,51.23809523809524,0.48403397,0.1281246,0.3662858,0.061967917,0.10849328
606,2013-11-01,2013,11,01,0.08957716,0.01564014,57.523809523809526,0.63318634,0.13336678,0.4397454,0.06263312,0.07135113
607,2013-11-02,2013,11,02,0.06885341,0.012324511,62.833333333333336,0.80589277,0.24781212,0.5119984,0.11224185,0.052398216
608,2013-11-03,2013,11,03,0.08620803,0.008678534,15.547619047619047,0.7049623,0.14391537,0.45426744,0.063944556,0.07046865
609,2013-11-04,2013,11,04,0.156836,0.011187823,4.142857142857143,0.1558293,0.075207874,0.1901088,0.04012676,0.14402226
610,2013-11-05,2013,11,05,0.16682546,0.012474214,87.88095238095238,0.07137117,0.02297514,0.14198346,0.013515598,0.1585279
611,2013-11-06,2013,11,06,0.12614551,0.023468891,82.61904761904762,0.28941268,0.07207537,0.26746246,0.04003267,0.11186884
612,2013-11-07,2013,11,07,0.0898087,0.022553526,95.92857142857143,0.32288235,0.15012945,0.28121448,0.0806886,0.07974771
613,2013-11-08,2013,11,08,0.06066934,0.014623468,102.35714285714286,0.5188323,0.21832147,0.3721028,0.10814836,0.05132824
614,2013-11-09,2013,11,09,0.04373076,0.005662203,71.54761904761905,1.086734,0.19442368,0.62903076,0.080746,0.030446056
615,2013-11-10,2013,11,10,0.09721896,0.027644139,77.95238095238095,0.70247555,0.26301408,0.46077856,0.12337439,0.077820815
616,2013-11-11,2013,11,11,0.095899925,0.029693007,111.5,0.50970894,0.20463078,0.36745965,0.09829531,0.082914375
617,2013-11-12,2013,11,12,0.074845724,0.022502135,108.57142857142857,0.38179734,0.2055769,0.30984673,0.106281266,0.06629961
618,2013-11-13,2013,11,13,0.07092286,0.015311194,170.14285714285714,0.17491245,0.07838206,0.190555,0.039957955,0.06621694
619,2013-11-14,2013,11,14,0.09101581,0.012960073,134.45238095238096,-0.00016480291,0.0035111874,0.09987394,0.0025451835,0.08844934
620,2013-11-15,2013,11,15,0.1469924,0.015566167,40.54761904761905,0.15995118,0.0734516,0.18853536,0.04519797,0.13756128
621,2013-11-16,2013,11,16,0.11365154,0.020004727,24.452380952380953,0.4621301,0.14769986,0.3547739,0.07281522,0.09630768
622,2013-11-17,2013,11,17,0.05462145,0.014068242,26.80952380952381,0.8783769,0.23507063,0.54170847,0.100907564,0.041319646
623,2013-11-18,2013,11,18,0.049260657,0.014955955,40.404761904761905,0.8277754,0.33737835,0.51010174,0.15002836,0.039681047
624,2013-11-19,2013,11,19,0.057053506,0.017916206,30.11904761904762,0.92307264,0.32637608,0.5389142,0.14121066,0.0455727
625,2013-11-20,2013,11,20,0.08035105,0.028871823,57.69047619047619,0.5931463,0.28929234,0.398273,0.13892104,0.067981824
626,2013-11-21,2013,11,21,0.1174453,0.024615634,38.333333333333336,0.4432413,0.18660626,0.32873452,0.089149885,0.10463754
627,2013-11-22,2013,11,22,0.20397279,0.016093105,34.80952380952381,0.19194736,0.045543805,0.21231668,0.024826897,0.18610835
628,2013-11-23,2013,11,23,0.08452319,0.014331523,87.57142857142857,0.32709005,0.09621743,0.28509757,0.05102524,0.07463732
629,2013-11-24,2013,11,24,0.09651222,0.019455679,62.714285714285715,0.44494045,0.17422709,0.34292758,0.0894765,0.08206393
630,2013-11-25,2013,11,25,0.076364614,0.026726017,17.476190476190474,0.6569446,0.2918527,0.43854436,0.13725297,0.061887253
631,2013-11-26,2013,11,26,0.05012379,0.014295616,73.64285714285714,0.9482957,0.28127152,0.56820494,0.121358566,0.037105307
632,2013-11-27,2013,11,27,0.047579966,0.010718891,86.42857142857143,0.7367054,0.19813968,0.47504225,0.089692324,0.03793077
633,2013-11-28,2013,11,28,0.10352515,0.02101615,89.19047619047619,0.1360819,0.07716461,0.17828695,0.043349944,0.09717969
634,2013-11-29,2013,11,29,0.06357048,0.016228493,129.9047619047619,0.26269782,0.17116104,0.24565527,0.09146342,0.057384145
635,2013-11-30,2013,11,30,0.073274404,0.011651817,19.428571428571427,0.5707263,0.16905613,0.40629563,0.08177195,0.059397005
636,2013-12-01,2013,12,01,0.13081513,0.021273397,12.880952380952381,0.1498054,0.09817516,0.18765981,0.057011493,0.12133485
637,2013-12-02,2013,12,02,0.12467727,0.02660799,58.142857142857146,0.16046312,0.0925397,0.19187221,0.054139163,0.114975266
638,2013-12-03,2013,12,03,0.082042605,0.020508645,19.023809523809526,0.21478814,0.10355809,0.22372568,0.058250908,0.075137086
639,2013-12-04,2013,12,04,0.08808365,0.016783932,20.595238095238095,0.39093962,0.17235132,0.3066552,0.08440979,0.07902971
640,2013-12-05,2013,12,05,0.09277659,0.015050652,39.80952380952381,0.2617394,0.11253918,0.2496936,0.061994724,0.08349312
641,2013-12-06,2013,12,06,0.0736592,0.011729949,27.5,0.7786068,0.19158508,0.49676868,0.08626299,0.057029463
642,2013-12-07,2013,12,07,0.08344703,0.014591697,48.642857142857146,0.5804271,0.15652893,0.41026402,0.07432721,0.06841819
643,2013-12-08,2013,12,08,0.100804806,0.025614506,41.404761904761905,0.35956568,0.1448023,0.2975694,0.07481117,0.08967207
644,2013-12-09,2013,12,09,0.08386579,0.017816946,15.595238095238095,0.44302553,0.2097432,0.33436075,0.10110006,0.07332116
645,2013-12-10,2013,12,10,0.056103345,0.013320287,71.19047619047619,0.36916092,0.18878062,0.3028932,0.096596204,0.04848763
646,2013-12-11,2013,12,11,0.04412918,0.007137368,118.97619047619048,0.5215315,0.20519266,0.377055,0.10008545,0.036590848
647,2013-12-12,2013,12,12,0.09154648,0.020326361,13.904761904761905,0.41966566,0.1532817,0.32977468,0.07833622,0.07940933
648,2013-12-13,2013,12,13,0.11017933,0.023142112,0.4523809523809524,0.34642306,0.06124742,0.29932597,0.032968793,0.096192084
649,2013-12-14,2013,12,14,0.052555386,0.008468267,4.5,0.23691003,0.123802856,0.22954775,0.06612621,0.048059624
650,2013-12-15,2013,12,15,0.06493033,0.021458134,105.47619047619048,0.19598429,0.16200115,0.21251269,0.08999797,0.059702784
651,2013-12-16,2013,12,16,0.09364516,0.0248428,59.61904761904762,0.1744792,0.1586494,0.19678871,0.08681676,0.0871609
652,2013-12-17,2013,12,17,0.10532707,0.034374304,20.38095238095238,0.43989176,0.16598473,0.33472428,0.08348986,0.09037808
653,2013-12-18,2013,12,18,0.100146994,0.0038175732,0.35714285714285715,0.11655174,0.073569424,0.17004322,0.043695934,0.09372145
654,2013-12-19,2013,12,19,0.15654732,0.017642803,25.761904761904763,0.15354168,0.058055498,0.1902445,0.03286561,0.14553212
655,2013-12-20,2013,12,20,0.16863082,0.018050298,8.30952380952381,0.1258,0.055128973,0.1753512,0.032500982,0.15737832
656,2013-12-21,2013,12,21,0.104613535,0.0072700744,5.5476190476190474,0.18978326,0.058510493,0.20510589,0.030786147,0.09701799
657,2013-12-22,2013,12,22,0.06278198,0.010132094,1.880952380952381,1.0022846,0.23221572,0.57945806,0.09563292,0.0471312
658,2013-12-23,2013,12,23,0.0932612,0.020237397,48.23809523809524,0.4057571,0.15790664,0.32168815,0.08186923,0.08013434
659,2013-12-24,2013,12,24,0.13487756,0.031607702,73.02380952380952,0.05802681,0.053075533,0.13201176,0.03266165,0.1283231
660,2013-12-25,2013,12,25,0.14819932,0.025666265,16.80952380952381,0.07812716,0.06471033,0.14133035,0.03611745,0.14071654
661,2013-12-26,2013,12,26,0.060407747,0.017538276,199.21428571428572,0.16021386,0.17510894,0.18766545,0.0932744,0.056250345
662,2013-12-27,2013,12,27,0.09151349,0.038588993,74.45238095238095,0.27032185,0.26489377,0.24118961,0.13598314,0.08415246
663,2013-12-28,2013,12,28,0.081638314,0.026333377,164.4047619047619,0.4490476,0.19649908,0.33330074,0.09532254,0.073558465
664,2013-12-29,2013,12,29,0.11048011,0.014262277,80.71428571428571,0.09533563,0.054729864,0.15723969,0.03259038,0.10431927
665,2013-12-30,2013,12,30,0.08837752,0.018117512,77.28571428571429,0.14576748,0.072903804,0.1850795,0.042136613,0.08292965
666,2013-12-31,2013,12,31,0.064563856,0.0146490885,177.6904761904762,0.22120878,0.14106457,0.22618847,0.076783426,0.059404064
667,2014-01-01,2014,01,01,0.1191996,0.017513923,10.833333333333334,0.12144097,0.13730817,0.16660082,0.07751692,0.1116717
668,2014-01-02,2014,01,02,0.1384237,0.044234693,1.5,0.21824098,0.17024207,0.22098248,0.10011198,0.1254967
669,2014-01-03,2014,01,03,0.20361397,0.034788463,2.1904761904761907,0.22216466,0.09480068,0.21620552,0.052508675,0.18291958
670,2014-01-04,2014,01,04,0.07804761,0.024582261,136.64285714285714,0.41603503,0.16870916,0.33061215,0.088135496,0.066849425
671,2014-01-05,2014,01,05,0.04947667,0.020657722,246.47619047619048,0.27888075,0.23661897,0.25244868,0.12420082,0.045003854
672,2014-01-06,2014,01,06,0.048644807,0.012586856,132.66666666666666,0.5115693,0.25395256,0.3651601,0.12487911,0.04190498
673,2014-01-07,2014,01,07,0.07434162,0.023798797,81.45238095238095,0.6175897,0.31595716,0.4143635,0.15150785,0.06318414
674,2014-01-08,2014,01,08,0.09156526,0.03268809,84.88095238095238,0.29622704,0.16146854,0.26657218,0.0870557,0.08233642
675,2014-01-09,2014,01,09,0.121082574,0.012753153,43.976190476190474,0.05817646,0.03580347,0.13474207,0.020978106,0.11617099
676,2014-01-10,2014,01,10,0.1004834,0.014646751,150.85714285714286,0.0068611675,0.012118317,0.10430047,0.0072722374,0.09754705
677,2014-01-11,2014,01,11,0.05975853,0.011429188,106.47619047619048,0.1371389,0.13166748,0.17910466,0.07350256,0.055393185
678,2014-01-12,2014,01,12,0.10342637,0.01956774,79.14285714285714,0.0044731214,0.013701055,0.102431,0.009118133,0.100316636
679,2014-01-13,2014,01,13,0.15673095,0.017493898,87.07142857142857,0.03148493,0.029337104,0.11764842,0.019906932,0.15127102
680,2014-01-14,2014,01,14,0.09517292,0.025364487,189.66666666666666,0.22954747,0.11106091,0.22620194,0.057879537,0.08890413
681,2014-01-15,2014,01,15,0.06419873,0.023971338,180.88095238095238,0.32808,0.18011208,0.28251702,0.0938061,0.057799518
682,2014-01-16,2014,01,16,0.032827787,0.009152531,384.14285714285717,0.61456424,0.25350088,0.42345405,0.119221985,0.027280672
683,2014-01-17,2014,01,17,0.11202894,0.039473467,51.714285714285715,0.48300153,0.31259906,0.34923044,0.14947473,0.09559738
684,2014-01-18,2014,01,18,0.08889203,0.041906636,98.85714285714286,0.78164256,0.32725024,0.48725176,0.15003856,0.07216782
685,2014-01-19,2014,01,19,0.052751813,0.023617186,192.11904761904762,0.86655736,0.32272965,0.5288986,0.14284492,0.04181446
686,2014-01-20,2014,01,20,0.15171835,0.021634392,7.857142857142857,0.24348158,0.09758771,0.2319436,0.054280397,0.13576306
687,2014-01-21,2014,01,21,0.055334076,0.020433858,172.23809523809524,0.7250809,0.32406548,0.456529,0.14829369,0.047975767
688,2014-01-22,2014,01,22,0.07734327,0.030025903,110.73809523809524,0.43733987,0.3180037,0.32764214,0.1560438,0.06868988
689,2014-01-23,2014,01,23,0.09338362,0.030845951,52.404761904761905,0.475124,0.25460944,0.3481295,0.12714875,0.081726536
690,2014-01-24,2014,01,24,0.08926968,0.023138477,71.21428571428571,0.48933187,0.17815593,0.3645976,0.09111571,0.07593636
691,2014-01-25,2014,01,25,0.11941925,0.032889288,6.476190476190476,0.49784315,0.19432312,0.3544072,0.09383941,0.10361827
692,2014-01-26,2014,01,26,0.09161966,0.02332411,12.404761904761905,0.6106008,0.24232689,0.4175086,0.11531607,0.07598678
693,2014-01-27,2014,01,27,0.101345904,0.026237218,20.642857142857142,0.41238645,0.23158926,0.31881142,0.11418424,0.08774925
694,2014-01-28,2014,01,28,0.06266846,0.013723904,54.45238095238095,0.4032221,0.17988603,0.3116476,0.09034831,0.05389599
695,2014-01-29,2014,01,29,0.12479308,0.011261454,0.2857142857142857,0.4930695,0.088917784,0.375077,0.04380864,0.10344752
696,2014-01-30,2014,01,30,0.10147925,0.03913627,0.6666666666666666,0.80937517,0.22076277,0.510899,0.094386145,0.079005994
697,2014-01-31,2014,01,31,0.069072835,0.019014683,56.61904761904762,0.43147415,0.17000516,0.33561763,0.08492577,0.059042893
698,2014-02-01,2014,02,01,0.07417095,0.01480989,308.9047619047619,0.052883953,0.04711588,0.13005298,0.02695414,0.07086961
699,2014-02-02,2014,02,02,0.10040624,0.024783436,69.80952380952381,0.13481988,0.08784612,0.17101009,0.052655686,0.09379789
700,2014-02-03,2014,02,03,0.1300636,0.026495159,10.0,0.31915963,0.11050715,0.27334467,0.061554298,0.1151564
701,2014-02-04,2014,02,04,,,0.0,,,,,
702,2014-02-05,2014,02,05,0.09850814,0.012521803,1.1666666666666667,0.31219923,0.099377744,0.27922913,0.053820588,0.08713532
703,2014-02-06,2014,02,06,0.07541155,0.014632599,16.071428571428573,0.6580519,0.18864866,0.44263977,0.08730016,0.060216073
704,2014-02-07,2014,02,07,0.081784286,0.024893383,13.547619047619047,0.565692,0.3464626,0.38811097,0.16508356,0.06937929
705,2014-02-08,2014,02,08,0.083457954,0.0423216,12.238095238095237,0.89447755,0.3978267,0.5298963,0.17606817,0.06726099
706,2014-02-09,2014,02,09,0.11914863,0.042321835,6.904761904761905,0.7189673,0.32525012,0.45932668,0.14393954,0.097228
707,2014-02-10,2014,02,10,0.0793928,0.014961928,1.9761904761904763,0.942475,0.24761428,0.5509437,0.106701225,0.06448999
708,2014-02-11,2014,02,11,0.081452765,0.015967924,232.78571428571428,0.0982569,0.067639634,0.15785155,0.039588045,0.077097386
709,2014-02-12,2014,02,12,0.06408061,0.015695922,257.07142857142856,0.020438703,0.0411698,0.112121485,0.024717312,0.06178704
710,2014-02-13,2014,02,13,0.07786398,0.022940708,96.0952380952381,0.08703661,0.085877046,0.14784054,0.050639123,0.07424338
711,2014-02-14,2014,02,14,0.11974778,0.03963131,69.85714285714286,0.058166143,0.06230468,0.12970169,0.03697803,0.11295214
712,2014-02-15,2014,02,15,0.15391427,0.05520363,60.333333333333336,0.13934988,0.14423798,0.1680066,0.0858861,0.14708208
713,2014-02-16,2014,02,16,0.1613906,0.029149491,9.404761904761905,0.25908226,0.11585586,0.23726194,0.06390233,0.1448133
714,2014-02-17,2014,02,17,0.07643598,0.016929764,138.73809523809524,0.1887679,0.1241985,0.20518002,0.06912051,0.070251755
715,2014-02-18,2014,02,18,0.09544036,0.018341087,0.4523809523809524,0.37820533,0.1370362,0.31120566,0.07774429,0.08273969
716,2014-02-19,2014,02,19,0.24635045,0.03796437,1.8571428571428572,0.20066793,0.1017423,0.20425941,0.057824925,0.22456247
717,2014-02-20,2014,02,20,0.22459404,0.039557654,34.30952380952381,0.17841038,0.08524864,0.19511,0.05392998,0.20498218
718,2014-02-21,2014,02,21,0.19338697,0.032417793,38.785714285714285,0.15087308,0.08501029,0.1825487,0.054748256,0.17892759
719,2014-02-22,2014,02,22,0.14052162,0.03111604,82.57142857142857,0.17223549,0.09674319,0.19584903,0.054464184,0.12770036
720,2014-02-23,2014,02,23,0.09190374,0.023949223,144.57142857142858,0.22074595,0.130004,0.22176051,0.07063127,0.08475994
721,2014-02-24,2014,02,24,0.089516126,0.02299738,53.80952380952381,0.4919395,0.1925217,0.35262015,0.09846167,0.07760835
722,2014-02-25,2014,02,25,0.12509055,0.04275144,82.83333333333333,0.43515047,0.22070128,0.33235672,0.1104141,0.10820702
723,2014-02-26,2014,02,26,0.14603359,0.030369118,66.28571428571429,0.38326496,0.15346347,0.30841774,0.08118355,0.12801075
724,2014-02-27,2014,02,27,0.09579871,0.03639922,52.07142857142857,0.2916069,0.19738652,0.25819585,0.1119463,0.08867152
725,2014-02-28,2014,02,28,0.15768166,0.02832673,105.5,0.048643842,0.06794632,0.12177791,0.04191934,0.15046069
726,2014-03-01,2014,03,01,0.10259719,0.018514918,156.42857142857142,0.02606969,0.043111082,0.11520422,0.025774822,0.098786905
727,2014-03-02,2014,03,02,0.096315295,0.035121538,150.3095238095238,0.31169784,0.19647953,0.27110454,0.100405976,0.08552191
728,2014-03-03,2014,03,03,0.11060602,0.033067215,83.76190476190476,0.2726911,0.1849152,0.25239152,0.09784554,0.10016129
729,2014-03-04,2014,03,04,0.11348672,0.02921178,42.42857142857143,0.35780352,0.1796736,0.29781663,0.0932708,0.09995003
730,2014-03-05,2014,03,05,0.05682718,0.019505197,209.07142857142858,0.3540381,0.27756727,0.29288092,0.14387588,0.05012389
731,2014-03-06,2014,03,06,0.17400222,0.027998578,1.2857142857142858,0.18958077,0.124546885,0.19046912,0.07210659,0.15651391
732,2014-03-07,2014,03,07,0.119819656,0.02286366,188.07142857142858,0.06734442,0.07086605,0.13274162,0.042936936,0.11330657
733,2014-03-08,2014,03,08,0.108103946,0.024627948,80.0952380952381,0.12347211,0.08382894,0.17067283,0.047537703,0.10201535
734,2014-03-09,2014,03,09,0.09482158,0.02440288,171.14285714285714,0.23211625,0.12860288,0.22934255,0.06712846,0.0876008
735,2014-03-10,2014,03,10,0.06388892,0.015809232,271.4761904761905,0.4131675,0.18109204,0.32953492,0.09187681,0.054934483
736,2014-03-11,2014,03,11,0.098872595,0.021597972,132.66666666666666,0.19099572,0.13187085,0.20496485,0.0754955,0.09164075
737,2014-03-12,2014,03,12,0.097950205,0.0067376737,3.8333333333333335,0.3043819,0.11984536,0.27153268,0.065451324,0.08634318
738,2014-03-13,2014,03,13,0.12113187,0.040776312,46.57142857142857,0.31223917,0.14813107,0.27466133,0.081444785,0.10681312
739,2014-03-14,2014,03,14,0.0690511,0.017292555,146.0,0.60607135,0.20577514,0.4049687,0.09187488,0.059502423
740,2014-03-15,2014,03,15,0.07678054,0.010047402,356.8809523809524,0.38919267,0.117953576,0.3174746,0.05936349,0.06786203
741,2014-03-16,2014,03,16,0.08941326,0.015988989,283.42857142857144,0.42289707,0.19549976,0.3314496,0.10283808,0.07700111
742,2014-03-17,2014,03,17,0.08905159,0.013057642,180.66666666666666,0.28674498,0.090291455,0.25609833,0.051790275,0.08033139
743,2014-03-18,2014,03,18,0.12008612,0.0069270767,0.6904761904761905,0.024551943,0.0382255,0.11497897,0.023045545,0.115575865
744,2014-03-19,2014,03,19,0.34425825,0.062371556,0.19047619047619047,0.41239792,0.03760889,0.3200341,0.020771062,0.28845075
745,2014-03-20,2014,03,20,0.1629736,0.024843799,0.47619047619047616,0.72551346,0.096826196,0.47613305,0.04181713,0.12916566
746,2014-03-21,2014,03,21,0.12973435,0.014003861,1.8333333333333333,0.47025836,0.16744429,0.35815826,0.08519977,0.11013332
747,2014-03-22,2014,03,22,,,0.09523809523809523,,,,,
748,2014-03-23,2014,03,23,0.15508756,0.006054334,0.23809523809523808,0.95777786,0.03052845,0.5860484,0.012789976,0.110850796
749,2014-03-24,2014,03,24,0.20676169,0.010936507,1.5238095238095237,0.4355814,0.052869294,0.3461336,0.027855443,0.17434953
750,2014-03-25,2014,03,25,0.14933106,0.024401955,47.476190476190474,0.6932692,0.16693953,0.46261522,0.074863926,0.11791413
751,2014-03-26,2014,03,26,0.15322919,0.029692303,119.14285714285714,0.663982,0.1879049,0.44620484,0.08553214,0.12048648
752,2014-03-27,2014,03,27,0.122042686,0.016535966,99.30952380952381,0.9528549,0.24591744,0.5725401,0.10674609,0.09001437
753,2014-03-28,2014,03,28,0.13599044,0.026940914,61.357142857142854,0.8794182,0.23772784,0.52242464,0.10651225,0.1022778
754,2014-03-29,2014,03,29,0.1150353,0.037202753,20.61904761904762,0.9363036,0.21341582,0.53946775,0.09012092,0.08966062
755,2014-03-30,2014,03,30,0.112001665,0.018519808,53.54761904761905,0.49569046,0.13102074,0.35595673,0.060386278,0.09637976
756,2014-03-31,2014,03,31,0.13525888,0.021149954,51.95238095238095,0.6535367,0.16758732,0.44794837,0.078724235,0.107452214
757,2014-04-01,2014,04,01,0.15029074,0.02648662,105.85714285714286,0.6583339,0.15155798,0.44674364,0.07350601,0.118304946
758,2014-04-02,2014,04,02,0.105578616,0.01649609,82.0,0.28253752,0.11785191,0.25907624,0.0654172,0.09357055
759,2014-04-03,2014,04,03,0.121915266,0.04148241,30.80952380952381,0.7438774,0.29306653,0.4781842,0.13723801,0.09511743
760,2014-04-04,2014,04,04,0.09595678,0.027589321,18.333333333333332,1.1148578,0.26257035,0.6362096,0.10171161,0.06746419
761,2014-04-05,2014,04,05,0.11226149,0.02222146,63.69047619047619,0.79905456,0.15458104,0.5031796,0.06903882,0.08868255
762,2014-04-06,2014,04,06,0.15447487,0.018377528,36.166666666666664,0.40804964,0.11203725,0.32798353,0.05758558,0.13232741
763,2014-04-07,2014,04,07,0.093999274,0.0096370345,118.45238095238095,0.65211076,0.1770927,0.4444729,0.08749413,0.074964635
764,2014-04-08,2014,04,08,0.16335395,0.049306124,92.4047619047619,0.44142148,0.22191218,0.32299137,0.11595954,0.14277686
765,2014-04-09,2014,04,09,0.33084574,0.07979624,1.5,0.2600937,0.05349012,0.2370168,0.03278479,0.288839
766,2014-04-10,2014,04,10,0.16873634,0.025349233,28.166666666666668,0.29175895,0.1105961,0.2663094,0.06109465,0.14993961
767,2014-04-11,2014,04,11,0.18513039,0.04640248,74.04761904761905,0.50514525,0.22416948,0.36283398,0.11256715,0.15501818
768,2014-04-12,2014,04,12,0.13980196,0.03583164,27.238095238095237,0.58898187,0.27396,0.40207326,0.13295716,0.11521842
769,2014-04-13,2014,04,13,0.121643044,0.027728766,22.333333333333332,0.7494359,0.18738942,0.45529893,0.08866397,0.10182485
770,2014-04-14,2014,04,14,,,0.0,,,,,
771,2014-04-15,2014,04,15,,,0.0,,,,,
772,2014-04-16,2014,04,16,0.21909444,0.018369116,0.6904761904761905,0.27732676,0.0768679,0.255106,0.052111953,0.19385147
773,2014-04-17,2014,04,17,0.1834305,0.01147401,3.261904761904762,0.49363926,0.09774094,0.37432754,0.049772,0.1518379
774,2014-04-18,2014,04,18,0.17025803,0.01741743,16.476190476190474,0.7362386,0.14793345,0.47745633,0.069269754,0.1325854
775,2014-04-19,2014,04,19,0.10169764,0.010262927,13.476190476190476,0.90360004,0.22697029,0.53875035,0.09896659,0.075553015
776,2014-04-20,2014,04,20,0.19908506,0.01603033,4.404761904761905,0.5126323,0.095259376,0.3821048,0.04392373,0.16327237
777,2014-04-21,2014,04,21,0.24454819,0.025942326,28.904761904761905,0.6381855,0.113186814,0.43297777,0.054376226,0.19321285
778,2014-04-22,2014,04,22,0.17810032,0.022617243,72.76190476190476,0.5364269,0.12274267,0.39122623,0.0611211,0.14494346
779,2014-04-23,2014,04,23,0.122950986,0.013887408,15.166666666666666,0.3460374,0.12001048,0.28935197,0.0633484,0.107101515
780,2014-04-24,2014,04,24,0.11409887,0.017905986,13.30952380952381,0.24162261,0.1172129,0.2277603,0.06485901,0.10268134
781,2014-04-25,2014,04,25,,,0.023809523809523808,,,,,
782,2014-04-26,2014,04,26,0.16646552,0.024037201,41.023809523809526,0.44827026,0.12537028,0.34191266,0.06169497,0.14161333
783,2014-04-27,2014,04,27,0.103938214,0.022269044,49.19047619047619,0.61289376,0.22422704,0.41367522,0.10598914,0.085450575
784,2014-04-28,2014,04,28,0.100998566,0.015091888,140.5952380952381,0.33861962,0.17637233,0.28514,0.09507055,0.08896963
785,2014-04-29,2014,04,29,0.10771227,0.012876797,198.11904761904762,0.30409017,0.09125332,0.26774278,0.05150977,0.09488081
786,2014-04-30,2014,04,30,0.07170899,0.028354792,78.52380952380952,1.0136325,0.30348483,0.57640237,0.12761196,0.05585611
787,2014-05-01,2014,05,01,0.08678203,0.024022382,53.11904761904762,1.0617601,0.23507331,0.6101903,0.09487421,0.06509035
788,2014-05-02,2014,05,02,0.12158718,0.021942532,256.3809523809524,0.6002936,0.14648277,0.4203816,0.067280084,0.09906505
789,2014-05-03,2014,05,03,0.1840079,0.03000384,185.21428571428572,0.3610254,0.121541515,0.29067296,0.0670856,0.15898198
790,2014-05-04,2014,05,04,0.11603914,0.02429919,70.80952380952381,0.31228453,0.18162417,0.26687804,0.10235064,0.10258818
791,2014-05-05,2014,05,05,0.11823949,0.024586305,20.666666666666668,0.71264464,0.17449883,0.45682374,0.085394986,0.09350073
792,2014-05-06,2014,05,06,,,0.0,,,,,
793,2014-05-07,2014,05,07,0.20408978,0.020187814,19.80952380952381,0.55510974,0.11841587,0.40063316,0.061972268,0.16553703
794,2014-05-08,2014,05,08,0.17460506,0.024004493,80.42857142857143,0.34479588,0.105080225,0.29574084,0.05840521,0.15159953
795,2014-05-09,2014,05,09,0.13234171,0.013539781,5.761904761904762,0.6634824,0.22003499,0.44324982,0.10857807,0.10332893
796,2014-05-10,2014,05,10,0.16165641,0.015561757,0.5952380952380952,-0.026245363,0.034664735,0.05706529,0.026892057,0.15702657
797,2014-05-11,2014,05,11,,,0.0,,,,,
798,2014-05-12,2014,05,12,0.1354477,0.021382818,81.69047619047619,0.118239105,0.06537794,0.16886216,0.036675785,0.12795109
799,2014-05-13,2014,05,13,0.13261952,0.024205398,371.14285714285717,0.32696083,0.11160556,0.28239965,0.05942275,0.11774744
800,2014-05-14,2014,05,14,0.079987176,0.009704604,340.6666666666667,0.69083565,0.10273563,0.4676575,0.047102015,0.062370792
801,2014-05-15,2014,05,15,0.056571968,0.0059385034,208.9047619047619,0.77281356,0.16003263,0.4886176,0.072684824,0.043701846
802,2014-05-16,2014,05,16,0.09702602,0.018093409,42.857142857142854,0.65592676,0.32584095,0.42601302,0.1503342,0.07812536
803,2014-05-17,2014,05,17,0.19144835,0.017291872,15.19047619047619,0.09533164,0.05252259,0.15558451,0.034569692,0.18042198
804,2014-05-18,2014,05,18,0.11975209,0.033361446,181.6904761904762,0.32263318,0.1774588,0.27672964,0.09240112,0.107290365
805,2014-05-19,2014,05,19,0.11817556,0.016685182,70.92857142857143,0.42470407,0.13828908,0.33565828,0.07379268,0.10055807
806,2014-05-20,2014,05,20,0.088603035,0.011147987,92.0,0.28712195,0.13064136,0.26116687,0.07087505,0.07785726
807,2014-05-21,2014,05,21,0.093428195,0.009947234,18.976190476190474,0.51239914,0.22318006,0.37054288,0.106002726,0.07709825
808,2014-05-22,2014,05,22,0.1792783,0.008959752,0.19047619047619047,0.33354306,0.020813432,0.2935164,0.011412506,0.1560439
809,2014-05-23,2014,05,23,0.1117388,0.024809888,6.857142857142857,0.8052816,0.24983315,0.51086974,0.10680935,0.086516894
810,2014-05-24,2014,05,24,0.12048242,0.015774643,11.095238095238095,0.8293638,0.21502098,0.51991946,0.09307456,0.09180975
811,2014-05-25,2014,05,25,0.10066881,0.014850873,12.0,0.16241667,0.109320834,0.17957138,0.06348126,0.09323633
812,2014-05-26,2014,05,26,0.1101107,0.012747224,0.11904761904761904,-0.00029361952,5.961329e-08,0.1,0.0,0.10714238
813,2014-05-27,2014,05,27,,,0.0,,,,,
814,2014-05-28,2014,05,28,0.20273136,0.007949608,0.07142857142857142,0.32729504,0.030343348,0.270878,0.018114645,0.17529832
815,2014-05-29,2014,05,29,0.18425785,0.019614879,13.547619047619047,0.100809865,0.0498484,0.15719837,0.028109662,0.17384432
816,2014-05-30,2014,05,30,0.15031177,0.020987235,13.547619047619047,0.2541319,0.10670063,0.24388845,0.058230326,0.13473462
817,2014-05-31,2014,05,31,,,0.0,,,,,
818,2014-06-01,2014,06,01,,,0.0,,,,,
819,2014-06-02,2014,06,02,0.1516187,0.024081783,0.16666666666666666,1.0697399,0.15609194,0.627715,0.060600962,0.106173046
820,2014-06-03,2014,06,03,0.14963634,0.026769966,2.0952380952380953,0.80080575,0.21825261,0.51311123,0.09676596,0.11441132
821,2014-06-04,2014,06,04,,,0.07142857142857142,,,,,
822,2014-06-05,2014,06,05,0.15769361,0.0049558706,0.14285714285714285,0.65574664,0.048202418,0.45411944,0.02253243,0.124081194
823,2014-06-06,2014,06,06,,,0.0,,,,,
824,2014-06-07,2014,06,07,,,0.0,,,,,
825,2014-06-08,2014,06,08,,,0.0,,,,,
826,2014-06-09,2014,06,09,,,0.0,,,,,
827,2014-06-10,2014,06,10,0.05667609,0.005876775,0.42857142857142855,1.4780955,0.13748445,0.7719604,0.05004318,0.035101015
828,2014-06-11,2014,06,11,0.066833615,0.029536093,11.119047619047619,1.056065,0.43113315,0.5842921,0.19437066,0.05370325
829,2014-06-12,2014,06,12,0.46721342,0.051909376,0.9047619047619048,0.03764588,0.069162734,0.094035015,0.045703523,0.45638606
830,2014-06-13,2014,06,13,0.122849934,0.056516282,4.095238095238095,0.78749084,0.24038854,0.49953544,0.10769034,0.09641781
831,2014-06-14,2014,06,14,0.23021911,0.029443871,3.6904761904761907,0.3558958,0.07282338,0.29078084,0.040063992,0.19837552
832,2014-06-15,2014,06,15,0.16881981,0.009140472,6.9523809523809526,0.3779652,0.0874625,0.3150147,0.046725936,0.14507861
833,2014-06-16,2014,06,16,0.21166216,0.011855013,0.5,0.71291167,0.05057105,0.48050618,0.02311524,0.16337626
834,2014-06-17,2014,06,17,0.082261115,0.0069112126,2.5476190476190474,0.19279169,0.24935642,0.2067425,0.13204613,0.07439102
835,2014-06-18,2014,06,18,,,0.0,,,,,
836,2014-06-19,2014,06,19,0.13411814,0.026235806,1.9761904761904763,0.3561944,0.13072379,0.30025467,0.07176968,0.11757282
837,2014-06-20,2014,06,20,0.15094459,0.02070094,3.357142857142857,0.13263132,0.1067878,0.15801635,0.06606479,0.14060423
838,2014-06-21,2014,06,21,0.20928964,0.036460012,26.642857142857142,-0.044952545,0.037248813,0.04054165,0.032877073,0.2052429
839,2014-06-22,2014,06,22,0.10647929,0.005834888,0.2619047619047619,0.47275704,0.14039403,0.36235893,0.06927993,0.087832354
840,2014-06-23,2014,06,23,,,0.047619047619047616,,,,,
841,2014-06-24,2014,06,24,0.0985682,0.030301383,56.404761904761905,0.17895819,0.14173691,0.20167284,0.07909348,0.09179119
842,2014-06-25,2014,06,25,0.11457318,0.026789723,31.452380952380953,0.17488581,0.1313472,0.19296302,0.06964258,0.1072743
843,2014-06-26,2014,06,26,0.07066923,0.011401427,13.952380952380953,0.33765596,0.20692407,0.27332684,0.10290417,0.063016884
844,2014-06-27,2014,06,27,0.05977655,0.002594849,0.19047619047619047,0.47251314,0.48744187,0.34533024,0.2471039,0.04986588
845,2014-06-28,2014,06,28,,,0.0,,,,,
846,2014-06-29,2014,06,29,,,0.047619047619047616,,,,,
847,2014-06-30,2014,06,30,,,0.0,,,,,
848,2014-07-01,2014,07,01,,,0.0,,,,,
849,2014-07-02,2014,07,02,,,0.0,,,,,
850,2014-07-03,2014,07,03,,,0.0,,,,,
851,2014-07-04,2014,07,04,,,0.0,,,,,
852,2014-07-05,2014,07,05,0.14941265,0.046059214,0.7619047619047619,0.49173617,0.3622684,0.35170516,0.18881193,0.12855998
853,2014-07-06,2014,07,06,0.33191073,0.06445865,7.5,0.24938661,0.18801406,0.21888566,0.10362044,0.3130352
854,2014-07-07,2014,07,07,0.11942274,0.052200675,15.595238095238095,0.14884171,0.2494661,0.16346143,0.13492708,0.11537999
855,2014-07-08,2014,07,08,0.050599746,0.019638278,3.142857142857143,0.4416987,0.29781353,0.30968344,0.13800131,0.04526573
856,2014-07-09,2014,07,09,0.12411727,0.03586602,3.5476190476190474,0.41010156,0.1918116,0.28704336,0.095993094,0.116987
857,2014-07-10,2014,07,10,0.10238505,0.036758892,11.833333333333334,0.8456421,0.26300794,0.5066486,0.11584113,0.083290175
858,2014-07-11,2014,07,11,0.07092137,0.015209361,7.4523809523809526,1.1152295,0.31857198,0.6257007,0.134445,0.05120983
859,2014-07-12,2014,07,12,0.059672467,0.013637506,16.547619047619047,0.7549513,0.2976961,0.48345795,0.14119981,0.046297744
860,2014-07-13,2014,07,13,,,0.0,,,,,
861,2014-07-14,2014,07,14,,,0.0,,,,,
862,2014-07-15,2014,07,15,0.13912323,0.03772118,3.6666666666666665,0.6829411,0.27380937,0.44828996,0.12050261,0.11310568
863,2014-07-16,2014,07,16,0.11459689,0.022859367,15.333333333333334,0.9027776,0.27379906,0.5478611,0.11778022,0.085597955
864,2014-07-17,2014,07,17,0.080877945,0.013301847,43.595238095238095,0.98091024,0.3215436,0.5820089,0.1406774,0.058321934
865,2014-07-18,2014,07,18,0.051989388,0.011788471,75.23809523809524,0.9148124,0.33199155,0.54259026,0.14869642,0.038725782
866,2014-07-19,2014,07,19,0.04595025,0.0142381815,4.976190476190476,0.76916647,0.20831709,0.45619234,0.095884345,0.039354384
867,2014-07-20,2014,07,20,0.09276935,0.041182622,10.714285714285714,0.8906947,0.35972676,0.53008693,0.15525156,0.075756595
868,2014-07-21,2014,07,21,0.08099842,0.031312086,145.83333333333334,0.83375263,0.3581056,0.5103587,0.15820754,0.06521829
869,2014-07-22,2014,07,22,0.05371479,0.021695307,220.45238095238096,0.9577836,0.46200523,0.5585926,0.20436272,0.041287642
870,2014-07-23,2014,07,23,0.054790284,0.0137625765,63.976190476190474,0.7168955,0.33596244,0.4478036,0.1585107,0.044132587
871,2014-07-24,2014,07,24,0.08986117,0.02562131,19.476190476190474,0.20249075,0.29044878,0.19150186,0.14103256,0.08370316
872,2014-07-25,2014,07,25,,,0.0,,,,,
873,2014-07-26,2014,07,26,0.16633736,0.0129574025,0.7857142857142857,0.49678516,0.09826907,0.37526178,0.049382683,0.13758916
874,2014-07-27,2014,07,27,0.14854407,0.015371603,12.095238095238095,0.6141106,0.123778805,0.43256682,0.060653172,0.11859932
875,2014-07-28,2014,07,28,0.1288346,0.01843632,46.88095238095238,0.9721891,0.20283976,0.58436364,0.08927043,0.09283257
876,2014-07-29,2014,07,29,0.114059255,0.015428832,3.1904761904761907,0.6398997,0.2802027,0.42486683,0.13379885,0.092445314
877,2014-07-30,2014,07,30,,,0.0,,,,,
878,2014-07-31,2014,07,31,0.14081468,0.025927208,12.404761904761905,0.3424532,0.1764971,0.28800488,0.09212819,0.12548114
879,2014-08-01,2014,08,01,0.17700866,0.034492645,6.833333333333333,0.17241429,0.1582801,0.19129263,0.09160977,0.16535065
880,2014-08-02,2014,08,02,0.13124618,0.021575265,3.761904761904762,0.20118932,0.18325056,0.21485327,0.102585375,0.12021761
881,2014-08-03,2014,08,03,0.1019937,0.0056795604,13.214285714285714,0.7426675,0.14411078,0.49100643,0.06774624,0.07781247
882,2014-08-04,2014,08,04,,,0.023809523809523808,,,,,
883,2014-08-05,2014,08,05,,,0.0,,,,,
884,2014-08-06,2014,08,06,0.14025666,0.013869882,0.6428571428571429,0.8648688,0.25559872,0.53783303,0.1087849,0.104891114
885,2014-08-07,2014,08,07,0.09588727,0.012247348,0.14285714285714285,1.5278285,0.057217024,0.790396,0.01900801,0.058390144
886,2014-08-08,2014,08,08,0.098984055,0.026561677,9.380952380952381,0.011494256,0.04321297,0.10212982,0.036709905,0.09597837
887,2014-08-09,2014,08,09,,,0.0,,,,,
888,2014-08-10,2014,08,10,,,0.023809523809523808,,,,,
889,2014-08-11,2014,08,11,0.14107534,0.027733896,11.380952380952381,0.56623304,0.21133634,0.4013939,0.10640248,0.1155862
890,2014-08-12,2014,08,12,0.09673126,0.01314315,31.023809523809526,0.7846162,0.2731032,0.5025696,0.12930942,0.07335367
891,2014-08-13,2014,08,13,0.07714847,0.010300882,8.023809523809524,1.2802734,0.205581,0.7017404,0.08186804,0.05076168
892,2014-08-14,2014,08,14,0.108752586,0.031384684,24.80952380952381,0.5089094,0.27084073,0.34703416,0.13322511,0.09695025
893,2014-08-15,2014,08,15,,,0.0,,,,,
894,2014-08-16,2014,08,16,0.12878853,0.02618406,6.261904761904762,0.63067234,0.19898316,0.42835668,0.091240905,0.10513533
895,2014-08-17,2014,08,17,0.107342385,0.0154715525,3.6904761904761907,0.9658293,0.27044216,0.58010834,0.116114326,0.07712949
896,2014-08-18,2014,08,18,0.1110003,0.0075381314,1.1904761904761905,1.3597493,0.10716764,0.7324987,0.03759556,0.071142375
897,2014-08-19,2014,08,19,0.090519875,0.01350638,7.738095238095238,1.0201277,0.18615536,0.5897842,0.080590665,0.065762565
898,2014-08-20,2014,08,20,0.11358502,0.009982732,1.4047619047619047,0.96255714,0.22385938,0.55115396,0.10198415,0.087012954
899,2014-08-21,2014,08,21,0.1651094,0.025091162,7.476190476190476,0.7009275,0.16632971,0.47113964,0.07644602,0.12959158
900,2014-08-22,2014,08,22,0.15882945,0.023722874,16.30952380952381,0.53326935,0.16577634,0.3851514,0.08054962,0.13115986
901,2014-08-23,2014,08,23,0.16595429,0.028729148,18.071428571428573,0.3262517,0.14477633,0.28143698,0.07772342,0.14508785
902,2014-08-24,2014,08,24,0.09850888,0.02268809,11.166666666666666,0.6893075,0.23407002,0.44908047,0.11429538,0.08050975
903,2014-08-25,2014,08,25,0.08015333,0.03261705,29.095238095238095,0.3179623,0.29789716,0.24431087,0.14724864,0.07528137
904,2014-08-26,2014,08,26,0.12450297,0.031450726,0.7142857142857143,1.2546496,0.28049472,0.6889943,0.10458926,0.08529841
905,2014-08-27,2014,08,27,0.18565406,0.03231386,40.523809523809526,0.13976991,0.10744346,0.17230456,0.06454096,0.17287496
906,2014-08-28,2014,08,28,0.10297166,0.02554752,125.73809523809524,0.6471501,0.2605929,0.4314833,0.11724816,0.08562597
907,2014-08-29,2014,08,29,0.06683144,0.026037628,126.92857142857143,1.112326,0.31787902,0.614388,0.140878,0.052099008
908,2014-08-30,2014,08,30,0.06490113,0.028241644,70.83333333333333,0.8729403,0.34203368,0.5136425,0.15450096,0.052134994
909,2014-08-31,2014,08,31,0.119861685,0.019890467,0.6190476190476191,0.76986164,0.04394927,0.4331141,0.03696534,0.116511926
910,2014-09-01,2014,09,01,0.051320583,0.016280597,151.9047619047619,0.39095402,0.23592877,0.29239562,0.1109727,0.047892053
911,2014-09-02,2014,09,02,0.11009041,0.02246927,9.642857142857142,0.084461726,0.0670819,0.14839834,0.037978623,0.10489675
912,2014-09-03,2014,09,03,0.06052408,0.0072490987,0.5238095238095238,1.3866535,0.17571515,0.7408764,0.063755974,0.03834229
913,2014-09-04,2014,09,04,0.104795836,0.012184078,6.404761904761905,0.6754792,0.11640221,0.44384304,0.055832684,0.08432658
914,2014-09-05,2014,09,05,,,0.0,,,,,
915,2014-09-06,2014,09,06,0.13892277,0.01756261,1.0714285714285714,0.48226106,0.0996684,0.3691954,0.049594626,0.115411736
916,2014-09-07,2014,09,07,0.11895273,0.021305498,39.26190476190476,0.41080526,0.1609945,0.3281597,0.086236395,0.10104024
917,2014-09-08,2014,09,08,0.1479061,0.008562314,5.904761904761905,0.6631466,0.116927035,0.45288014,0.055884365,0.11610518
918,2014-09-09,2014,09,09,0.11658778,0.009303944,17.166666666666668,0.7362353,0.11272598,0.48858792,0.05138586,0.08951448
919,2014-09-10,2014,09,10,0.11527837,0.016290653,0.8809523809523809,0.094935015,0.092985064,0.14683774,0.058644444,0.109801956
920,2014-09-11,2014,09,11,0.09957477,0.029534824,4.119047619047619,0.86577386,0.230977,0.52790684,0.10185631,0.07926558
921,2014-09-12,2014,09,12,0.10026326,0.021666707,44.785714285714285,0.5885488,0.27017748,0.40847734,0.12962078,0.0832992
922,2014-09-13,2014,09,13,0.083422475,0.015267427,146.21428571428572,0.67707205,0.2381872,0.44975322,0.11403705,0.06804629
923,2014-09-14,2014,09,14,0.079076156,0.011316396,139.16666666666666,0.7797977,0.22287083,0.4993453,0.10585602,0.0612876
924,2014-09-15,2014,09,15,0.08506843,0.010789323,135.0952380952381,0.54652965,0.21559799,0.3803753,0.10523148,0.07251692
925,2014-09-16,2014,09,16,0.05323518,0.026773814,31.333333333333332,1.2194041,0.20896366,0.6594664,0.08696198,0.04353014
926,2014-09-17,2014,09,17,0.07331106,0.01798341,137.57142857142858,0.507162,0.20884036,0.36168158,0.09910872,0.063848555
927,2014-09-18,2014,09,18,0.07441944,0.016668342,84.07142857142857,0.5206898,0.24820253,0.3730736,0.12042834,0.062816985
928,2014-09-19,2014,09,19,0.07294733,0.011784658,103.38095238095238,0.57918864,0.27510822,0.40297168,0.13407041,0.059835788
929,2014-09-20,2014,09,20,0.046020184,0.009392458,124.76190476190476,0.90399843,0.3394123,0.54625136,0.15243804,0.034380984
930,2014-09-21,2014,09,21,0.06995517,0.027003355,86.57142857142857,0.9246556,0.3623933,0.52925795,0.16010413,0.06211185
931,2014-09-22,2014,09,22,0.100369595,0.031089993,74.47619047619048,0.50303924,0.28643456,0.3558429,0.13011181,0.08984318
932,2014-09-23,2014,09,23,0.04995605,0.016000118,114.28571428571429,0.9573535,0.32630217,0.5644509,0.1406112,0.037665837
933,2014-09-24,2014,09,24,0.048216037,0.011575318,84.30952380952381,1.2614154,0.29112473,0.68782425,0.12045535,0.03277655
934,2014-09-25,2014,09,25,0.05698008,0.01078408,40.92857142857143,0.87236655,0.25402716,0.525315,0.11378935,0.043770857
935,2014-09-26,2014,09,26,0.08049777,0.00887288,32.45238095238095,0.15803191,0.091183305,0.19115473,0.051032435,0.07417387
936,2014-09-27,2014,09,27,0.05699454,0.024650596,20.047619047619047,0.84413844,0.2956998,0.51455617,0.12413384,0.046034165
937,2014-09-28,2014,09,28,0.096587956,0.018418828,119.4047619047619,0.35431248,0.1333339,0.2941815,0.06809703,0.085170396
938,2014-09-29,2014,09,29,0.107963264,0.012271094,35.0,0.4675978,0.16548808,0.35812363,0.08693548,0.0902655
939,2014-09-30,2014,09,30,0.118217394,0.009634136,5.023809523809524,0.5971142,0.107057214,0.4231472,0.052266963,0.094488144
940,2014-10-01,2014,10,01,,,0.023809523809523808,,,,,
941,2014-10-02,2014,10,02,0.13680312,0.011983087,4.0476190476190474,0.46999288,0.094836615,0.3591904,0.04589177,0.115313314
942,2014-10-03,2014,10,03,0.12842923,0.026851557,22.61904761904762,0.615674,0.15882196,0.42287198,0.07208706,0.10566959
943,2014-10-04,2014,10,04,0.108144395,0.01921799,140.04761904761904,0.64107454,0.20901974,0.4351046,0.09894967,0.08634218
944,2014-10-05,2014,10,05,0.067594826,0.010754259,224.64285714285714,0.81605494,0.26723495,0.5127704,0.12057915,0.051166948
945,2014-10-06,2014,10,06,0.0735895,0.01769097,149.8095238095238,0.71217036,0.27187866,0.4592542,0.13242598,0.05878213
946,2014-10-07,2014,10,07,0.08574413,0.016020838,74.47619047619048,0.6932884,0.26248753,0.45313057,0.122805975,0.06980889
947,2014-10-08,2014,10,08,0.12502941,0.013633852,8.285714285714286,0.44513604,0.07801112,0.34324846,0.040330265,0.10900009
948,2014-10-09,2014,10,09,0.0844153,0.014444789,19.952380952380953,0.76631695,0.24322015,0.49505502,0.11140502,0.064810984
949,2014-10-10,2014,10,10,0.06612143,0.006759693,9.595238095238095,1.0871098,0.17777334,0.6319147,0.07099257,0.04571461
950,2014-10-11,2014,10,11,0.083875336,0.008268678,1.1666666666666667,0.36269924,0.19912255,0.29370248,0.100090116,0.07247744
951,2014-10-12,2014,10,12,0.15925567,0.013026456,13.5,0.17829521,0.035469584,0.19886589,0.018693998,0.14646961
952,2014-10-13,2014,10,13,0.13445333,0.019695433,9.142857142857142,0.46536013,0.11762996,0.35528463,0.056149874,0.11351967
953,2014-10-14,2014,10,14,0.11830708,0.02218728,9.642857142857142,0.46775886,0.15955687,0.3533078,0.080306746,0.10106976
954,2014-10-15,2014,10,15,0.07565213,0.02108776,155.14285714285714,0.6062527,0.25644436,0.4175945,0.123767436,0.062463194
955,2014-10-16,2014,10,16,0.052181166,0.009889274,144.07142857142858,1.0164855,0.30253848,0.5967696,0.13063802,0.037455
956,2014-10-17,2014,10,17,0.059826683,0.014593682,120.61904761904762,0.913572,0.28350875,0.5450604,0.123839445,0.04599669
957,2014-10-18,2014,10,18,0.085290015,0.022015482,69.61904761904762,0.60893446,0.2162455,0.4083216,0.0996969,0.0729405
958,2014-10-19,2014,10,19,0.08356228,0.017031262,126.07142857142857,0.29643238,0.13820231,0.2672732,0.07191421,0.07501417
959,2014-10-20,2014,10,20,0.059728947,0.015963243,117.5,0.5623473,0.24852657,0.39286143,0.11856432,0.049814247
960,2014-10-21,2014,10,21,0.08717072,0.009259731,26.071428571428573,0.2260244,0.11440768,0.22517687,0.060983833,0.07839374
961,2014-10-22,2014,10,22,0.08036643,0.00818264,19.833333333333332,0.23070468,0.06147584,0.22675157,0.032043014,0.0723211
962,2014-10-23,2014,10,23,0.10746299,0.013372356,26.666666666666668,0.1939277,0.07018124,0.20853156,0.03636055,0.097497694
963,2014-10-24,2014,10,24,0.090300776,0.017036362,27.976190476190474,0.6559015,0.18092243,0.44622865,0.08487532,0.07235458
964,2014-10-25,2014,10,25,0.05783574,0.01654265,114.0952380952381,0.61837053,0.23160699,0.42211008,0.10999245,0.047309518
965,2014-10-26,2014,10,26,0.09808925,0.020338412,29.88095238095238,0.16470748,0.11784331,0.19100472,0.06341356,0.09064754
966,2014-10-27,2014,10,27,0.09330441,0.0119942855,30.571428571428573,0.20657952,0.0923628,0.21664219,0.05033699,0.084565796
967,2014-10-28,2014,10,28,0.14680398,0.016894404,4.761904761904762,0.33405828,0.085399285,0.28855532,0.045701247,0.12692577
968,2014-10-29,2014,10,29,0.2491632,0.041932356,0.16666666666666666,0.2521165,0.036770422,0.22599728,0.021951534,0.22013323
969,2014-10-30,2014,10,30,0.086539336,0.017027864,55.333333333333336,0.6292504,0.17872001,0.43462762,0.085469104,0.0699664
970,2014-10-31,2014,10,31,0.064234905,0.021646036,68.30952380952381,0.5361022,0.3121096,0.38017115,0.15209737,0.05421851
971,2014-11-01,2014,11,01,0.07976004,0.014189224,67.80952380952381,0.07513525,0.0687359,0.1421342,0.039131027,0.07551945
972,2014-11-02,2014,11,02,0.12423333,0.014261294,50.04761904761905,0.23047087,0.08567169,0.23293279,0.047713205,0.11234761
973,2014-11-03,2014,11,03,0.15653095,0.016680544,33.61904761904762,0.2393202,0.071240894,0.23763749,0.03828157,0.14173096
974,2014-11-04,2014,11,04,0.114972845,0.011685668,46.23809523809524,0.19155332,0.05133264,0.21080641,0.028405404,0.1059793
975,2014-11-05,2014,11,05,0.056110583,0.008868224,180.02380952380952,0.13784213,0.083384775,0.18144003,0.04815769,0.05210163
976,2014-11-06,2014,11,06,0.045087196,0.0059953285,229.64285714285714,0.43012816,0.17315163,0.33791122,0.08915886,0.037903003
977,2014-11-07,2014,11,07,0.06906429,0.013148196,118.4047619047619,0.19502097,0.12359147,0.21071064,0.068312764,0.06366539
978,2014-11-08,2014,11,08,0.12884052,0.024385702,72.66666666666667,0.035578374,0.026547747,0.12140597,0.015795035,0.123580836
979,2014-11-09,2014,11,09,0.153849,0.0077805244,0.7857142857142857,0.047816765,0.02780102,0.12900491,0.016760768,0.14713185
980,2014-11-10,2014,11,10,0.09394876,0.010282785,1.6428571428571428,0.40576202,0.08477376,0.3302159,0.044004705,0.0801506
981,2014-11-11,2014,11,11,0.049011867,0.009767489,12.738095238095237,1.1403368,0.301411,0.6435583,0.11848157,0.034179352
982,2014-11-12,2014,11,12,0.039895948,0.008349068,45.5,1.206559,0.22568399,0.6721977,0.09045275,0.027124824
983,2014-11-13,2014,11,13,0.066605486,0.020920195,22.38095238095238,0.9919247,0.25573754,0.5737465,0.11210558,0.052271277
984,2014-11-14,2014,11,14,0.06541472,0.014888213,52.23809523809524,0.6925278,0.1886022,0.462335,0.08716281,0.051798735
985,2014-11-15,2014,11,15,0.069194734,0.010574334,67.85714285714286,0.49572688,0.14537247,0.36840627,0.07081526,0.058626093
986,2014-11-16,2014,11,16,0.09137593,0.019043708,54.5,0.11793441,0.10704248,0.1671077,0.058398765,0.086082615
987,2014-11-17,2014,11,17,0.14161201,0.0337706,4.357142857142857,0.2257736,0.11807008,0.22363718,0.06423765,0.12875547
988,2014-11-18,2014,11,18,0.06900864,0.013125117,87.4047619047619,0.57822937,0.19920222,0.4042807,0.09740779,0.05646542
989,2014-11-19,2014,11,19,0.09782345,0.016684968,113.28571428571429,0.26816842,0.12998366,0.24413286,0.06585598,0.089134976
990,2014-11-20,2014,11,20,0.07392487,0.01208455,95.76190476190476,0.23815039,0.09330055,0.23835646,0.051717505,0.066799484
991,2014-11-21,2014,11,21,0.10378524,0.017582662,77.30952380952381,0.09920166,0.05595262,0.15781993,0.031866245,0.09830427
992,2014-11-22,2014,11,22,0.068110265,0.0068032993,14.119047619047619,0.13320129,0.075125575,0.17593552,0.042186506,0.06275998
993,2014-11-23,2014,11,23,0.10560022,0.010820896,94.45238095238095,0.16508865,0.038897626,0.18756813,0.019762212,0.09857265
994,2014-11-24,2014,11,24,0.1321646,0.012038304,262.23809523809524,0.01369786,0.010549775,0.10843333,0.0063559967,0.12813683
995,2014-11-25,2014,11,25,0.062578805,0.0075944224,208.02380952380952,0.15856025,0.057875015,0.19056493,0.031193962,0.058740176
996,2014-11-26,2014,11,26,0.030253742,0.0052402574,328.2142857142857,0.23434795,0.111922905,0.22832502,0.057223342,0.028203167
997,2014-11-27,2014,11,27,0.016270762,0.0029311231,373.45238095238096,0.48447254,0.2683625,0.35333538,0.12788503,0.013920016
998,2014-11-28,2014,11,28,0.025457243,0.010339372,181.78571428571428,0.7952135,0.3779634,0.49799848,0.17083539,0.020455418
999,2014-11-29,2014,11,29,0.07878643,0.016677702,9.404761904761905,0.893664,0.18497752,0.5514897,0.080135465,0.05950874
1000,2014-11-30,2014,11,30,0.089722194,0.028969413,112.66666666666667,0.24993888,0.09995185,0.24391697,0.054659136,0.08062012
1001,2014-12-01,2014,12,01,0.14095704,0.029703736,0.16666666666666666,0.29914907,0.09632688,0.2733043,0.051720127,0.12436496
1002,2014-12-02,2014,12,02,0.074939124,0.016980438,135.04761904761904,0.10206264,0.0755514,0.15802439,0.04210473,0.06978541
1003,2014-12-03,2014,12,03,0.07711299,0.017176272,56.142857142857146,0.14309885,0.097927116,0.1832077,0.05538966,0.07154578
1004,2014-12-04,2014,12,04,0.1152603,0.03160744,50.904761904761905,0.2305501,0.1549119,0.22534382,0.085363925,0.10557062
1005,2014-12-05,2014,12,05,0.0522908,0.013140228,49.23809523809524,0.6348293,0.15647574,0.43761817,0.07319857,0.04167485
1006,2014-12-06,2014,12,06,0.058776304,0.018656382,86.92857142857143,0.28990212,0.17365265,0.2635669,0.093846306,0.053159807
1007,2014-12-07,2014,12,07,0.09853029,0.021780884,13.880952380952381,0.24893661,0.1620005,0.2393362,0.085967764,0.08935109
1008,2014-12-08,2014,12,08,0.047474794,0.013763891,80.64285714285714,0.6515063,0.3097992,0.4329724,0.14566338,0.03818649
1009,2014-12-09,2014,12,09,0.053254128,0.016842688,73.92857142857143,0.7093766,0.3310187,0.46231002,0.15439168,0.042342506
1010,2014-12-10,2014,12,10,0.07948676,0.030187862,26.952380952380953,0.7905013,0.2736817,0.49745858,0.12293046,0.06399698
1011,2014-12-11,2014,12,11,0.089446515,0.016106697,81.5952380952381,0.31095716,0.10065379,0.26983607,0.05160154,0.07993404
1012,2014-12-12,2014,12,12,0.088145,0.015340281,108.54761904761905,0.0040412387,0.009372589,0.102612816,0.0056460807,0.08555671
1013,2014-12-13,2014,12,13,0.049860284,0.008572425,123.5,0.09830016,0.085781045,0.15770929,0.049337227,0.046501886
1014,2014-12-14,2014,12,14,0.10048903,0.028976006,38.404761904761905,0.40941572,0.19788527,0.3186124,0.101802915,0.088207506
1015,2014-12-15,2014,12,15,0.07601574,0.02048602,56.523809523809526,0.69063395,0.22528167,0.45719644,0.10347854,0.061568867
1016,2014-12-16,2014,12,16,0.11623342,0.02982171,43.857142857142854,0.21059057,0.08409949,0.21993424,0.04675728,0.10603714
1017,2014-12-17,2014,12,17,0.06561045,0.011735978,110.66666666666667,0.19383769,0.089290656,0.21262605,0.050241034,0.060416736
1018,2014-12-18,2014,12,18,0.06128901,0.01027152,116.02380952380952,0.24819446,0.13217562,0.24037938,0.07165624,0.055099137
1019,2014-12-19,2014,12,19,0.07860087,0.018350469,23.523809523809526,0.60423255,0.26467472,0.41503066,0.12743938,0.06439026
1020,2014-12-20,2014,12,20,0.08730201,0.029183054,38.88095238095238,0.6158531,0.2643357,0.41162774,0.12329268,0.07489432
1021,2014-12-21,2014,12,21,0.13170326,0.017265474,5.071428571428571,0.2601044,0.104713745,0.24956216,0.0560354,0.11879375
1022,2014-12-22,2014,12,22,0.13360159,0.00862642,12.666666666666666,0.25171608,0.054261427,0.2421177,0.027600985,0.12224373
1023,2014-12-23,2014,12,23,0.08474625,0.012102405,21.428571428571427,0.008955926,0.007698164,0.10557333,0.0046354947,0.08219785
1024,2014-12-24,2014,12,24,0.056118805,0.010012785,57.54761904761905,0.13918985,0.118314095,0.18106116,0.06783182,0.05179639
1025,2014-12-25,2014,12,25,0.15254916,0.018813014,8.833333333333334,-0.018672843,0.031675894,0.07900993,0.034070082,0.14912851
1026,2014-12-26,2014,12,26,0.110853836,0.017243752,7.904761904761905,0.08026453,0.0577375,0.14800894,0.033882387,0.10400149
1027,2014-12-27,2014,12,27,0.0591068,0.01527952,21.095238095238095,0.23126563,0.09462456,0.2355128,0.053526483,0.053363115
1028,2014-12-28,2014,12,28,0.11768943,0.022074172,3.642857142857143,0.27802178,0.10160553,0.2558997,0.053898755,0.104821004
1029,2014-12-29,2014,12,29,0.030649936,0.0032495323,2.5952380952380953,0.17951715,0.13042022,0.20476978,0.07338149,0.027617525
1030,2014-12-30,2014,12,30,0.18113096,0.044944357,0.11904761904761904,0.22411747,0.060774904,0.21286884,0.042201065,0.16306385
1031,2014-12-31,2014,12,31,0.14209156,0.015184545,14.880952380952381,0.10659201,0.04512952,0.16091058,0.023025583,0.13363986
1032,2015-01-01,2015,01,01,0.100624084,0.010485717,11.452380952380953,0.2272317,0.05811289,0.23020081,0.031713177,0.09185701
1033,2015-01-02,2015,01,02,0.06316959,0.0070700473,8.69047619047619,0.51982963,0.09174366,0.38759983,0.046431925,0.05184137
1034,2015-01-03,2015,01,03,0.07807316,0.010364013,12.761904761904763,0.5609679,0.22949977,0.40049767,0.113989055,0.064219676
1035,2015-01-04,2015,01,04,0.06405566,0.011004578,14.214285714285714,0.47725827,0.17525162,0.35985208,0.08975205,0.053085405
1036,2015-01-05,2015,01,05,0.090937324,0.019330123,65.04761904761905,0.28455058,0.16047734,0.25493985,0.08484728,0.0829248
1037,2015-01-06,2015,01,06,0.06159292,0.015827559,159.88095238095238,0.3722686,0.15423305,0.30185464,0.07777915,0.054763727
1038,2015-01-07,2015,01,07,0.060978517,0.013623973,140.04761904761904,0.47460043,0.14464596,0.35299864,0.07119035,0.051794387
1039,2015-01-08,2015,01,08,0.07766377,0.021127105,97.71428571428571,0.3028437,0.14264369,0.26968622,0.0766498,0.069188945
1040,2015-01-09,2015,01,09,0.056195993,0.012513634,60.523809523809526,0.47495514,0.24681033,0.35407123,0.1224892,0.047198683
1041,2015-01-10,2015,01,10,0.05875286,0.013504906,73.73809523809524,0.59722835,0.24587199,0.40638453,0.11461351,0.04860423
1042,2015-01-11,2015,01,11,0.13851315,0.030995255,62.214285714285715,0.3046183,0.12005943,0.26863548,0.066258825,0.12374452
1043,2015-01-12,2015,01,12,0.17814615,0.024687175,1.0714285714285714,0.23507138,0.054694645,0.23636664,0.033197284,0.16108112
1044,2015-01-13,2015,01,13,0.15176351,0.028097326,0.8095238095238095,0.1868966,0.06299168,0.2082078,0.03608534,0.13837804
1045,2015-01-14,2015,01,14,0.087934196,0.023244688,46.285714285714285,0.31420568,0.17699705,0.27619773,0.09518621,0.07795318
1046,2015-01-15,2015,01,15,0.049650732,0.0075464426,101.5,0.75002974,0.19062953,0.4855587,0.085254036,0.03862681
1047,2015-01-16,2015,01,16,0.077136695,0.011025012,123.28571428571429,0.16583402,0.08773554,0.19228786,0.047147077,0.071798414
1048,2015-01-17,2015,01,17,0.08418042,0.010025178,71.0,0.05782418,0.0401458,0.13489237,0.024008863,0.08027341
1049,2015-01-18,2015,01,18,0.048950605,0.010399142,58.404761904761905,0.27486026,0.13371333,0.25460523,0.07256677,0.043643683
1050,2015-01-19,2015,01,19,0.0381992,0.015059975,38.166666666666664,0.3061237,0.22615668,0.26800093,0.117932126,0.03469562
1051,2015-01-20,2015,01,20,0.08953307,0.019246766,132.66666666666666,0.026496178,0.04438023,0.11215379,0.029598007,0.086319044
1052,2015-01-21,2015,01,21,0.14678073,0.028218193,47.69047619047619,0.03185143,0.046446472,0.11000876,0.031139528,0.13993667
1053,2015-01-22,2015,01,22,0.1040752,0.017659053,65.54761904761905,0.18432882,0.07068714,0.20515598,0.039265785,0.095800325
1054,2015-01-23,2015,01,23,0.062844254,0.011414794,100.71428571428571,0.19474208,0.080143206,0.21353245,0.045696378,0.057526357
1055,2015-01-24,2015,01,24,0.0500801,0.008913739,236.23809523809524,0.11150036,0.068407714,0.16566107,0.039496556,0.04691545
1056,2015-01-25,2015,01,25,0.04440084,0.013311808,211.78571428571428,0.18579279,0.14047362,0.2063916,0.078155294,0.040582318
1057,2015-01-26,2015,01,26,0.04842501,0.010242058,142.45238095238096,0.5275281,0.17551918,0.38660085,0.087553255,0.039644532
1058,2015-01-27,2015,01,27,0.11797344,0.034731556,29.30952380952381,0.41371423,0.18887345,0.3267082,0.097837575,0.10166411
1059,2015-01-28,2015,01,28,0.061267227,0.014835195,19.61904761904762,0.47683686,0.17959322,0.36177117,0.092305064,0.05120238
1060,2015-01-29,2015,01,29,0.060398784,0.01079982,27.976190476190474,0.23461713,0.14469,0.23137139,0.07672833,0.05453022
1061,2015-01-30,2015,01,30,0.090372525,0.008800227,13.833333333333334,0.23960193,0.097821705,0.23961121,0.054698363,0.0810222
1062,2015-01-31,2015,01,31,0.07918877,0.008021407,37.095238095238095,0.036751047,0.038128674,0.12225556,0.022832004,0.07553606
1063,2015-02-01,2015,02,01,0.11698878,0.01762379,75.21428571428571,0.2536401,0.101685934,0.24335207,0.057163846,0.10583105
1064,2015-02-02,2015,02,02,0.16425985,0.03738288,67.5,0.1687212,0.080921635,0.19459489,0.049192406,0.15131791
1065,2015-02-03,2015,02,03,0.0817041,0.030012349,112.88095238095238,0.22530578,0.15392232,0.22826801,0.0853218,0.07490997
1066,2015-02-04,2015,02,04,0.053474303,0.014097681,191.57142857142858,0.39453238,0.22657715,0.31428713,0.11687195,0.046858776
1067,2015-02-05,2015,02,05,0.054455835,0.013331411,160.07142857142858,0.41360384,0.224278,0.31588727,0.1097432,0.048037264
1068,2015-02-06,2015,02,06,0.08209603,0.017309202,155.23809523809524,0.3576152,0.20164745,0.28076753,0.0985127,0.075997084
1069,2015-02-07,2015,02,07,0.08058099,0.021289956,166.6904761904762,0.46857023,0.19577703,0.34507805,0.094900884,0.06985644
1070,2015-02-08,2015,02,08,0.06557991,0.017337121,172.92857142857142,0.5135173,0.21827905,0.3674568,0.100545906,0.058478102
1071,2015-02-09,2015,02,09,0.107129745,0.017375145,164.57142857142858,0.15383533,0.08094125,0.18682694,0.044663694,0.10013575
1072,2015-02-10,2015,02,10,0.082434416,0.010083738,40.142857142857146,0.103719085,0.061080556,0.16161014,0.03553983,0.07719642
1073,2015-02-11,2015,02,11,0.07267787,0.012020684,107.5,0.01029485,0.02041023,0.10632849,0.012284902,0.070198275
1074,2015-02-12,2015,02,12,0.10307245,0.020633882,133.45238095238096,0.1085764,0.07081404,0.16178562,0.040325988,0.09791619
1075,2015-02-13,2015,02,13,0.063722216,0.018649092,119.42857142857143,0.3909976,0.21902232,0.29815307,0.10369694,0.058361046
1076,2015-02-14,2015,02,14,0.08689958,0.022882119,142.35714285714286,0.27874628,0.1296501,0.25448263,0.06940946,0.079233885
1077,2015-02-15,2015,02,15,0.061060946,0.015102286,278.5238095238095,0.6889605,0.2608402,0.45815885,0.12453712,0.048803583
1078,2015-02-16,2015,02,16,0.050848585,0.008665543,179.78571428571428,1.1051949,0.23538364,0.6337307,0.10024818,0.035865586
1079,2015-02-17,2015,02,17,0.11364852,0.030697415,126.4047619047619,0.4733144,0.21207236,0.35439157,0.1075176,0.09646649
1080,2015-02-18,2015,02,18,0.122004166,0.020965897,12.571428571428571,0.47926533,0.11506711,0.36529577,0.059592526,0.10284627
1081,2015-02-19,2015,02,19,0.14526437,0.01914558,1.380952380952381,0.30930582,0.08409073,0.27838978,0.044773504,0.1279915
1082,2015-02-20,2015,02,20,0.116649225,0.024045821,2.642857142857143,0.566702,0.22561714,0.40203166,0.11420714,0.09555114
1083,2015-02-21,2015,02,21,0.056493096,0.008459282,45.69047619047619,0.84985787,0.24728617,0.5282289,0.10821216,0.04215526
1084,2015-02-22,2015,02,22,0.08452309,0.017798357,77.69047619047619,0.5787558,0.20651965,0.40459436,0.09652826,0.07040362
1085,2015-02-23,2015,02,23,0.18880194,0.033977494,47.595238095238095,0.19175202,0.12309847,0.19415446,0.069814034,0.17492329
1086,2015-02-24,2015,02,24,0.12570263,0.034881897,45.69047619047619,0.29264036,0.14130683,0.24636722,0.06760494,0.116595566
1087,2015-02-25,2015,02,25,0.13942492,0.029345034,43.833333333333336,0.08591522,0.05595173,0.14643969,0.0366327,0.132914
1088,2015-02-26,2015,02,26,0.09585582,0.008132776,29.61904761904762,0.027468652,0.02526268,0.1167161,0.015226098,0.09197255
1089,2015-02-27,2015,02,27,0.12454273,0.013326591,1.8095238095238095,0.39690083,0.15757382,0.31524277,0.08123599,0.107400306
1090,2015-02-28,2015,02,28,0.07524683,0.020465285,15.595238095238095,1.114012,0.25232548,0.63104147,0.10139599,0.05555391
1091,2015-03-01,2015,03,01,0.1275817,0.021736078,66.66666666666667,0.2320819,0.12646522,0.22152747,0.06247309,0.11860085
1092,2015-03-02,2015,03,02,0.1710479,0.024626888,93.11904761904762,0.18036641,0.078362025,0.20424017,0.043588873,0.15666808
1093,2015-03-03,2015,03,03,0.13354124,0.023214692,45.333333333333336,0.22777134,0.12173789,0.2305056,0.066693634,0.12017873
1094,2015-03-04,2015,03,04,0.09743964,0.021096935,51.0,0.5016015,0.151835,0.37104845,0.07902707,0.080741934
1095,2015-03-05,2015,03,05,0.10684444,0.022353014,57.357142857142854,0.28968012,0.15586996,0.24331784,0.07609837,0.097379245
1096,2015-03-06,2015,03,06,0.13470194,0.027397057,87.19047619047619,0.32408565,0.15308104,0.27994826,0.079880305,0.11916876
1097,2015-03-07,2015,03,07,0.11078092,0.020872727,126.42857142857143,0.20701602,0.083005615,0.21768989,0.048095863,0.10198542
1098,2015-03-08,2015,03,08,0.14683124,0.024652917,55.73809523809524,0.17180699,0.11942252,0.18915065,0.0694737,0.13611408
1099,2015-03-09,2015,03,09,0.13330887,0.036537096,45.45238095238095,0.11708382,0.15134734,0.14974813,0.09451513,0.12577242
1100,2015-03-10,2015,03,10,0.09359151,0.02293658,119.78571428571429,0.2721907,0.1557459,0.24807702,0.08688144,0.08507815
1101,2015-03-11,2015,03,11,0.10236046,0.029771097,37.23809523809524,0.6598856,0.2605995,0.434046,0.12045588,0.08620068
1102,2015-03-12,2015,03,12,0.0967325,0.030431474,16.38095238095238,0.5019063,0.23539293,0.34469834,0.11215975,0.0886995
1103,2015-03-13,2015,03,13,0.15665749,0.028922535,61.857142857142854,0.09768523,0.10110673,0.14932925,0.061178774,0.14722908
1104,2015-03-14,2015,03,14,0.086092226,0.02613538,167.5,0.31997368,0.19288085,0.2726326,0.10436442,0.07697367
1105,2015-03-15,2015,03,15,0.11491737,0.03389596,129.28571428571428,0.4042176,0.19098394,0.30861035,0.10285813,0.101196945
1106,2015-03-16,2015,03,16,0.17166106,0.045422606,54.5,0.34925413,0.18122058,0.2825722,0.09485396,0.15061408
1107,2015-03-17,2015,03,17,0.10267563,0.03216313,101.9047619047619,0.750901,0.2447221,0.47276977,0.111871116,0.0838134
1108,2015-03-18,2015,03,18,0.11219021,0.014512589,164.78571428571428,0.28321114,0.097959794,0.26201323,0.05365149,0.10048713
1109,2015-03-19,2015,03,19,0.09826153,0.013911158,119.88095238095238,0.40192673,0.123517156,0.3216083,0.06641389,0.085345395
1110,2015-03-20,2015,03,20,0.12073535,0.028684879,61.357142857142854,0.36940798,0.16480753,0.30011627,0.09178477,0.104499914
1111,2015-03-21,2015,03,21,0.0959079,0.01737101,143.38095238095238,0.59343493,0.2427853,0.4064877,0.1167258,0.08048775
1112,2015-03-22,2015,03,22,0.26899305,0.051264454,62.142857142857146,0.2911056,0.12349652,0.24057448,0.06514343,0.24111988
1113,2015-03-23,2015,03,23,0.11345333,0.022556229,125.26190476190476,0.572737,0.18841302,0.40419552,0.089317136,0.09374458
1114,2015-03-24,2015,03,24,0.11318904,0.017882712,118.02380952380952,0.24052359,0.10218458,0.23247042,0.055132527,0.102123275
1115,2015-03-25,2015,03,25,0.10511265,0.023001568,37.26190476190476,0.14676856,0.1050585,0.17947145,0.060507204,0.09872029
1116,2015-03-26,2015,03,26,0.09027084,0.013533809,3.880952380952381,0.13707335,0.10833276,0.17952558,0.06518292,0.083256505
1117,2015-03-27,2015,03,27,0.097188175,0.009468649,10.595238095238095,0.7203008,0.25037837,0.46850327,0.109835856,0.076343164
1118,2015-03-28,2015,03,28,0.20259348,0.050631985,6.666666666666667,0.49102473,0.20227456,0.3638785,0.10458123,0.16898754
1119,2015-03-29,2015,03,29,0.14604618,0.018692082,126.19047619047619,0.29617777,0.12253505,0.266518,0.0662716,0.1307241
1120,2015-03-30,2015,03,30,0.13681628,0.022435261,48.785714285714285,0.12221161,0.093790345,0.16004084,0.059094828,0.1282268
1121,2015-03-31,2015,03,31,0.16303979,0.023818756,1.8095238095238095,0.28370312,0.11267531,0.26035187,0.064243406,0.1444201
1122,2015-04-01,2015,04,01,0.13416417,0.014445883,17.023809523809526,0.3933625,0.13563381,0.3211895,0.07173974,0.114720866
1123,2015-04-02,2015,04,02,0.24844544,0.027462825,0.8095238095238095,0.7256832,0.078849725,0.46821693,0.030245354,0.18895596
1124,2015-04-03,2015,04,03,0.21484147,0.022628943,24.666666666666668,0.23118702,0.076903604,0.22485524,0.04453478,0.19226967
1125,2015-04-04,2015,04,04,0.18413623,0.016247462,19.404761904761905,0.3450872,0.088743575,0.2946987,0.04758754,0.15964253
1126,2015-04-05,2015,04,05,0.11735407,0.012301728,65.4047619047619,0.6045157,0.123498425,0.4219884,0.060349986,0.09474017
1127,2015-04-06,2015,04,06,0.09863475,0.026859272,98.64285714285714,0.72477347,0.27010798,0.46733993,0.12325592,0.07979154
1128,2015-04-07,2015,04,07,0.15521793,0.023921423,49.73809523809524,0.46510842,0.18225732,0.35397565,0.0850909,0.13173124
1129,2015-04-08,2015,04,08,0.17552541,0.02853779,64.14285714285714,0.35861555,0.100531176,0.29944605,0.052617557,0.1519753
1130,2015-04-09,2015,04,09,0.09284319,0.01970638,263.95238095238096,0.5218202,0.16574952,0.3836987,0.08465792,0.0770099
1131,2015-04-10,2015,04,10,0.11506515,0.020866128,86.04761904761905,0.761172,0.15395744,0.49176776,0.07302116,0.088404976
1132,2015-04-11,2015,04,11,0.0807893,0.022828631,93.23809523809524,0.41171595,0.25152907,0.30919525,0.12530832,0.071990676
1133,2015-04-12,2015,04,12,0.18801668,0.030858383,4.309523809523809,0.20583028,0.16960037,0.21034376,0.07765359,0.17628238
1134,2015-04-13,2015,04,13,0.08040906,0.019817404,84.64285714285714,0.6658687,0.21794005,0.43772873,0.09770937,0.06662224
1135,2015-04-14,2015,04,14,0.14830947,0.021816917,20.595238095238095,0.5384912,0.17564447,0.3878335,0.08555776,0.12246997
1136,2015-04-15,2015,04,15,0.15889837,0.020801825,60.714285714285715,0.096917324,0.074922994,0.15344322,0.042922053,0.14886287
1137,2015-04-16,2015,04,16,0.15943314,0.0071246712,1.1666666666666667,0.27625057,0.08318471,0.25913122,0.047396567,0.14114457
1138,2015-04-17,2015,04,17,0.1548585,0.007047327,10.666666666666666,0.49001098,0.06822353,0.3689073,0.034380354,0.1287484
1139,2015-04-18,2015,04,18,,,0.0,,,,,
1140,2015-04-19,2015,04,19,,,0.0,,,,,
1141,2015-04-20,2015,04,20,0.25184083,0.024304932,16.142857142857142,0.8143461,0.14255486,0.5271872,0.07061912,0.18251361
1142,2015-04-21,2015,04,21,0.22939706,0.031529136,86.30952380952381,0.83280724,0.15831348,0.5345012,0.07682497,0.16976394
1143,2015-04-22,2015,04,22,0.13431434,0.02113423,21.285714285714285,0.91854805,0.19158173,0.5574154,0.080169335,0.098445386
1144,2015-04-23,2015,04,23,0.1642593,0.016770568,1.4047619047619047,0.73770195,0.12126295,0.490344,0.054490026,0.1259893
1145,2015-04-24,2015,04,24,0.124495395,0.033404466,24.452380952380953,0.7759295,0.228308,0.49325404,0.10319118,0.098207675
1146,2015-04-25,2015,04,25,0.10792347,0.02577539,114.35714285714286,0.58205444,0.22009747,0.39936566,0.10735451,0.0893426
1147,2015-04-26,2015,04,26,0.107260965,0.013968909,16.238095238095237,0.40677416,0.16128728,0.3239574,0.08381806,0.09133793
1148,2015-04-27,2015,04,27,0.14124529,0.00698724,1.5,0.437445,0.15779684,0.34312937,0.08173798,0.11879045
1149,2015-04-28,2015,04,28,,,0.0,,,,,
1150,2015-04-29,2015,04,29,0.17981207,0.02366282,0.40476190476190477,0.5231967,0.1499512,0.38860893,0.07298073,0.14782831
1151,2015-04-30,2015,04,30,0.19912562,0.01645107,8.142857142857142,0.08098265,0.050155826,0.1387772,0.03606896,0.18847562
1152,2015-05-01,2015,05,01,0.1698092,0.0111454055,38.214285714285715,0.43352196,0.089168176,0.34120727,0.046778657,0.14350252
1153,2015-05-02,2015,05,02,0.11854821,0.012731342,47.73809523809524,0.6172552,0.17450017,0.42724708,0.08031755,0.09473149
1154,2015-05-03,2015,05,03,0.08524523,0.026257113,31.452380952380953,1.0517277,0.27859777,0.59765005,0.1186236,0.06377542
1155,2015-05-04,2015,05,04,0.19351372,0.02546662,20.452380952380953,0.66648024,0.11060344,0.456455,0.05428952,0.15107398
1156,2015-05-05,2015,05,05,0.17309496,0.020976253,7.190476190476191,0.5319977,0.16549176,0.38945502,0.08857277,0.14185062
1157,2015-05-06,2015,05,06,0.21364874,0.021826928,30.023809523809526,0.6920775,0.13888134,0.46231613,0.063666284,0.16506626
1158,2015-05-07,2015,05,07,0.18381672,0.019326044,10.19047619047619,0.637821,0.15592979,0.42866305,0.07299627,0.14519149
1159,2015-05-08,2015,05,08,0.13282451,0.014714841,30.61904761904762,0.21381949,0.12665507,0.21726492,0.06724876,0.12016023
1160,2015-05-09,2015,05,09,0.25835785,0.050897185,0.14285714285714285,0.3648663,0.32210603,0.28483155,0.17972814,0.22460675
1161,2015-05-10,2015,05,10,0.23833278,0.01308581,0.47619047619047616,0.5245197,0.07703559,0.3868722,0.032227173,0.19414954
1162,2015-05-11,2015,05,11,0.19064173,0.025541436,8.30952380952381,0.6093484,0.12709391,0.42352995,0.058304317,0.15217443
1163,2015-05-12,2015,05,12,0.17213367,0.014788338,16.61904761904762,0.4971643,0.11878112,0.36906275,0.06229853,0.14160354
1164,2015-05-13,2015,05,13,0.18367578,0.044102762,11.166666666666666,0.39055493,0.17212962,0.30727574,0.08629545,0.15650344
1165,2015-05-14,2015,05,14,,,0.0,,,,,
1166,2015-05-15,2015,05,15,0.11388671,0.02551593,41.476190476190474,0.4405621,0.18739128,0.33906445,0.091950916,0.098174766
1167,2015-05-16,2015,05,16,0.15589646,0.030495409,67.52380952380952,0.4832747,0.1945672,0.35149232,0.1013338,0.12922005
1168,2015-05-17,2015,05,17,0.12052696,0.018439502,180.33333333333334,0.8106218,0.14420472,0.5194182,0.06684978,0.090713374
1169,2015-05-18,2015,05,18,0.06737411,0.011751332,132.6904761904762,0.74438035,0.26124507,0.47757778,0.120330624,0.05287385
1170,2015-05-19,2015,05,19,0.12224691,0.050694104,8.404761904761905,1.0189751,0.22062957,0.56918496,0.10107283,0.10199607
1171,2015-05-20,2015,05,20,0.15767533,0.050000597,37.0,0.67694986,0.26979214,0.43550614,0.12461388,0.13371119
1172,2015-05-21,2015,05,21,0.09779072,0.025304653,136.45238095238096,0.83778477,0.2859783,0.5209952,0.12788306,0.0754396
1173,2015-05-22,2015,05,22,0.067143746,0.014436342,181.57142857142858,0.78868914,0.29343924,0.50354016,0.13499479,0.0513532
1174,2015-05-23,2015,05,23,0.068837,0.008941084,46.30952380952381,0.6881274,0.25678447,0.4543459,0.12150751,0.052891675
1175,2015-05-24,2015,05,24,0.14093313,0.01829768,0.5952380952380952,0.38592324,0.17839219,0.30931187,0.09290469,0.12272608
1176,2015-05-25,2015,05,25,0.19269252,0.041684568,15.976190476190476,0.3874121,0.24327469,0.30220768,0.11739433,0.17039715
1177,2015-05-26,2015,05,26,0.09524189,0.023105858,130.61904761904762,0.7500764,0.24253187,0.48746666,0.11346427,0.074730836
1178,2015-05-27,2015,05,27,0.08469392,0.017642548,127.35714285714286,0.83806753,0.30642018,0.52435684,0.14060734,0.06397537
1179,2015-05-28,2015,05,28,0.073840946,0.006650915,11.404761904761905,0.6987192,0.1480106,0.46474972,0.068951294,0.05636043
1180,2015-05-29,2015,05,29,,,0.0,,,,,
1181,2015-05-30,2015,05,30,0.24766567,0.043605607,0.3333333333333333,0.058498364,0.05531774,0.12162562,0.03935159,0.23657648
1182,2015-05-31,2015,05,31,0.089400746,0.013249498,53.07142857142857,0.7373066,0.21901226,0.4812144,0.095088094,0.07053874
1183,2015-06-01,2015,06,01,0.10712768,0.015729133,29.071428571428573,1.1068158,0.23820579,0.6263978,0.09869072,0.074629165
1184,2015-06-02,2015,06,02,0.104577556,0.01686356,3.738095238095238,1.175493,0.19095856,0.65194416,0.07795967,0.06956529
1185,2015-06-03,2015,06,03,0.11914635,0.010401111,1.0238095238095237,0.74084806,0.18390249,0.48951656,0.08525752,0.0912979
1186,2015-06-04,2015,06,04,,,0.0,,,,,
1187,2015-06-05,2015,06,05,0.15808232,0.020595286,7.880952380952381,0.57820976,0.095810406,0.41455984,0.046199415,0.12851755
1188,2015-06-06,2015,06,06,0.17671572,0.01110121,1.1428571428571428,0.5201525,0.09990515,0.38428423,0.04596895,0.14392185
1189,2015-06-07,2015,06,07,0.12437075,0.012862513,5.857142857142857,0.8423586,0.2671365,0.52511996,0.12316967,0.093113884
1190,2015-06-08,2015,06,08,0.07947959,0.009315791,76.5952380952381,1.188665,0.17487568,0.6693879,0.07030769,0.05367513
1191,2015-06-09,2015,06,09,0.059613038,0.013222798,31.761904761904763,0.9661945,0.27492222,0.56360054,0.11904975,0.043856826
1192,2015-06-10,2015,06,10,0.0869998,0.036629505,38.833333333333336,0.91611415,0.3761777,0.5388573,0.15618126,0.07274114
1193,2015-06-11,2015,06,11,0.09413675,0.030681225,31.476190476190474,1.0454577,0.29456913,0.60628587,0.12975334,0.06970898
1194,2015-06-12,2015,06,12,0.101457454,0.013311851,6.666666666666667,0.97494227,0.32308218,0.5767583,0.1388026,0.07417557
1195,2015-06-13,2015,06,13,0.09090786,0.0144405505,18.214285714285715,0.79238766,0.14107455,0.51158386,0.063641064,0.06832273
1196,2015-06-14,2015,06,14,,,0.0,,,,,
1197,2015-06-15,2015,06,15,,,0.047619047619047616,,,,,
1198,2015-06-16,2015,06,16,0.12028521,0.027716335,0.8333333333333334,0.0035238445,0.008685349,0.10230148,0.0052362583,0.116824195
1199,2015-06-17,2015,06,17,0.12490526,0.012349319,0.21428571428571427,0.05727268,0.050387725,0.13462704,0.030240342,0.11839193
1200,2015-06-18,2015,06,18,0.11926627,0.027457995,15.357142857142858,0.24084754,0.09683035,0.22105813,0.059410162,0.10758854
1201,2015-06-19,2015,06,19,0.10972035,0.0149044795,133.76190476190476,0.3495621,0.13287458,0.28477186,0.07109973,0.09605047
1202,2015-06-20,2015,06,20,0.1419131,0.032556813,11.214285714285714,1.6682013,0.15129258,0.8465674,0.057023138,0.08019801
1203,2015-06-21,2015,06,21,0.17043777,0.025662359,3.9523809523809526,0.6919073,0.17227681,0.4444676,0.084116735,0.14100084
1204,2015-06-22,2015,06,22,0.18505031,0.025366409,58.26190476190476,0.39136872,0.1658743,0.31160846,0.09083938,0.16093905
1205,2015-06-23,2015,06,23,0.13887411,0.026240513,227.35714285714286,0.5842382,0.1774079,0.4071651,0.09250762,0.11325037
1206,2015-06-24,2015,06,24,0.10554173,0.018219143,42.023809523809526,0.4229708,0.18662435,0.31548467,0.09834532,0.092419356
1207,2015-06-25,2015,06,25,0.0796532,0.01424493,3.857142857142857,0.69507504,0.20803453,0.438163,0.097525045,0.064809635
1208,2015-06-26,2015,06,26,0.13474444,0.016011458,6.309523809523809,0.39239433,0.14368081,0.3157149,0.07710476,0.114714086
1209,2015-06-27,2015,06,27,0.09247649,0.019208154,18.023809523809526,0.99216676,0.24592566,0.5879682,0.101073965,0.06724403
1210,2015-06-28,2015,06,28,0.111124545,0.013710681,11.928571428571429,0.48653433,0.16534711,0.36601788,0.08407665,0.09282565
1211,2015-06-29,2015,06,29,0.089209676,0.007340972,0.47619047619047616,0.7269842,0.15049614,0.47319365,0.070907675,0.068336785
1212,2015-06-30,2015,06,30,,,0.0,,,,,
1213,2015-07-01,2015,07,01,0.056638796,0.038819503,0.6190476190476191,1.4755254,0.17499454,0.77054924,0.06515419,0.036305755
1214,2015-07-02,2015,07,02,0.11776129,0.049648847,71.45238095238095,0.7530279,0.40069556,0.46607262,0.18235826,0.09995791
1215,2015-07-03,2015,07,03,0.05215565,0.016672658,236.71428571428572,1.1424426,0.38876265,0.64009464,0.16737193,0.037079733
1216,2015-07-04,2015,07,04,0.052024603,0.011369978,191.47619047619048,1.2631232,0.31003404,0.68835545,0.12915891,0.0352399
1217,2015-07-05,2015,07,05,0.049159355,0.014443122,81.85714285714286,1.1929073,0.3685581,0.64920795,0.1576888,0.034324504
1218,2015-07-06,2015,07,06,,,0.0,,,,,
1219,2015-07-07,2015,07,07,0.05572942,0.020962773,41.07142857142857,0.90752614,0.3410823,0.5361397,0.14604457,0.045144413
1220,2015-07-08,2015,07,08,0.06095801,0.023921754,153.5,1.0523384,0.37861437,0.6046085,0.1607875,0.044735625
1221,2015-07-09,2015,07,09,0.08732482,0.024965491,79.38095238095238,1.0792322,0.39491603,0.61603695,0.1688463,0.06279958
1222,2015-07-10,2015,07,10,0.06721612,0.017340342,43.476190476190474,1.221168,0.31679687,0.66774815,0.13449053,0.046652917
1223,2015-07-11,2015,07,11,0.07371862,0.021379925,23.547619047619047,0.50179785,0.264945,0.3336755,0.12450372,0.06516116
1224,2015-07-12,2015,07,12,0.16107906,0.055732705,23.428571428571427,0.4258859,0.30365574,0.29664567,0.14480661,0.14276339
1225,2015-07-13,2015,07,13,0.095494434,0.029340431,107.4047619047619,0.8758599,0.26981717,0.5247262,0.117725685,0.07454261
1226,2015-07-14,2015,07,14,0.1142049,0.02252004,135.83333333333334,1.0343277,0.25442046,0.6058637,0.108034536,0.07978534
1227,2015-07-15,2015,07,15,0.098557,0.019065132,63.76190476190476,0.54210085,0.20332012,0.3796829,0.101705246,0.080416076
1228,2015-07-16,2015,07,16,0.16235006,0.0062017944,0.14285714285714285,1.3564451,0.16690299,0.7323019,0.057461023,0.10380013
1229,2015-07-17,2015,07,17,0.12900567,0.0098175835,0.09523809523809523,0.82815963,0.32051447,0.5245975,0.1399737,0.09677355
1230,2015-07-18,2015,07,18,0.15600206,0.03191879,30.404761904761905,0.5470288,0.20967263,0.39084357,0.099144615,0.13026729
1231,2015-07-19,2015,07,19,0.086074434,0.035972923,40.88095238095238,0.7994123,0.37058195,0.4972622,0.17219588,0.06783009
1232,2015-07-20,2015,07,20,0.062488835,0.012909429,46.595238095238095,1.1640517,0.3206176,0.6522208,0.13355766,0.042716313
1233,2015-07-21,2015,07,21,0.048029784,0.00940801,16.928571428571427,1.1351784,0.34383854,0.6342163,0.14606525,0.0335809
1234,2015-07-22,2015,07,22,0.032502558,0.016168797,2.5476190476190474,0.82500935,0.5124062,0.48680106,0.22398418,0.026682064
1235,2015-07-23,2015,07,23,0.22927244,0.032855224,7.666666666666667,0.3900207,0.1481417,0.30050728,0.07917667,0.20351198
1236,2015-07-24,2015,07,24,0.11801962,0.027975958,21.928571428571427,0.66606057,0.241436,0.44948316,0.11282626,0.094475575
1237,2015-07-25,2015,07,25,0.122649446,0.025332946,44.976190476190474,0.38963208,0.16329698,0.3010699,0.08601454,0.10982423
1238,2015-07-26,2015,07,26,0.088729985,0.024283342,8.571428571428571,0.4636346,0.27661347,0.33708924,0.14061666,0.07532019
1239,2015-07-27,2015,07,27,0.054995496,0.012289286,1.119047619047619,1.0161717,0.09864712,0.5749969,0.04293719,0.039624553
1240,2015-07-28,2015,07,28,0.13606316,0.025914397,1.5476190476190477,0.9038509,0.24579078,0.55478156,0.109941244,0.101971865
1241,2015-07-29,2015,07,29,0.13028757,0.024574744,2.7142857142857144,0.56992835,0.18636872,0.40508756,0.094079755,0.10685402
1242,2015-07-30,2015,07,30,0.11007227,0.011531509,4.809523809523809,0.66157305,0.16210477,0.45182085,0.07843008,0.08663292
1243,2015-07-31,2015,07,31,0.071458966,0.012429962,77.71428571428571,0.6928875,0.2333505,0.4604873,0.11381439,0.056206882
1244,2015-08-01,2015,08,01,0.09055943,0.044891864,51.142857142857146,0.7372016,0.37935394,0.4603665,0.17180394,0.07107706
1245,2015-08-02,2015,08,02,0.16503766,0.03791585,2.357142857142857,0.52013195,0.24089822,0.36481893,0.10856002,0.14400531
1246,2015-08-03,2015,08,03,0.09279428,0.03808602,59.61904761904762,0.5850008,0.3268077,0.40108573,0.15059787,0.07778918
1247,2015-08-04,2015,08,04,0.09872221,0.029106108,113.85714285714286,0.37945595,0.2639665,0.30275562,0.13387282,0.086562715
1248,2015-08-05,2015,08,05,0.12132046,0.030626087,25.666666666666668,0.27313453,0.18566908,0.24315014,0.10191235,0.10916738
1249,2015-08-06,2015,08,06,0.09402593,0.012231819,20.428571428571427,0.8868776,0.16771488,0.54188144,0.07299393,0.070774674
1250,2015-08-07,2015,08,07,0.10665568,0.011565884,1.9761904761904763,1.3927652,0.22028232,0.742655,0.07878218,0.06844309
1251,2015-08-08,2015,08,08,0.057190705,0.026603218,20.595238095238095,1.0735346,0.28544876,0.6137817,0.11465837,0.04261209
1252,2015-08-09,2015,08,09,0.09119105,0.02124835,43.04761904761905,0.9780425,0.32900196,0.577044,0.14340834,0.067413144
1253,2015-08-10,2015,08,10,0.07590776,0.014842747,54.92857142857143,1.23974,0.29678655,0.68198335,0.12119909,0.051273365
1254,2015-08-11,2015,08,11,0.045764875,0.010375134,121.33333333333333,1.093986,0.2835233,0.6141912,0.12061477,0.033254605
1255,2015-08-12,2015,08,12,0.04335804,0.012929124,57.523809523809526,0.65656656,0.3869087,0.4236677,0.17806713,0.036125816
1256,2015-08-13,2015,08,13,0.08361877,0.029206976,31.785714285714285,0.6047237,0.34711936,0.4028592,0.1525322,0.07386815
1257,2015-08-14,2015,08,14,0.10255472,0.025279671,74.9047619047619,0.5515486,0.19317105,0.39016175,0.094925575,0.08522227
1258,2015-08-15,2015,08,15,0.16138923,0.025137192,29.238095238095237,0.3668206,0.14303924,0.29806393,0.07690303,0.14063768
1259,2015-08-16,2015,08,16,0.19705209,0.02825454,11.738095238095237,0.32546136,0.15137938,0.27287298,0.08833653,0.1734108
1260,2015-08-17,2015,08,17,0.16374525,0.02712453,49.80952380952381,0.30156898,0.17757022,0.25970387,0.098593555,0.14547248
1261,2015-08-18,2015,08,18,0.14376591,0.022078136,8.523809523809524,0.59875065,0.30091342,0.40036425,0.1352797,0.11695047
1262,2015-08-19,2015,08,19,0.1184737,0.03373723,110.04761904761905,0.51988006,0.269768,0.36596927,0.12988487,0.10333064
1263,2015-08-20,2015,08,20,0.09984888,0.021601535,113.47619047619048,0.8700553,0.33532798,0.52983725,0.1488633,0.07556016
1264,2015-08-21,2015,08,21,0.08316384,0.014240925,68.69047619047619,1.1167898,0.35606512,0.63231164,0.15194799,0.058148097
1265,2015-08-22,2015,08,22,0.08153937,0.025554372,43.666666666666664,0.79730064,0.40973204,0.48692518,0.18583015,0.06481489
1266,2015-08-23,2015,08,23,0.117699645,0.017872661,0.23809523809523808,0.9344386,0.41115552,0.5542492,0.17790958,0.088919796
1267,2015-08-24,2015,08,24,0.13848825,0.038729202,3.5476190476190474,1.0631899,0.3217125,0.61609995,0.12923965,0.09953022
1268,2015-08-25,2015,08,25,0.10974429,0.01614401,5.666666666666667,0.9192397,0.27539688,0.55854976,0.11704789,0.08102647
1269,2015-08-26,2015,08,26,0.09466632,0.01572576,44.04761904761905,0.9912828,0.23943858,0.5867148,0.10438076,0.06868651
1270,2015-08-27,2015,08,27,0.08226902,0.011890523,77.30952380952381,0.7994763,0.2712654,0.4985373,0.12956901,0.06299517
1271,2015-08-28,2015,08,28,0.04454146,0.011674248,95.07142857142857,1.1302565,0.28131157,0.63141674,0.12074374,0.032081947
1272,2015-08-29,2015,08,29,0.08803907,0.04623139,20.214285714285715,0.6074713,0.37854272,0.39267308,0.17249146,0.080413304
1273,2015-08-30,2015,08,30,0.089825876,0.031113856,14.333333333333334,0.6389663,0.25403073,0.41480258,0.11666922,0.07928858
1274,2015-08-31,2015,08,31,0.12255891,0.028145358,38.38095238095238,0.23255888,0.12443652,0.2307291,0.070671596,0.110954046
1275,2015-09-01,2015,09,01,0.13702981,0.021488396,56.07142857142857,0.5974962,0.16099007,0.41153947,0.08052393,0.10791302
1276,2015-09-02,2015,09,02,0.09538035,0.01900477,98.21428571428571,0.7234535,0.2602107,0.46376815,0.11697711,0.075241745
1277,2015-09-03,2015,09,03,0.07463803,0.033338014,14.047619047619047,0.93097806,0.28426737,0.5373131,0.12547097,0.06381537
1278,2015-09-04,2015,09,04,0.0924511,0.027995326,53.54761904761905,0.5968207,0.25859404,0.41430357,0.118426405,0.07651678
1279,2015-09-05,2015,09,05,0.11455985,0.021705562,102.21428571428571,0.3541845,0.16595055,0.29942593,0.089256965,0.09930688
1280,2015-09-06,2015,09,06,0.11911907,0.014682997,28.523809523809526,0.24009006,0.11308058,0.23506516,0.06315464,0.106454045
1281,2015-09-07,2015,09,07,0.13613318,0.010944009,29.666666666666668,0.26763964,0.10212031,0.2533112,0.05702957,0.12121635
1282,2015-09-08,2015,09,08,0.119660296,0.014128215,47.38095238095238,0.49278578,0.18435828,0.3661565,0.09389019,0.099320374
1283,2015-09-09,2015,09,09,0.20512062,0.024381697,22.761904761904763,0.86481017,0.13308817,0.54643834,0.060421646,0.15032929
1284,2015-09-10,2015,09,10,0.14439654,0.02998462,168.42857142857142,0.8266055,0.22904202,0.51560926,0.1047078,0.11168513
1285,2015-09-11,2015,09,11,0.12399827,0.015654758,29.785714285714285,0.4253445,0.22330925,0.33191067,0.11894785,0.10525181
1286,2015-09-12,2015,09,12,0.11949689,0.014010743,18.571428571428573,0.39312994,0.18969667,0.31353924,0.10093681,0.10365259
1287,2015-09-13,2015,09,13,0.0559506,0.009129757,5.071428571428571,0.7998031,0.36170918,0.48831886,0.16614765,0.044294905
1288,2015-09-14,2015,09,14,0.22054598,0.045771148,8.80952380952381,0.6735253,0.1869892,0.44484234,0.09580075,0.17499912
1289,2015-09-15,2015,09,15,0.13293539,0.02337819,104.57142857142857,0.53109753,0.17330395,0.38505197,0.08413381,0.11164444
1290,2015-09-16,2015,09,16,0.08457963,0.016129747,163.47619047619048,0.5011509,0.17766704,0.37256688,0.089435264,0.07054407
1291,2015-09-17,2015,09,17,0.06616996,0.011132544,70.07142857142857,0.61846644,0.24744089,0.42238298,0.118447326,0.052863225
1292,2015-09-18,2015,09,18,0.08923596,0.008550064,48.04761904761905,0.30785176,0.12467666,0.27133912,0.06519464,0.07892077
1293,2015-09-19,2015,09,19,0.122054204,0.011449924,3.2857142857142856,0.6161078,0.10996374,0.41280827,0.053732254,0.10202452
1294,2015-09-20,2015,09,20,0.19624615,0.029063523,19.166666666666668,0.42116773,0.12555446,0.32939792,0.06317876,0.16675262
1295,2015-09-21,2015,09,21,0.11622628,0.021391694,116.02380952380952,0.57947856,0.16997397,0.41096532,0.0853737,0.094289675
1296,2015-09-22,2015,09,22,0.09936332,0.0128024835,76.76190476190476,0.9234427,0.2323332,0.56226236,0.10092183,0.07192782
1297,2015-09-23,2015,09,23,0.088912055,0.013231896,50.904761904761905,0.7743939,0.23492832,0.48401278,0.10924703,0.07064907
1298,2015-09-24,2015,09,24,0.114192486,0.028956741,104.80952380952381,0.2898703,0.20720713,0.24538662,0.1023754,0.106170684
1299,2015-09-25,2015,09,25,0.06413868,0.018130703,60.095238095238095,0.4974948,0.25340703,0.36110774,0.120809205,0.05500928
1300,2015-09-26,2015,09,26,0.08108769,0.020258134,64.26190476190476,0.3148038,0.19235432,0.26125988,0.09198052,0.07410054
1301,2015-09-27,2015,09,27,0.07121666,0.02117195,73.47619047619048,0.3811351,0.24423008,0.29332042,0.12249796,0.06465428
1302,2015-09-28,2015,09,28,0.048779733,0.00990138,82.52380952380952,0.65296435,0.31389302,0.43416676,0.15079045,0.03920598
1303,2015-09-29,2015,09,29,0.09181432,0.019355292,40.80952380952381,0.34234104,0.13318422,0.27824116,0.07189363,0.08144105
1304,2015-09-30,2015,09,30,0.108673766,0.026369726,46.976190476190474,0.47640613,0.17862797,0.3425589,0.086682096,0.097237706
1305,2015-10-01,2015,10,01,0.08187793,0.025071064,88.92857142857143,0.5310077,0.24396111,0.3794333,0.11790041,0.06974581
1306,2015-10-02,2015,10,02,0.07437408,0.010534695,48.0,0.39423963,0.19218177,0.3153342,0.09767553,0.06414942
1307,2015-10-03,2015,10,03,0.1372159,0.026182285,2.5238095238095237,0.39361426,0.15784238,0.3112361,0.090971276,0.11805163
1308,2015-10-04,2015,10,04,0.1332663,0.022003079,3.857142857142857,0.47755665,0.10935266,0.35691696,0.055431217,0.113366015
1309,2015-10-05,2015,10,05,0.17419352,0.025288494,93.95238095238095,0.2211386,0.08719573,0.21625051,0.04972896,0.16151442
1310,2015-10-06,2015,10,06,0.097715005,0.022547275,143.04761904761904,0.35037985,0.13439216,0.2908311,0.067199335,0.08767973
1311,2015-10-07,2015,10,07,0.08954822,0.016007219,144.28571428571428,0.31749347,0.15835178,0.27925506,0.083826184,0.0790049
1312,2015-10-08,2015,10,08,0.08576971,0.018901676,111.80952380952381,0.39857987,0.2032978,0.31181514,0.107183,0.07516641
1313,2015-10-09,2015,10,09,0.11551519,0.024279192,171.76190476190476,0.10677297,0.08524713,0.14830314,0.053628996,0.110285185
1314,2015-10-10,2015,10,10,0.16041374,0.029187476,2.238095238095238,0.16401438,0.10509598,0.19065623,0.06760801,0.14703785
1315,2015-10-11,2015,10,11,0.15095156,0.030496854,6.642857142857143,0.43168658,0.11831393,0.33681145,0.058290627,0.12914436
1316,2015-10-12,2015,10,12,0.15777922,0.029150605,21.833333333333332,0.39634517,0.15615942,0.31841564,0.080769226,0.13647732
1317,2015-10-13,2015,10,13,0.119072884,0.0220301,52.76190476190476,0.7223087,0.24333584,0.46925843,0.11235261,0.09404158
1318,2015-10-14,2015,10,14,0.07885371,0.011397021,79.04761904761905,1.0138814,0.27655712,0.5987409,0.11956637,0.05598789
1319,2015-10-15,2015,10,15,0.12536256,0.04756214,62.904761904761905,0.7464083,0.31714144,0.4733427,0.14224382,0.101439685
1320,2015-10-16,2015,10,16,0.08973109,0.023812113,76.83333333333333,0.65081984,0.26001152,0.43199885,0.11437935,0.074498765
1321,2015-10-17,2015,10,17,0.08012964,0.02096177,94.28571428571429,0.83965987,0.28356707,0.521925,0.12569493,0.06268917
1322,2015-10-18,2015,10,18,0.06430779,0.0136630945,123.26190476190476,0.61098063,0.22494584,0.41641757,0.10626663,0.052602775
1323,2015-10-19,2015,10,19,0.09369393,0.011759736,25.0,0.5089217,0.17072082,0.37571248,0.08605082,0.07650373
1324,2015-10-20,2015,10,20,0.098878816,0.01584931,61.07142857142857,0.19891326,0.11873226,0.21211742,0.0640835,0.09040075
1325,2015-10-21,2015,10,21,0.12549552,0.019768424,45.333333333333336,0.36012632,0.13667135,0.30191076,0.07005246,0.1095567
1326,2015-10-22,2015,10,22,0.07964368,0.014484709,64.35714285714286,0.316418,0.11833628,0.2797531,0.061440364,0.07052213
1327,2015-10-23,2015,10,23,0.07006375,0.00820855,32.666666666666664,0.5554738,0.1596105,0.4034902,0.07966673,0.05698321
1328,2015-10-24,2015,10,24,0.07590385,0.0119971335,5.690476190476191,0.1783603,0.12630005,0.20431562,0.07037851,0.06983543
1329,2015-10-25,2015,10,25,0.11414582,0.027280414,24.80952380952381,0.5596705,0.21776071,0.39145452,0.11262043,0.094233714
1330,2015-10-26,2015,10,26,0.10546689,0.025755718,84.33333333333333,0.5224041,0.20564592,0.37741348,0.10412801,0.08880554
1331,2015-10-27,2015,10,27,0.11932968,0.018639775,46.595238095238095,0.40904605,0.10315898,0.32349724,0.053222194,0.104354575
1332,2015-10-28,2015,10,28,0.07537902,0.013335107,71.35714285714286,0.49264956,0.17556444,0.36339167,0.08470724,0.06365161
1333,2015-10-29,2015,10,29,0.11908365,0.012443462,6.142857142857143,0.17322116,0.07062659,0.2001771,0.039622694,0.1095526
1334,2015-10-30,2015,10,30,0.10517715,0.010885345,23.69047619047619,0.0065566106,0.02031559,0.103612155,0.01199751,0.1017937
1335,2015-10-31,2015,10,31,0.10564934,0.0158691,79.07142857142857,0.077298924,0.058051612,0.1452067,0.035176206,0.1005132
1336,2015-11-01,2015,11,01,0.12792674,0.021811508,81.30952380952381,0.108937524,0.05953645,0.1608792,0.034075014,0.122071855
1337,2015-11-02,2015,11,02,0.124790475,0.019515017,11.023809523809524,0.29181275,0.08880034,0.26543212,0.046578914,0.11135028
1338,2015-11-03,2015,11,03,0.09615328,0.015736079,62.166666666666664,0.065871604,0.064889275,0.13916968,0.038039748,0.09141004
1339,2015-11-04,2015,11,04,0.08958967,0.01054591,19.19047619047619,0.38873953,0.12598485,0.3156222,0.06560502,0.07633223
1340,2015-11-05,2015,11,05,0.109631196,0.015620573,20.523809523809526,0.45503277,0.14003202,0.3508081,0.068875514,0.09282654
1341,2015-11-06,2015,11,06,0.1413975,0.014426928,38.73809523809524,0.23886265,0.053300984,0.23719257,0.028564947,0.12733553
1342,2015-11-07,2015,11,07,0.113000914,0.015771009,27.571428571428573,0.29820868,0.07628355,0.27047098,0.04122407,0.10036813
1343,2015-11-08,2015,11,08,0.063250415,0.013358179,18.214285714285715,0.67029387,0.2652203,0.44456065,0.12250646,0.05125819
1344,2015-11-09,2015,11,09,0.06710905,0.010754562,71.38095238095238,0.6028464,0.1889117,0.41518432,0.08926993,0.05505711
1345,2015-11-10,2015,11,10,0.09445788,0.0124379285,33.095238095238095,0.17280146,0.101318985,0.19884498,0.057003118,0.08637794
1346,2015-11-11,2015,11,11,0.16002728,0.020290991,11.857142857142858,0.3704251,0.10182062,0.30254272,0.048705053,0.1398465
1347,2015-11-12,2015,11,12,0.16439162,0.012857907,28.666666666666668,0.1615718,0.03494335,0.1899546,0.017923268,0.15348531
1348,2015-11-13,2015,11,13,0.11101834,0.0137472255,13.714285714285714,0.24706139,0.104016975,0.24222969,0.057764966,0.09936608
1349,2015-11-14,2015,11,14,0.115514204,0.017039763,13.428571428571429,0.35899553,0.12358182,0.3000164,0.066823475,0.10048296
1350,2015-11-15,2015,11,15,0.08902292,0.015449713,33.26190476190476,0.23904477,0.11433017,0.23103806,0.060856458,0.08156735
1351,2015-11-16,2015,11,16,0.1661945,0.011480587,27.88095238095238,0.034759913,0.025895169,0.12047781,0.015255598,0.15962571
1352,2015-11-17,2015,11,17,0.20995028,0.009918678,15.785714285714286,-0.00029340648,4.500522e-08,0.10000012,1.2415178e-07,0.20428823
1353,2015-11-18,2015,11,18,0.16025172,0.009354111,5.5,0.0010526798,0.0027731294,0.100811616,0.0016718854,0.15577282
1354,2015-11-19,2015,11,19,0.11554155,0.016697435,46.54761904761905,0.00039995302,0.0020726514,0.100418195,0.0012495846,0.11238965
1355,2015-11-20,2015,11,20,0.09036387,0.01376766,49.45238095238095,0.10556978,0.057997297,0.16166852,0.034243044,0.0845543
1356,2015-11-21,2015,11,21,0.09859363,0.019001145,10.30952380952381,0.2911378,0.17052358,0.2618896,0.09390564,0.087771215
1357,2015-11-22,2015,11,22,0.074289374,0.019511035,73.5952380952381,0.53394055,0.21552639,0.38165194,0.10576671,0.06261614
1358,2015-11-23,2015,11,23,0.07699226,0.023747616,39.166666666666664,0.3133292,0.1670966,0.27693248,0.09110839,0.068675034
1359,2015-11-24,2015,11,24,0.07359497,0.020713033,11.571428571428571,0.23723549,0.17794007,0.23281248,0.09574606,0.0670579
1360,2015-11-25,2015,11,25,0.08085554,0.010261484,5.404761904761905,0.34042677,0.12119355,0.2922212,0.06484752,0.07052549
1361,2015-11-26,2015,11,26,0.115916066,0.011087929,15.166666666666666,0.43037367,0.10906537,0.34148005,0.056192856,0.09785757
1362,2015-11-27,2015,11,27,0.16525744,0.013194166,11.571428571428571,0.42713252,0.07410122,0.34062126,0.037921917,0.13998242
1363,2015-11-28,2015,11,28,0.08831145,0.0091842385,69.57142857142857,0.5153259,0.07078463,0.38510537,0.03540985,0.07257394
1364,2015-11-29,2015,11,29,0.07030544,0.018754657,90.47619047619048,0.3112769,0.1348397,0.27631918,0.07295562,0.06239847
1365,2015-11-30,2015,11,30,0.05178549,0.0104874745,49.69047619047619,0.59155494,0.24241228,0.4113047,0.11639017,0.04209137
1366,2015-12-01,2015,12,01,0.057417747,0.007922094,40.45238095238095,0.6118121,0.20513625,0.41921288,0.0953132,0.046360534
1367,2015-12-02,2015,12,02,0.05077967,0.00982179,22.88095238095238,0.4068828,0.22475396,0.32145363,0.11528265,0.043663125
1368,2015-12-03,2015,12,03,0.062470946,0.014718646,68.5,0.43661368,0.118887335,0.34434468,0.061602775,0.05308998
1369,2015-12-04,2015,12,04,0.0807543,0.014465688,46.523809523809526,0.30173713,0.11163275,0.26024067,0.05632446,0.07346301
1370,2015-12-05,2015,12,05,0.057490885,0.01239165,62.45238095238095,0.10056424,0.06137554,0.1573992,0.03374997,0.053845387
1371,2015-12-06,2015,12,06,0.052903473,0.013038673,82.02380952380952,0.2978205,0.18973821,0.26324728,0.0983908,0.046671614
1372,2015-12-07,2015,12,07,0.07923735,0.011646062,9.5,0.44267464,0.13451251,0.31653324,0.060559835,0.06868069
1373,2015-12-08,2015,12,08,0.16691077,0.020427361,50.57142857142857,0.024989441,0.031324822,0.112693675,0.023201592,0.16172363
1374,2015-12-09,2015,12,09,0.21502951,0.023744676,0.2619047619047619,-0.015466402,0.037910372,0.07679631,0.04011935,0.20912698
1375,2015-12-10,2015,12,10,0.05004381,0.01403055,71.23809523809524,0.25916523,0.18015127,0.24483225,0.096676715,0.04520962
1376,2015-12-11,2015,12,11,0.100424565,0.014104791,54.45238095238095,0.08443325,0.075289845,0.1498788,0.043740015,0.09505207
1377,2015-12-12,2015,12,12,0.11773324,0.011985654,33.54761904761905,0.08211962,0.05072532,0.14878115,0.029572284,0.111290455
1378,2015-12-13,2015,12,13,0.08978587,0.012225995,2.2857142857142856,0.8480083,0.14804597,0.52283394,0.06363995,0.069103695
1379,2015-12-14,2015,12,14,0.1726436,0.013736901,21.285714285714285,0.16035484,0.048867714,0.19489259,0.02808952,0.15986192
1380,2015-12-15,2015,12,15,0.12040144,0.017211732,17.714285714285715,0.20616797,0.07819104,0.22117728,0.04402401,0.10976671
1381,2015-12-16,2015,12,16,0.0956725,0.008711452,14.357142857142858,0.11682289,0.04640915,0.16954176,0.027184907,0.088665515
1382,2015-12-17,2015,12,17,0.09063195,0.0058726426,0.47619047619047616,0.4903308,0.07543568,0.37394857,0.0382823,0.07516038
1383,2015-12-18,2015,12,18,0.076445654,0.022280077,18.023809523809526,0.8095228,0.2834572,0.5087482,0.12349657,0.05983553
1384,2015-12-19,2015,12,19,0.09392256,0.031093506,34.88095238095238,0.7109676,0.27957594,0.45629045,0.12529531,0.07888136
1385,2015-12-20,2015,12,20,0.060205344,0.0122791575,68.61904761904762,0.32670584,0.12510562,0.28378683,0.067099825,0.05281056
1386,2015-12-21,2015,12,21,0.05502936,0.014723485,23.047619047619047,0.50032085,0.2448446,0.36653304,0.11976227,0.046165265
1387,2015-12-22,2015,12,22,0.06820704,0.012449121,12.619047619047619,0.6240351,0.232314,0.42201403,0.1110648,0.055959314
1388,2015-12-23,2015,12,23,0.13474244,0.015104672,6.142857142857143,0.4340317,0.120517805,0.3408387,0.059021745,0.11529154
1389,2015-12-24,2015,12,24,0.123634115,0.025726734,5.476190476190476,0.4468262,0.1171556,0.34701422,0.058968205,0.104901366
1390,2015-12-25,2015,12,25,0.111654595,0.012484998,6.976190476190476,0.3407636,0.089271784,0.29283258,0.047415547,0.098455995
1391,2015-12-26,2015,12,26,0.07865563,0.013040096,47.45238095238095,0.13340046,0.053891655,0.17110921,0.027925944,0.073105216
1392,2015-12-27,2015,12,27,0.06906402,0.024425175,24.833333333333332,0.037325133,0.052200485,0.12170614,0.030156039,0.06635413
1393,2015-12-28,2015,12,28,0.08072105,0.012823864,20.261904761904763,0.57645816,0.21152,0.40128112,0.0999749,0.06745104
1394,2015-12-29,2015,12,29,0.16415004,0.027259031,6.880952380952381,0.40685326,0.09265458,0.32516816,0.04865892,0.140684
1395,2015-12-30,2015,12,30,0.1478416,0.035743184,0.35714285714285715,0.49514896,0.098800495,0.36731955,0.047643475,0.12261973
1396,2015-12-31,2015,12,31,0.06744784,0.009835507,10.666666666666666,0.4987158,0.16530494,0.37234354,0.08279655,0.056088444
1397,2016-01-01,2016,01,01,0.07099975,0.019521354,5.880952380952381,0.56356585,0.2355224,0.39922154,0.11503915,0.058789983
1398,2016-01-02,2016,01,02,0.067600064,0.013398057,76.73809523809524,0.52131367,0.13757877,0.38215864,0.069555,0.05628088
1399,2016-01-03,2016,01,03,0.102233484,0.02001281,73.04761904761905,0.32780024,0.16226313,0.27781245,0.082140274,0.09124469
1400,2016-01-04,2016,01,04,0.06791082,0.015044359,159.07142857142858,0.10612513,0.0729302,0.16248107,0.042352796,0.0637051
1401,2016-01-05,2016,01,05,0.11399137,0.016472893,133.21428571428572,0.009481275,0.009300607,0.10573034,0.005417908,0.110687606
1402,2016-01-06,2016,01,06,0.106349625,0.015909608,245.0,0.00837274,0.020177051,0.10474972,0.012000958,0.10299457
1403,2016-01-07,2016,01,07,0.12241183,0.019276211,112.64285714285714,0.08680691,0.069052085,0.15186931,0.04064007,0.11572068
1404,2016-01-08,2016,01,08,0.080583185,0.016662505,136.97619047619048,0.25244287,0.11544041,0.24518065,0.06373929,0.071949586
1405,2016-01-09,2016,01,09,0.114470296,0.03257179,71.71428571428571,0.30652562,0.14274004,0.2701494,0.07862898,0.10279865
1406,2016-01-10,2016,01,10,0.098128796,0.0301873,22.785714285714285,0.41019464,0.16438772,0.32664648,0.085810535,0.085174225
1407,2016-01-11,2016,01,11,0.058627903,0.019137925,131.4047619047619,0.61951196,0.28499025,0.42259318,0.1357706,0.04883331
1408,2016-01-12,2016,01,12,0.055800706,0.014806503,66.61904761904762,0.92348534,0.29344037,0.5494206,0.12766805,0.042669464
1409,2016-01-13,2016,01,13,0.084576435,0.027655805,48.404761904761905,0.73835355,0.3119493,0.47097522,0.14118701,0.06845767
1410,2016-01-14,2016,01,14,0.0991552,0.03334243,86.21428571428571,0.53055346,0.22990684,0.37458262,0.11042313,0.08557182
1411,2016-01-15,2016,01,15,0.051570002,0.012295983,52.833333333333336,0.7593688,0.24639283,0.4825989,0.1112228,0.040597342
1412,2016-01-16,2016,01,16,0.08317831,0.023775142,12.476190476190476,0.54026026,0.25652424,0.38020232,0.12044931,0.0699597
1413,2016-01-17,2016,01,17,0.08246912,0.017120652,8.357142857142858,0.62700313,0.2928502,0.41806802,0.13317293,0.07060937
1414,2016-01-18,2016,01,18,0.06530947,0.02643752,61.214285714285715,0.61333764,0.3133965,0.41277474,0.14695546,0.055730987
1415,2016-01-19,2016,01,19,0.09007883,0.036046013,87.5,0.48219576,0.2664548,0.35324308,0.13101044,0.07838299
1416,2016-01-20,2016,01,20,0.07746845,0.01941051,4.619047619047619,0.7865349,0.23127101,0.47952077,0.10044236,0.06337006
1417,2016-01-21,2016,01,21,0.09197621,0.026295656,16.19047619047619,0.34248194,0.17419519,0.29156607,0.090706624,0.08088924
1418,2016-01-22,2016,01,22,0.073174596,0.018544741,4.785714285714286,0.6777227,0.2846534,0.44075048,0.13170452,0.06047937
1419,2016-01-23,2016,01,23,0.08957171,0.014399679,67.04761904761905,0.37678388,0.16509439,0.30534297,0.083849154,0.07830219
1420,2016-01-24,2016,01,24,0.13162898,0.016038353,2.4285714285714284,0.6345458,0.13437924,0.43983674,0.06422464,0.1053537
1421,2016-01-25,2016,01,25,0.11397931,0.016143227,44.92857142857143,0.16567023,0.050707605,0.19425952,0.027782327,0.10675001
1422,2016-01-26,2016,01,26,0.14006026,0.027595682,13.142857142857142,0.18665089,0.06869652,0.2076049,0.040507987,0.12928843
1423,2016-01-27,2016,01,27,0.081305556,0.016396116,38.95238095238095,0.41280857,0.1621983,0.3215954,0.08177083,0.07189474
1424,2016-01-28,2016,01,28,0.0430506,0.00838898,106.38095238095238,0.3612585,0.19314723,0.29611385,0.100027755,0.037578974
1425,2016-01-29,2016,01,29,0.071001105,0.014211808,24.333333333333332,0.12649818,0.06504605,0.16417393,0.03634261,0.06693751
1426,2016-01-30,2016,01,30,0.055995654,0.007363999,2.6666666666666665,1.0991471,0.18629265,0.63001627,0.07480092,0.038761444
1427,2016-01-31,2016,01,31,0.11347372,0.01949644,45.07142857142857,0.39124385,0.15487306,0.29749706,0.07473515,0.104125984
1428,2016-02-01,2016,02,01,0.13293572,0.01706894,57.42857142857143,0.007292013,0.011372309,0.10456385,0.00690537,0.12887686
1429,2016-02-02,2016,02,02,0.12237555,0.025999488,14.857142857142858,0.054255657,0.06187569,0.12884925,0.039044976,0.117233664
1430,2016-02-03,2016,02,03,0.11061011,0.022263963,4.5,0.64771676,0.17982998,0.42752707,0.082434535,0.092545465
1431,2016-02-04,2016,02,04,0.096507505,0.0144688785,36.333333333333336,0.21041194,0.085629165,0.21966712,0.046652596,0.08769759
1432,2016-02-05,2016,02,05,0.1318494,0.016593732,72.26190476190476,0.17054218,0.049700968,0.19216102,0.02735078,0.12430519
1433,2016-02-06,2016,02,06,0.07824658,0.013947731,241.6904761904762,0.16961116,0.06581119,0.19884777,0.03697868,0.07135364
1434,2016-02-07,2016,02,07,0.04165713,0.0073520094,412.0952380952381,0.3297405,0.16308558,0.2862352,0.08624369,0.03662136
1435,2016-02-08,2016,02,08,0.031084906,0.007149824,246.23809523809524,0.8016489,0.25302747,0.5080725,0.11428076,0.024589516
1436,2016-02-09,2016,02,09,0.05034281,0.021539038,211.26190476190476,0.604246,0.29306683,0.4050861,0.1395936,0.043882232
1437,2016-02-10,2016,02,10,0.0905122,0.024168964,192.76190476190476,0.16003339,0.08848422,0.19273913,0.050923675,0.08424948
1438,2016-02-11,2016,02,11,0.078883156,0.021367501,178.54761904761904,0.26739147,0.10938974,0.2524061,0.06048194,0.071998484
1439,2016-02-12,2016,02,12,0.099167556,0.024486426,83.21428571428571,0.20265844,0.15779476,0.21278822,0.08736553,0.09189896
1440,2016-02-13,2016,02,13,0.13224755,0.0258415,8.238095238095237,-0.0025522604,0.029552525,0.09183588,0.027394688,0.12867133
1441,2016-02-14,2016,02,14,0.15568157,0.026476556,198.5,-0.011678214,0.052069653,0.07294836,0.042389415,0.15135655
1442,2016-02-15,2016,02,15,0.17408788,0.021291811,81.83333333333333,0.0414948,0.055010818,0.11571388,0.040499642,0.1684413
1443,2016-02-16,2016,02,16,0.074039586,0.026275054,69.38095238095238,0.4217112,0.2719881,0.31823173,0.13069719,0.06688951
1444,2016-02-17,2016,02,17,0.1168901,0.03591804,15.69047619047619,0.22161287,0.18929952,0.2247788,0.1054872,0.107547596
1445,2016-02-18,2016,02,18,0.11901941,0.017625548,51.23809523809524,0.26419514,0.114717916,0.24776086,0.06334167,0.10638615
1446,2016-02-19,2016,02,19,0.07984261,0.017990762,82.64285714285714,0.46567944,0.15963732,0.35283145,0.08286932,0.06767871
1447,2016-02-20,2016,02,20,0.08752035,0.012203898,67.07142857142857,0.4726915,0.158758,0.35529542,0.07666201,0.07380531
1448,2016-02-21,2016,02,21,0.12910058,0.014785015,32.095238095238095,0.25423187,0.060844164,0.23396261,0.029492266,0.12049387
1449,2016-02-22,2016,02,22,0.1092481,0.019156067,174.4047619047619,0.052262936,0.026970511,0.13135661,0.016091201,0.10454884
1450,2016-02-23,2016,02,23,0.103185706,0.018362602,59.23809523809524,0.20590812,0.1108145,0.2184999,0.062310513,0.094675474
1451,2016-02-24,2016,02,24,0.072207056,0.011011896,144.71428571428572,0.29199857,0.13972892,0.26273063,0.07567707,0.06423944
1452,2016-02-25,2016,02,25,0.08236296,0.01520099,157.35714285714286,0.22299375,0.1258003,0.22344053,0.06988809,0.07547081
1453,2016-02-26,2016,02,26,0.14575219,0.034340978,150.5952380952381,0.23035827,0.09009962,0.22922838,0.051184688,0.13219033
1454,2016-02-27,2016,02,27,0.14869727,0.025351737,61.0,0.1450997,0.097090885,0.18206689,0.059821025,0.13932258
1455,2016-02-28,2016,02,28,0.09317863,0.016940773,191.73809523809524,0.28597394,0.11879405,0.26268458,0.064502776,0.08352755
1456,2016-02-29,2016,02,29,0.09604813,0.027010567,85.57142857142857,0.1370324,0.14033395,0.17479445,0.08024155,0.0903023
1457,2016-03-01,2016,03,01,0.0621939,0.020467242,156.97619047619048,0.33895844,0.21867903,0.2773444,0.11384542,0.05635041
1458,2016-03-02,2016,03,02,0.07122113,0.027383588,255.76190476190476,0.57163477,0.35453224,0.3826073,0.16464753,0.063533485
1459,2016-03-03,2016,03,03,0.11586719,0.031207375,76.21428571428571,0.42657274,0.16872232,0.33255923,0.0850481,0.10060059
1460,2016-03-04,2016,03,04,0.08885888,0.029035682,113.26190476190476,0.52337277,0.28122506,0.37426585,0.13670915,0.07625675
1461,2016-03-05,2016,03,05,0.055100467,0.013477529,123.45238095238095,0.7705914,0.22940604,0.47717145,0.10306655,0.045198157
1462,2016-03-06,2016,03,06,0.12288354,0.016777443,143.38095238095238,0.11588438,0.07421163,0.16105561,0.04091309,0.11578221
1463,2016-03-07,2016,03,07,0.1322599,0.018834671,78.16666666666667,0.2005165,0.09853053,0.21603115,0.054259468,0.120672375
1464,2016-03-08,2016,03,08,0.1375096,0.018723123,84.9047619047619,0.038081776,0.030444697,0.122554824,0.019002737,0.1320092
1465,2016-03-09,2016,03,09,0.08926104,0.029454274,251.02380952380952,0.08313223,0.07915294,0.14755797,0.044009414,0.08537492
1466,2016-03-10,2016,03,10,0.12170835,0.033385396,59.5,0.22300854,0.15341556,0.22244571,0.085338496,0.11055528
1467,2016-03-11,2016,03,11,0.12199759,0.020967469,126.78571428571429,0.15890753,0.102717176,0.18296574,0.05373133,0.11337798
1468,2016-03-12,2016,03,12,0.119253464,0.02415044,54.857142857142854,0.54452586,0.17768028,0.3915249,0.0886728,0.097810864
1469,2016-03-13,2016,03,13,0.0581592,0.024937019,34.285714285714285,1.3198045,0.20724952,0.7110411,0.08188675,0.040636215
1470,2016-03-14,2016,03,14,0.13328281,0.023353178,96.04761904761905,0.7413813,0.19968596,0.47937158,0.089472756,0.106212914
1471,2016-03-15,2016,03,15,0.15941106,0.01774571,42.857142857142854,0.28823668,0.08483361,0.25213704,0.044419356,0.14236596
1472,2016-03-16,2016,03,16,0.11797249,0.013839988,213.73809523809524,0.1826701,0.09273848,0.2060324,0.05545773,0.108471766
1473,2016-03-17,2016,03,17,0.08359741,0.014333906,29.61904761904762,0.8078888,0.19107467,0.49374968,0.08479765,0.06558387
1474,2016-03-18,2016,03,18,0.14361158,0.032769024,2.119047619047619,0.6038981,0.21328247,0.42347288,0.0956376,0.11692916
1475,2016-03-19,2016,03,19,0.16670594,0.044069815,1.4761904761904763,0.6083614,0.24242893,0.42132702,0.11752885,0.13629466
1476,2016-03-20,2016,03,20,0.11595955,0.030220166,49.333333333333336,0.38926387,0.2048838,0.311475,0.10243031,0.10142821
1477,2016-03-21,2016,03,21,0.11713986,0.026430424,42.666666666666664,0.41968766,0.2278796,0.31655052,0.11808932,0.102487564
1478,2016-03-22,2016,03,22,0.15321805,0.030929653,59.142857142857146,0.12967643,0.10280026,0.16382317,0.06705259,0.14241557
1479,2016-03-23,2016,03,23,0.12303924,0.010130588,13.428571428571429,0.05576874,0.020490274,0.13093242,0.014962338,0.11677648
1480,2016-03-24,2016,03,24,0.07848721,0.021206751,3.3333333333333335,0.69494075,0.33186516,0.45418462,0.14826967,0.06423713
1481,2016-03-25,2016,03,25,0.14730638,0.016994447,16.333333333333332,0.098281495,0.031498466,0.15742578,0.018170439,0.13927005
1482,2016-03-26,2016,03,26,0.15065797,0.02119936,15.952380952380953,0.013476435,0.028012456,0.10551777,0.021287298,0.14589004
1483,2016-03-27,2016,03,27,0.09153537,0.011741022,2.6666666666666665,0.8281209,0.21308076,0.5204425,0.09347667,0.06897869
1484,2016-03-28,2016,03,28,0.26707104,0.030279687,2.2142857142857144,0.27578694,0.08247888,0.23947904,0.04645672,0.23983078
1485,2016-03-29,2016,03,29,0.13822062,0.024249407,11.142857142857142,0.54893094,0.19475134,0.395933,0.09176173,0.11425937
1486,2016-03-30,2016,03,30,0.07952755,0.029122919,68.73809523809524,0.74456245,0.30522624,0.47867987,0.13639773,0.064295314
1487,2016-03-31,2016,03,31,0.085011564,0.025579782,212.9047619047619,0.70384,0.281084,0.4615892,0.13148697,0.06825015
1488,2016-04-01,2016,04,01,0.09521725,0.016791139,113.0,0.8115986,0.21834338,0.50056803,0.102424525,0.07234919
1489,2016-04-02,2016,04,02,0.11609655,0.019016718,55.523809523809526,0.937871,0.18943793,0.5610227,0.08274573,0.086417444
1490,2016-04-03,2016,04,03,0.13428287,0.051010214,21.30952380952381,0.67425585,0.30843243,0.43255174,0.14030829,0.11434464
1491,2016-04-04,2016,04,04,0.17443207,0.027686702,6.0,0.6033767,0.15551816,0.42121616,0.07279815,0.14056131
1492,2016-04-05,2016,04,05,0.18259053,0.018931178,41.73809523809524,0.2387342,0.08229819,0.2330882,0.04654465,0.16570857
1493,2016-04-06,2016,04,06,0.15571293,0.030016966,62.88095238095238,0.6428154,0.20659702,0.44073176,0.100882165,0.12424635
1494,2016-04-07,2016,04,07,0.14914875,0.017179118,61.214285714285715,0.7058039,0.15702824,0.46938765,0.07342149,0.11649968
1495,2016-04-08,2016,04,08,0.13988763,0.019947313,37.333333333333336,0.5313775,0.19241737,0.38681135,0.09829723,0.115871124
1496,2016-04-09,2016,04,09,0.16979842,0.029734693,19.404761904761905,0.23865834,0.147953,0.23404884,0.07524846,0.15566933
1497,2016-04-10,2016,04,10,0.14021395,0.027720898,125.38095238095238,0.44040737,0.168448,0.34218222,0.08633411,0.11949919
1498,2016-04-11,2016,04,11,0.09005053,0.017953362,168.02380952380952,0.7393592,0.25601926,0.48465857,0.11924739,0.06983234
1499,2016-04-12,2016,04,12,0.090084985,0.012543631,51.023809523809526,0.79803705,0.20967847,0.49968132,0.094799444,0.068357185
1500,2016-04-13,2016,04,13,0.14374515,0.018595058,5.0476190476190474,0.6704414,0.16474587,0.44193283,0.07934206,0.11514775
1501,2016-04-14,2016,04,14,,,0.0,,,,,
1502,2016-04-15,2016,04,15,0.1817615,0.016112758,3.6666666666666665,0.52112645,0.11098203,0.38611168,0.05573518,0.15036882
1503,2016-04-16,2016,04,16,0.1533067,0.021614237,179.21428571428572,0.09077289,0.06194256,0.15316334,0.03834752,0.14513862
1504,2016-04-17,2016,04,17,0.0995423,0.0127649745,255.33333333333334,0.4927063,0.12912452,0.36854026,0.06493524,0.084202915
1505,2016-04-18,2016,04,18,0.08835447,0.011307725,213.5952380952381,0.6406332,0.12765367,0.43787903,0.061538003,0.07287472
1506,2016-04-19,2016,04,19,0.0811417,0.029587101,86.19047619047619,0.9670442,0.32407182,0.5479643,0.1408008,0.06976418
1507,2016-04-20,2016,04,20,0.10008963,0.035508115,63.95238095238095,0.8935266,0.3017454,0.5405863,0.12911506,0.07821225
1508,2016-04-21,2016,04,21,0.11166863,0.030801702,173.02380952380952,0.647155,0.25937495,0.438879,0.120388016,0.09039762
1509,2016-04-22,2016,04,22,0.100373656,0.019642886,208.8095238095238,0.7824988,0.24332139,0.4995029,0.11323501,0.077566616
1510,2016-04-23,2016,04,23,0.14419968,0.013843688,74.83333333333333,0.4951377,0.13071819,0.37110972,0.0671714,0.11936775
1511,2016-04-24,2016,04,24,0.13853286,0.006465713,0.5952380952380952,1.021134,0.17352463,0.59957546,0.06778786,0.09742329
1512,2016-04-25,2016,04,25,0.20179601,0.0143603645,3.3333333333333335,0.46577907,0.062414013,0.35748333,0.03227141,0.16951892
1513,2016-04-26,2016,04,26,0.20970327,0.01885023,8.19047619047619,0.54816985,0.10134478,0.40026414,0.050894454,0.17084001
1514,2016-04-27,2016,04,27,0.16298142,0.018657645,32.833333333333336,0.49941716,0.1375486,0.37282082,0.07000625,0.13543688
1515,2016-04-28,2016,04,28,0.16525671,0.016113056,19.404761904761905,0.28723678,0.08922186,0.25945455,0.04644464,0.14434694
1516,2016-04-29,2016,04,29,0.14745547,0.013870007,4.833333333333333,0.57566506,0.13845775,0.4058576,0.068825014,0.11912271
1517,2016-04-30,2016,04,30,,,0.0,,,,,
1518,2016-05-01,2016,05,01,0.19800267,0.016187953,9.5,0.18965472,0.055629116,0.21251734,0.031990916,0.18080485
1519,2016-05-02,2016,05,02,0.1598269,0.020062454,119.88095238095238,0.41516337,0.1375677,0.3322251,0.07491043,0.13617545
1520,2016-05-03,2016,05,03,0.1570845,0.019385695,57.904761904761905,0.6654546,0.1425159,0.45332733,0.0708402,0.124053575
1521,2016-05-04,2016,05,04,0.12358108,0.01999091,86.80952380952381,0.56442285,0.1876598,0.39112777,0.092623666,0.101252556
1522,2016-05-05,2016,05,05,0.08215592,0.009543704,3.2857142857142856,0.8309782,0.28821167,0.5059949,0.13086703,0.06330855
1523,2016-05-06,2016,05,06,0.1403774,0.02958836,9.714285714285714,0.8091392,0.22462042,0.5154396,0.10011725,0.107051596
1524,2016-05-07,2016,05,07,0.1452874,0.02786942,82.04761904761905,0.45892772,0.15933575,0.35445812,0.0840088,0.12229722
1525,2016-05-08,2016,05,08,0.14182924,0.020629784,25.857142857142858,0.8135554,0.24591786,0.5148557,0.1086388,0.10783195
1526,2016-05-09,2016,05,09,0.08817906,0.012340471,4.071428571428571,1.3028959,0.2653503,0.69930667,0.11282179,0.058603812
1527,2016-05-10,2016,05,10,0.08689653,0.025454074,2.6904761904761907,1.0442388,0.42090422,0.5901965,0.17956857,0.06382514
1528,2016-05-11,2016,05,11,0.20505457,0.028217988,9.428571428571429,0.27698907,0.15533854,0.24566038,0.08107946,0.18590948
1529,2016-05-12,2016,05,12,0.120125815,0.021614384,18.11904761904762,1.0134361,0.2843718,0.5940878,0.12371589,0.08680998
1530,2016-05-13,2016,05,13,0.09391106,0.020561464,120.71428571428571,1.098406,0.267985,0.63128865,0.11285548,0.06607434
1531,2016-05-14,2016,05,14,0.061947696,0.012517231,119.28571428571429,0.8195364,0.3101964,0.50737464,0.14277531,0.046829775
1532,2016-05-15,2016,05,15,0.057257246,0.009411122,37.166666666666664,0.9418484,0.28074414,0.5607556,0.12319881,0.042164028
1533,2016-05-16,2016,05,16,,,0.0,,,,,
1534,2016-05-17,2016,05,17,0.18928263,0.024770988,0.6428571428571429,0.5140412,0.1053907,0.3846355,0.053342618,0.1558664
1535,2016-05-18,2016,05,18,,,0.07142857142857142,,,,,
1536,2016-05-19,2016,05,19,0.1316488,0.008566083,0.7619047619047619,0.5577365,0.25961456,0.39975291,0.13491407,0.107414775
1537,2016-05-20,2016,05,20,0.13223834,0.011017837,1.5714285714285714,0.6551074,0.15655173,0.44203138,0.07329684,0.10584565
1538,2016-05-21,2016,05,21,0.06520027,0.00988231,9.214285714285714,0.80822957,0.3217418,0.5038083,0.1413255,0.04978962
1539,2016-05-22,2016,05,22,0.12983602,0.02997831,23.61904761904762,0.48917556,0.18329488,0.3615916,0.088874705,0.11137996
1540,2016-05-23,2016,05,23,0.11653054,0.025817169,109.61904761904762,0.8391656,0.25745454,0.5233397,0.114961855,0.087662384
1541,2016-05-24,2016,05,24,0.12279944,0.020320332,110.57142857142857,1.1378856,0.24753757,0.6457982,0.10256272,0.08559009
1542,2016-05-25,2016,05,25,0.09463657,0.011959504,90.19047619047619,0.79155475,0.18404397,0.50416076,0.0831361,0.07150742
1543,2016-05-26,2016,05,26,0.095023125,0.008976228,8.404761904761905,1.1653818,0.24155617,0.6561193,0.09651339,0.064692535
1544,2016-05-27,2016,05,27,0.15256904,0.024180908,1.0238095238095237,0.5154519,0.11169578,0.3850903,0.055180676,0.12568544
1545,2016-05-28,2016,05,28,0.19069034,0.0195008,24.476190476190474,0.47532538,0.11658139,0.36443946,0.059965305,0.15891811
1546,2016-05-29,2016,05,29,0.20805453,0.021335194,1.2380952380952381,0.38123035,0.11972615,0.31056857,0.06426529,0.17898095
1547,2016-05-30,2016,05,30,0.15881316,0.008327108,1.2619047619047619,0.66168976,0.10868753,0.4436652,0.0519025,0.12521747
1548,2016-05-31,2016,05,31,,,0.0,,,,,
1549,2016-06-01,2016,06,01,0.18332246,0.04133173,21.738095238095237,0.57717824,0.2790531,0.36555287,0.13022116,0.16467592
1550,2016-06-02,2016,06,02,0.15258223,0.022746373,22.11904761904762,0.6179596,0.17729883,0.4301667,0.0896794,0.123104565
1551,2016-06-03,2016,06,03,0.15854208,0.0342836,26.095238095238095,0.6427161,0.21600914,0.43706283,0.10525432,0.12674706
1552,2016-06-04,2016,06,04,0.1325298,0.034798104,124.92857142857143,0.5601549,0.24207695,0.390816,0.1220617,0.109078705
1553,2016-06-05,2016,06,05,0.113910556,0.018525047,12.69047619047619,0.7854147,0.18958412,0.49191073,0.08772991,0.09020713
1554,2016-06-06,2016,06,06,,,0.0,,,,,
1555,2016-06-07,2016,06,07,0.21373129,0.028974041,2.7142857142857144,0.6785141,0.15821294,0.4436887,0.06715189,0.16561565
1556,2016-06-08,2016,06,08,0.1482975,0.017402984,16.30952380952381,0.8920336,0.20423228,0.54361004,0.08516118,0.11144091
1557,2016-06-09,2016,06,09,0.0930462,0.017758721,9.738095238095237,1.0969418,0.39037624,0.6226016,0.16362475,0.06494931
1558,2016-06-10,2016,06,10,0.09598937,0.010295345,6.523809523809524,0.64782345,0.24136306,0.4401323,0.11387812,0.07532444
1559,2016-06-11,2016,06,11,0.13943565,0.0052729463,0.4523809523809524,0.23457982,0.13822529,0.23258159,0.07391697,0.12553093
1560,2016-06-12,2016,06,12,0.13640366,0.01793354,0.40476190476190477,0.36318746,0.044034153,0.30889636,0.023213511,0.11779101
1561,2016-06-13,2016,06,13,0.23387434,0.012996467,0.14285714285714285,0.43020743,0.16156133,0.341937,0.08522125,0.1977088
1562,2016-06-14,2016,06,14,0.11334197,0.013184807,9.833333333333334,0.955958,0.2544184,0.5683803,0.10781801,0.08472804
1563,2016-06-15,2016,06,15,0.07032053,0.011579621,49.166666666666664,0.46960285,0.19802123,0.3559628,0.10244512,0.058341894
1564,2016-06-16,2016,06,16,0.063316494,0.014806158,35.666666666666664,0.34932128,0.19826183,0.26703474,0.09597868,0.05846331
1565,2016-06-17,2016,06,17,0.096162826,0.04234039,1.8333333333333333,0.7961811,0.34233594,0.4961624,0.14400743,0.07972844
1566,2016-06-18,2016,06,18,0.12464949,0.022190496,23.785714285714285,0.33968943,0.15574859,0.28308755,0.07808828,0.111206405
1567,2016-06-19,2016,06,19,0.120327316,0.025587033,192.95238095238096,0.46480227,0.15271577,0.33571342,0.08009963,0.105577596
1568,2016-06-20,2016,06,20,0.15772526,0.012947053,290.4047619047619,0.59308994,0.07972388,0.4173111,0.041892946,0.12678099
1569,2016-06-21,2016,06,21,0.21122359,0.021521445,122.5952380952381,0.87233907,0.14497921,0.5492224,0.067331046,0.15446821
1570,2016-06-22,2016,06,22,0.23146184,0.04532439,13.785714285714286,0.280655,0.14291342,0.25396353,0.07557077,0.20618312
1571,2016-06-23,2016,06,23,0.22395448,0.012010331,9.761904761904763,0.49296877,0.07317527,0.36159208,0.03791516,0.18483247
1572,2016-06-24,2016,06,24,0.13793695,0.022785863,148.5,0.35403445,0.13116299,0.29546434,0.073161304,0.1220491
1573,2016-06-25,2016,06,25,0.12728283,0.015622282,353.1190476190476,0.47669724,0.111935094,0.36142525,0.061159197,0.106623136
1574,2016-06-26,2016,06,26,0.1052526,0.00926407,222.21428571428572,0.7576709,0.11726945,0.49015278,0.05446146,0.08130753
1575,2016-06-27,2016,06,27,0.17691338,0.019380314,17.69047619047619,0.6895389,0.20609835,0.45935968,0.09174819,0.14085877
1576,2016-06-28,2016,06,28,,,0.07142857142857142,,,,,
1577,2016-06-29,2016,06,29,0.15502194,0.01813158,14.357142857142858,0.781263,0.15564522,0.49354443,0.07016284,0.12188902
1578,2016-06-30,2016,06,30,0.16297618,0.027902339,37.285714285714285,0.07391967,0.048576545,0.1249328,0.042199392,0.1549358
1579,2016-07-01,2016,07,01,,,0.023809523809523808,,,,,
1580,2016-07-02,2016,07,02,0.10086367,0.008734562,1.2142857142857142,0.5492607,0.1477323,0.39557877,0.071859434,0.082069024
1581,2016-07-03,2016,07,03,0.09622063,0.026431873,0.40476190476190477,0.5621941,0.38313818,0.3939984,0.17797086,0.08036656
1582,2016-07-04,2016,07,04,0.08674408,0.022358429,53.23809523809524,1.1090633,0.29188332,0.6337125,0.11641002,0.061390113
1583,2016-07-05,2016,07,05,0.108960934,0.015671566,4.595238095238095,1.224404,0.22861665,0.67581505,0.0906449,0.072787605
1584,2016-07-06,2016,07,06,,,0.0,,,,,
1585,2016-07-07,2016,07,07,0.07919473,0.019015135,0.07142857142857142,0.058359306,0.10159021,0.13520904,0.06098386,0.075972065
1586,2016-07-08,2016,07,08,,,0.0,,,,,
1587,2016-07-09,2016,07,09,,,0.07142857142857142,,,,,
1588,2016-07-10,2016,07,10,0.11788438,0.027971089,10.452380952380953,0.1090012,0.078597754,0.16119887,0.039576475,0.111299634
1589,2016-07-11,2016,07,11,0.120899074,0.02439999,71.57142857142857,0.06447628,0.050025504,0.13706249,0.030010903,0.11555967
1590,2016-07-12,2016,07,12,0.1272477,0.005940309,0.09523809523809523,0.38466457,0.15187071,0.31843945,0.08112344,0.1089467
1591,2016-07-13,2016,07,13,0.07231793,0.015870364,1.5952380952380953,0.04000506,0.083973065,0.12224626,0.048790824,0.069115296
1592,2016-07-14,2016,07,14,,,0.0,,,,,
1593,2016-07-15,2016,07,15,0.1901294,0.027487436,2.4761904761904763,0.46881032,0.18681721,0.35284367,0.08998227,0.16115485
1594,2016-07-16,2016,07,16,0.18277393,0.022228038,16.476190476190474,0.4108633,0.16503555,0.3289875,0.08548797,0.15709065
1595,2016-07-17,2016,07,17,0.12356221,0.009324519,16.11904761904762,0.70508873,0.1875454,0.46598524,0.093023494,0.09552169
1596,2016-07-18,2016,07,18,0.123725966,0.009777436,1.0714285714285714,0.7843055,0.21535689,0.48559943,0.10388333,0.09663553
1597,2016-07-19,2016,07,19,,,0.0,,,,,
1598,2016-07-20,2016,07,20,0.1357515,0.03364057,0.14285714285714285,0.37588334,0.25618348,0.3098005,0.13824682,0.118454695
1599,2016-07-21,2016,07,21,0.1563061,0.033189766,158.16666666666666,0.3611339,0.17100999,0.29081282,0.09090859,0.13732614
1600,2016-07-22,2016,07,22,0.0956722,0.017395359,318.0952380952381,0.3609418,0.113382354,0.29824272,0.06405771,0.083313815
1601,2016-07-23,2016,07,23,0.07828649,0.00803725,154.33333333333334,0.42880002,0.14651346,0.31993175,0.06964861,0.06740479
1602,2016-07-24,2016,07,24,,,0.0,,,,,
1603,2016-07-25,2016,07,25,0.44000253,0.054620307,1.5714285714285714,0.0036397409,0.032969784,0.06612752,0.022489965,0.42394325
1604,2016-07-26,2016,07,26,0.16964437,0.022525048,25.357142857142858,0.89780825,0.16065802,0.5484332,0.07138651,0.12801848
1605,2016-07-27,2016,07,27,0.15492156,0.035617914,48.76190476190476,0.39736184,0.2791884,0.30862615,0.14613687,0.13491304
1606,2016-07-28,2016,07,28,0.11271043,0.035582207,20.61904761904762,0.29759762,0.2695428,0.24136429,0.14020808,0.102848314
1607,2016-07-29,2016,07,29,0.13749535,0.019502793,0.5,0.8291111,0.14447135,0.52365005,0.058872458,0.10181395
1608,2016-07-30,2016,07,30,,,0.023809523809523808,,,,,
1609,2016-07-31,2016,07,31,0.15414216,0.01853229,2.0476190476190474,1.3464242,0.14803956,0.7247112,0.055471346,0.099997945
1610,2016-08-01,2016,08,01,0.14122267,0.0144136315,22.404761904761905,1.0985007,0.20883127,0.6348673,0.085257635,0.097231455
1611,2016-08-02,2016,08,02,0.10897088,0.020687923,14.071428571428571,0.88667905,0.25674003,0.5402824,0.11720354,0.08146746
1612,2016-08-03,2016,08,03,,,0.0,,,,,
1613,2016-08-04,2016,08,04,,,0.0,,,,,
1614,2016-08-05,2016,08,05,,,0.023809523809523808,,,,,
1615,2016-08-06,2016,08,06,0.11317681,0.022044653,0.23809523809523808,1.1031654,0.22479428,0.6389494,0.0856616,0.07853103
1616,2016-08-07,2016,08,07,,,0.0,,,,,
1617,2016-08-08,2016,08,08,0.10632333,0.0029314314,0.16666666666666666,0.31014147,0.06849244,0.27985343,0.03700117,0.09245974
1618,2016-08-09,2016,08,09,,,0.0,,,,,
1619,2016-08-10,2016,08,10,0.03973648,0.022983314,2.0476190476190474,1.4028935,0.17784017,0.7450583,0.06871897,0.026279593
1620,2016-08-11,2016,08,11,0.079977974,0.018441426,37.38095238095238,0.7901694,0.23167662,0.493878,0.106343344,0.062009387
1621,2016-08-12,2016,08,12,0.06631078,0.011780497,6.428571428571429,1.2523636,0.2833778,0.68625075,0.11309981,0.044401083
1622,2016-08-13,2016,08,13,0.06335292,0.008340378,3.357142857142857,1.1071874,0.4374248,0.62334627,0.1896861,0.044488687
1623,2016-08-14,2016,08,14,0.098392054,0.013779653,0.42857142857142855,1.5094557,0.07612664,0.78429246,0.025289878,0.060590867
1624,2016-08-15,2016,08,15,,,0.0,,,,,
1625,2016-08-16,2016,08,16,0.13584226,0.015878402,0.38095238095238093,0.34323087,0.120539986,0.29154995,0.06442417,0.12027605
1626,2016-08-17,2016,08,17,,,0.0,,,,,
1627,2016-08-18,2016,08,18,,,0.09523809523809523,,,,,
1628,2016-08-19,2016,08,19,0.111665666,0.0088774245,1.0,1.0048383,0.19407803,0.60129476,0.081364825,0.07899545
1629,2016-08-20,2016,08,20,,,0.0,,,,,
1630,2016-08-21,2016,08,21,0.21553165,0.18428715,12.5,0.43605772,0.31324363,0.32407096,0.15382782,0.19590126
1631,2016-08-22,2016,08,22,0.08672207,0.02148333,96.57142857142857,0.8755192,0.31396988,0.53681386,0.14162275,0.06581075
1632,2016-08-23,2016,08,23,0.07845965,0.020603133,119.07142857142857,0.6786336,0.29787543,0.4396018,0.14319715,0.06487668
1633,2016-08-24,2016,08,24,0.08220684,0.020101694,116.97619047619048,0.32979766,0.17879164,0.26902917,0.09475501,0.07470386
1634,2016-08-25,2016,08,25,0.11216108,0.0039487495,0.19047619047619047,0.77169114,0.076192684,0.5061734,0.033691555,0.0844841
1635,2016-08-26,2016,08,26,0.104263365,0.022522993,7.285714285714286,0.8599107,0.24770495,0.5320092,0.1107924,0.079528116
1636,2016-08-27,2016,08,27,0.074177764,0.01596262,39.95238095238095,0.893882,0.2984748,0.54759425,0.13227072,0.0545806
1637,2016-08-28,2016,08,28,0.0653851,0.011019074,37.80952380952381,0.930679,0.25777528,0.563518,0.117456846,0.047104992
1638,2016-08-29,2016,08,29,0.09717082,0.009546774,9.30952380952381,0.2914805,0.1558159,0.26113227,0.08493153,0.085195854
1639,2016-08-30,2016,08,30,0.07511306,0.010798737,56.857142857142854,0.43468308,0.13443485,0.33108464,0.067930065,0.065842964
1640,2016-08-31,2016,08,31,0.01532036,0.01734745,4.476190476190476,1.303977,0.36129737,0.6972728,0.15075462,0.01210863
1641,2016-09-01,2016,09,01,0.10441232,0.01809737,11.476190476190476,0.6612545,0.14640617,0.44059822,0.07282992,0.08336706
1642,2016-09-02,2016,09,02,0.09686739,0.013786049,44.30952380952381,0.2342786,0.13279277,0.23554379,0.07478555,0.08686612
1643,2016-09-03,2016,09,03,0.075870946,0.013558412,46.5,0.52971286,0.19806999,0.37899682,0.09610572,0.062480934
1644,2016-09-04,2016,09,04,0.09323028,0.010699457,14.023809523809524,0.119700514,0.0843173,0.16541924,0.04540871,0.08671695
1645,2016-09-05,2016,09,05,0.031204313,0.016849654,0.47619047619047616,1.4426757,0.20130949,0.7600916,0.072714224,0.020121632
1646,2016-09-06,2016,09,06,0.12651129,0.015506905,25.61904761904762,0.28701645,0.09551977,0.26193914,0.050632857,0.111892514
1647,2016-09-07,2016,09,07,0.12008009,0.011282372,4.357142857142857,0.6852061,0.19674201,0.44292203,0.08826,0.09916414
1648,2016-09-08,2016,09,08,0.10291195,0.010760502,35.23809523809524,0.88972485,0.13942674,0.54039407,0.06261323,0.07771993
1649,2016-09-09,2016,09,09,0.067045785,0.010560779,29.571428571428573,1.103278,0.21559139,0.6261134,0.09024829,0.04805749
1650,2016-09-10,2016,09,10,0.050080594,0.026359627,8.69047619047619,1.3597555,0.21449064,0.7199728,0.088540725,0.03518335
1651,2016-09-11,2016,09,11,0.049067494,0.037453227,33.42857142857143,0.9721739,0.413295,0.56647795,0.17524073,0.040162276
1652,2016-09-12,2016,09,12,0.06538877,0.027265098,45.11904761904762,0.8419192,0.37873876,0.5168536,0.16610977,0.052279152
1653,2016-09-13,2016,09,13,0.07720824,0.011956534,35.92857142857143,1.0052261,0.29594383,0.5941564,0.12939322,0.055206675
1654,2016-09-14,2016,09,14,0.07744594,0.00963835,52.57142857142857,0.62443775,0.17811862,0.42679095,0.08636329,0.06168945
1655,2016-09-15,2016,09,15,0.095898725,0.0073947236,13.761904761904763,0.47110346,0.12929067,0.3601337,0.06507301,0.0800848
1656,2016-09-16,2016,09,16,0.16078953,0.021591702,0.5238095238095238,0.52624464,0.1394319,0.38982484,0.06775183,0.13281263
1657,2016-09-17,2016,09,17,0.12151291,0.013760089,9.30952380952381,0.6321362,0.14780957,0.43668097,0.069091626,0.097459994
1658,2016-09-18,2016,09,18,0.11240681,0.0035247868,0.42857142857142855,0.77001065,0.101851046,0.50352657,0.04420376,0.0848216
1659,2016-09-19,2016,09,19,0.102225244,0.01810114,4.809523809523809,0.5899291,0.1906391,0.40456027,0.0947329,0.08479273
1660,2016-09-20,2016,09,20,0.12239554,0.015166693,42.666666666666664,0.94183946,0.2221816,0.56647825,0.09952482,0.088913135
1661,2016-09-21,2016,09,21,0.15177062,0.020172546,5.119047619047619,0.7898274,0.248816,0.4925293,0.108854905,0.12051535
1662,2016-09-22,2016,09,22,0.10578398,0.013499416,8.214285714285714,0.30493647,0.12017142,0.2734521,0.061353344,0.09377663
1663,2016-09-23,2016,09,23,0.09779861,0.01237593,120.19047619047619,0.013238696,0.010639495,0.10804857,0.006239673,0.09470698
1664,2016-09-24,2016,09,24,0.10799941,0.014413332,35.42857142857143,0.19756989,0.089737214,0.20123841,0.046007834,0.10011377
1665,2016-09-25,2016,09,25,0.07399586,0.011425558,76.66666666666667,0.44248697,0.17447913,0.3406718,0.092963226,0.06288705
1666,2016-09-26,2016,09,26,0.12166047,0.0230461,130.26190476190476,0.16722032,0.10570647,0.1752603,0.06107983,0.11687504
1667,2016-09-27,2016,09,27,0.1633512,0.030048074,57.11904761904762,0.12768736,0.11132879,0.17051332,0.06424489,0.15446898
1668,2016-09-28,2016,09,28,0.16470353,0.029868564,52.404761904761905,0.20270643,0.13402075,0.21477342,0.07805389,0.15149955
1669,2016-09-29,2016,09,29,0.095892124,0.016978249,47.23809523809524,0.49389192,0.19724904,0.36912134,0.101833284,0.08015964
1670,2016-09-30,2016,09,30,0.09745904,0.009975302,6.785714285714286,0.3985769,0.20778818,0.32148492,0.11074958,0.083514534
1671,2016-10-01,2016,10,01,0.10181479,0.009253481,35.285714285714285,-0.0003735015,0.006043407,0.099257894,0.0054788836,0.09902274
1672,2016-10-02,2016,10,02,0.06912097,0.018882148,26.214285714285715,0.81296337,0.18907481,0.489816,0.08170916,0.059874654
1673,2016-10-03,2016,10,03,0.09546247,0.013495154,93.19047619047619,0.27275524,0.09621514,0.25432438,0.0517402,0.085582174
1674,2016-10-04,2016,10,04,0.080356486,0.014304253,41.666666666666664,0.55442464,0.23017168,0.391485,0.109824404,0.066062085
1675,2016-10-05,2016,10,05,0.12479867,0.021910612,13.714285714285714,0.38672662,0.16640127,0.30338526,0.08717793,0.108648606
1676,2016-10-06,2016,10,06,0.11711625,0.010596158,30.38095238095238,0.061671942,0.038995653,0.13503583,0.023430564,0.110818066
1677,2016-10-07,2016,10,07,0.15442576,0.010401247,5.380952380952381,0.1407777,0.05537418,0.18172814,0.031614024,0.1447377
1678,2016-10-08,2016,10,08,0.124112844,0.028164208,18.476190476190474,0.2437197,0.09535253,0.24168353,0.05341742,0.11127337
1679,2016-10-09,2016,10,09,0.09993678,0.015451807,2.5952380952380953,0.38471928,0.13872646,0.31415972,0.07705685,0.086082995
1680,2016-10-10,2016,10,10,0.07573634,0.009313859,23.11904761904762,0.92804945,0.1668714,0.56588405,0.07396666,0.055402417
1681,2016-10-11,2016,10,11,0.08361598,0.007893615,11.30952380952381,1.2992443,0.18495166,0.709231,0.07010341,0.054829836
1682,2016-10-12,2016,10,12,0.13477783,0.016817363,18.19047619047619,0.6370614,0.14781699,0.43465573,0.06777329,0.10953011
1683,2016-10-13,2016,10,13,0.07699251,0.011709008,6.904761904761905,0.9161653,0.16576509,0.5495854,0.07086614,0.058058877
1684,2016-10-14,2016,10,14,0.06835417,0.007349768,6.0476190476190474,0.9483618,0.21335913,0.5760994,0.09086079,0.049687788
1685,2016-10-15,2016,10,15,0.050649934,0.005727659,23.666666666666668,1.2104557,0.20761228,0.67352074,0.08067371,0.033928577
1686,2016-10-16,2016,10,16,0.04496409,0.008669674,33.04761904761905,1.1410677,0.22086912,0.6393999,0.09133364,0.031796224
1687,2016-10-17,2016,10,17,0.0917864,0.015400568,62.785714285714285,0.5788577,0.17194831,0.3812561,0.077873126,0.08129854
1688,2016-10-18,2016,10,18,0.09828681,0.013915123,39.095238095238095,0.32480314,0.10490754,0.27542484,0.050174113,0.08783851
1689,2016-10-19,2016,10,19,0.12240674,0.011769697,161.21428571428572,0.0033175638,0.004091472,0.10217733,0.0024667669,0.11895782
1690,2016-10-20,2016,10,20,0.08955767,0.01296792,286.5238095238095,0.0301723,0.02988752,0.11788616,0.018522734,0.08626662
1691,2016-10-21,2016,10,21,0.10135052,0.018183216,26.69047619047619,0.34204388,0.20192096,0.2757557,0.10455835,0.09118887
1692,2016-10-22,2016,10,22,0.18387488,0.027922735,2.761904761904762,0.5570757,0.14484516,0.39388946,0.067879915,0.1490993
1693,2016-10-23,2016,10,23,0.12275044,0.022785664,37.23809523809524,0.71686596,0.18483178,0.47218123,0.084942624,0.09741196
1694,2016-10-24,2016,10,24,0.06288245,0.015734281,182.52380952380952,0.83378667,0.17613098,0.5231878,0.07723426,0.048093263
1695,2016-10-25,2016,10,25,0.069422215,0.014619294,204.45238095238096,0.5653677,0.21400699,0.4037558,0.10593472,0.05734543
1696,2016-10-26,2016,10,26,0.1002005,0.02084021,46.642857142857146,0.5205377,0.24355434,0.37208512,0.118935674,0.08398607
1697,2016-10-27,2016,10,27,0.15816194,0.023768447,9.547619047619047,1.0962583,0.15694577,0.62547183,0.06308724,0.1081715
1698,2016-10-28,2016,10,28,0.107128166,0.015175549,59.92857142857143,0.4431904,0.14505376,0.32167476,0.07004841,0.09335617
1699,2016-10-29,2016,10,29,0.16441508,0.027563643,0.5714285714285714,0.2126222,0.025033893,0.22623841,0.013961815,0.14916848
1700,2016-10-30,2016,10,30,0.07377282,0.01828911,169.28571428571428,0.13976008,0.09191798,0.18216924,0.052434262,0.06869425
1701,2016-10-31,2016,10,31,0.099502884,0.02402061,56.0,0.14935936,0.090195075,0.18251474,0.05043154,0.0912877
1702,2016-11-01,2016,11,01,0.05774799,0.008046473,105.33333333333333,0.41795754,0.16436495,0.33189547,0.08529604,0.048588157
1703,2016-11-02,2016,11,02,0.080547534,0.012625348,55.666666666666664,0.743482,0.1732388,0.48636296,0.07788928,0.062332865
1704,2016-11-03,2016,11,03,0.1066358,0.03098762,36.357142857142854,0.45215404,0.19532083,0.34213746,0.09723089,0.0922971
1705,2016-11-04,2016,11,04,0.05376346,0.013564986,89.88095238095238,0.54333544,0.20672302,0.39312345,0.103967205,0.044636533
1706,2016-11-05,2016,11,05,0.043966543,0.011544842,105.54761904761905,0.5258555,0.23356603,0.3729057,0.11329474,0.03716321
1707,2016-11-06,2016,11,06,0.055276774,0.012919734,51.69047619047619,0.51357067,0.19633347,0.35875902,0.09631186,0.04667072
1708,2016-11-07,2016,11,07,0.074176036,0.016102718,42.833333333333336,0.5498174,0.2313437,0.38601956,0.11336829,0.060056947
1709,2016-11-08,2016,11,08,0.059981015,0.013018405,54.404761904761905,0.9521394,0.22591153,0.5723722,0.09376039,0.044583052
1710,2016-11-09,2016,11,09,0.08078803,0.017195908,6.404761904761905,0.70850205,0.21855089,0.47139555,0.103632085,0.06402329
1711,2016-11-10,2016,11,10,0.084375,0.016984267,2.119047619047619,0.5041376,0.1773377,0.3728249,0.08849823,0.0703635
1712,2016-11-11,2016,11,11,0.08211016,0.011474379,18.404761904761905,1.039256,0.14850658,0.5963266,0.059807196,0.062314004
1713,2016-11-12,2016,11,12,0.07047661,0.015099917,24.571428571428573,0.88056374,0.27593628,0.5355677,0.12262358,0.05380538
1714,2016-11-13,2016,11,13,0.111145146,0.017728444,66.23809523809524,0.45748892,0.12294575,0.3462438,0.060401704,0.09556821
1715,2016-11-14,2016,11,14,0.1318663,0.01892043,47.785714285714285,0.13117039,0.0472195,0.17668523,0.029287806,0.12367418
1716,2016-11-15,2016,11,15,0.12163391,0.019554062,3.357142857142857,0.3603054,0.14255707,0.29244405,0.073095664,0.109139495
1717,2016-11-16,2016,11,16,0.08750903,0.009450088,10.761904761904763,0.25298247,0.11360308,0.24538422,0.06298801,0.07832985
1718,2016-11-17,2016,11,17,0.06817347,0.0074890964,4.404761904761905,0.45391268,0.07632868,0.33097425,0.032881506,0.057913613
1719,2016-11-18,2016,11,18,0.06525748,0.017248636,27.857142857142858,0.6288931,0.22602908,0.42126667,0.10438408,0.053681802
1720,2016-11-19,2016,11,19,0.05074367,0.012498672,77.14285714285714,0.57146317,0.20761308,0.39839387,0.09873593,0.042101286
1721,2016-11-20,2016,11,20,0.06919414,0.0141961165,66.76190476190476,0.28912568,0.109569766,0.25148207,0.053047586,0.063742466
1722,2016-11-21,2016,11,21,0.060227133,0.010638544,83.71428571428571,0.031535957,0.042853747,0.11891372,0.025303239,0.05778196
1723,2016-11-22,2016,11,22,0.06231571,0.0095668575,52.92857142857143,0.49892125,0.17595235,0.3645945,0.08645807,0.051762577
1724,2016-11-23,2016,11,23,0.15376927,0.026963692,5.595238095238095,0.27563062,0.07340614,0.2517961,0.04247547,0.13653478
1725,2016-11-24,2016,11,24,0.18754955,0.014066993,36.42857142857143,0.236223,0.049334068,0.23590107,0.029739575,0.1696794
1726,2016-11-25,2016,11,25,0.12803628,0.012131231,29.88095238095238,0.57839096,0.085019834,0.40899026,0.04210191,0.10511283
1727,2016-11-26,2016,11,26,0.142091,0.023386298,39.095238095238095,0.045028947,0.038965493,0.12724431,0.023335967,0.13601561
1728,2016-11-27,2016,11,27,0.08434852,0.01323733,71.64285714285714,0.19023405,0.09849409,0.2093012,0.05509161,0.076754406
1729,2016-11-28,2016,11,28,0.06730287,0.011237223,17.738095238095237,0.63797736,0.22813857,0.4311657,0.1073108,0.054605573
1730,2016-11-29,2016,11,29,0.21408041,0.018852316,2.142857142857143,0.1936041,0.038143486,0.20933601,0.020754037,0.19437814
1731,2016-11-30,2016,11,30,0.17446779,0.01752236,6.333333333333333,0.07767082,0.04770444,0.14375077,0.029703017,0.1648328
1732,2016-12-01,2016,12,01,0.12774286,0.016737102,6.5,0.2756133,0.088534996,0.25883952,0.047764886,0.11446668
1733,2016-12-02,2016,12,02,0.1384682,0.01173016,7.166666666666667,0.023061186,0.024080643,0.11405198,0.014467069,0.13355918
1734,2016-12-03,2016,12,03,0.0999326,0.009725081,60.54761904761905,0.023287062,0.024576562,0.114128076,0.014642114,0.09608206
1735,2016-12-04,2016,12,04,0.17393456,0.02071746,32.11904761904762,0.016150044,0.023435216,0.108285114,0.018188847,0.16826747
1736,2016-12-05,2016,12,05,,,0.023809523809523808,,,,,
1737,2016-12-06,2016,12,06,0.099206485,0.03133217,3.619047619047619,0.27365538,0.1855961,0.24818186,0.09235316,0.08952036
1738,2016-12-07,2016,12,07,0.05876277,0.011844471,33.45238095238095,0.36043823,0.14796203,0.2805512,0.07121313,0.052208435
1739,2016-12-08,2016,12,08,0.04603385,0.014648112,13.80952380952381,0.60391897,0.28752983,0.40518734,0.12978548,0.0387794
1740,2016-12-09,2016,12,09,0.1256913,0.022073947,0.7142857142857143,0.5584423,0.26993108,0.3777778,0.13890952,0.106079504
1741,2016-12-10,2016,12,10,0.08268502,0.02118172,4.166666666666667,1.0470774,0.24296549,0.6049845,0.10250631,0.06070641
1742,2016-12-11,2016,12,11,0.0697174,0.014762946,4.142857142857143,0.8837075,0.22410162,0.53293324,0.09465773,0.054545123
1743,2016-12-12,2016,12,12,0.057566054,0.013853168,3.7142857142857144,0.73675805,0.20164928,0.46324232,0.088467285,0.04621563
1744,2016-12-13,2016,12,13,0.049176082,0.015793845,4.4523809523809526,0.87420756,0.34479225,0.52632564,0.15430672,0.039698686
1745,2016-12-14,2016,12,14,,,0.0,,,,,
1746,2016-12-15,2016,12,15,0.14663973,0.031057326,33.857142857142854,0.33824325,0.12547539,0.28678623,0.069992304,0.12726553
1747,2016-12-16,2016,12,16,0.0642112,0.011978068,45.857142857142854,0.55565727,0.17688446,0.39198053,0.08367613,0.053545263
1748,2016-12-17,2016,12,17,0.09197764,0.018789917,24.047619047619047,0.22712873,0.099063724,0.23071963,0.054049045,0.08322292
1749,2016-12-18,2016,12,18,0.08211441,0.009375094,3.4523809523809526,0.72426033,0.15397727,0.47984406,0.06959202,0.06345676
1750,2016-12-19,2016,12,19,0.09693419,0.0071998625,47.857142857142854,0.09950294,0.06111039,0.15866132,0.035476934,0.09054948
1751,2016-12-20,2016,12,20,,,0.0,,,,,
1752,2016-12-21,2016,12,21,0.096436456,0.012969149,51.214285714285715,0.3738052,0.112810045,0.30789918,0.057257947,0.0846555
1753,2016-12-22,2016,12,22,0.07839043,0.011200841,68.30952380952381,0.18280402,0.08967737,0.20258574,0.04853295,0.07299377
1754,2016-12-23,2016,12,23,0.07216855,0.01030426,23.952380952380953,0.38107678,0.16198584,0.30478254,0.08082862,0.063391775
1755,2016-12-24,2016,12,24,0.07227728,0.012416311,46.833333333333336,0.11254114,0.08507905,0.16584074,0.048815433,0.0673712
1756,2016-12-25,2016,12,25,0.10257878,0.0127360495,12.333333333333334,0.6876057,0.11213413,0.4592798,0.0507253,0.08104139
1757,2016-12-26,2016,12,26,0.11057463,0.018635629,59.714285714285715,0.29589367,0.12553775,0.2639007,0.065315455,0.09945281
1758,2016-12-27,2016,12,27,0.071566194,0.016180174,41.42857142857143,0.48439986,0.17471713,0.36483634,0.08592025,0.060060978
1759,2016-12-28,2016,12,28,0.07278268,0.015890796,98.88095238095238,0.27647403,0.13255219,0.25473964,0.069122955,0.06524071
1760,2016-12-29,2016,12,29,0.0616156,0.017642476,46.785714285714285,0.57193583,0.2677724,0.40303195,0.12967454,0.05097254
1761,2016-12-30,2016,12,30,0.04796368,0.013925594,105.80952380952381,0.61069,0.2567073,0.41918215,0.12425952,0.038731605
1762,2016-12-31,2016,12,31,0.12194684,0.027976036,21.833333333333332,0.5398039,0.15681076,0.3864916,0.07848533,0.10230767
1763,2017-01-01,2017,01,01,0.16062832,0.031959742,15.880952380952381,0.14915563,0.07594368,0.1842008,0.047385328,0.14949667
1764,2017-01-02,2017,01,02,0.13568196,0.028649362,9.952380952380953,0.13333103,0.09144534,0.1761491,0.052054137,0.12687124
1765,2017-01-03,2017,01,03,0.08859018,0.017593754,4.714285714285714,0.336573,0.18793145,0.28934857,0.10090864,0.07677322
1766,2017-01-04,2017,01,04,0.09490891,0.02727072,18.69047619047619,0.502978,0.24717934,0.35711333,0.12341909,0.082480766
1767,2017-01-05,2017,01,05,0.09368,0.035241164,22.666666666666668,0.8070773,0.33202726,0.48028126,0.1543476,0.0810353
1768,2017-01-06,2017,01,06,0.11690047,0.029167965,7.642857142857143,0.54052913,0.23066226,0.35787898,0.11050513,0.10676291
1769,2017-01-07,2017,01,07,0.1558447,0.016415289,0.5,0.5142121,0.17384471,0.36640248,0.08052809,0.12582213
1770,2017-01-08,2017,01,08,0.13958846,0.03329316,6.428571428571429,0.20678814,0.14178252,0.21676156,0.0784859,0.12787539
1771,2017-01-09,2017,01,09,0.10511875,0.023495158,24.071428571428573,0.35740644,0.1744128,0.2874177,0.09106148,0.09325778
1772,2017-01-10,2017,01,10,0.051976915,0.024089133,79.07142857142857,0.89307165,0.3515355,0.5333329,0.15721783,0.04147696
1773,2017-01-11,2017,01,11,0.108912595,0.03814586,104.71428571428571,0.32574457,0.18233399,0.280125,0.09331914,0.09767064
1774,2017-01-12,2017,01,12,0.10982382,0.023596426,34.642857142857146,0.326002,0.12773088,0.27511513,0.065063864,0.10004595
1775,2017-01-13,2017,01,13,0.072660774,0.016582528,58.523809523809526,0.14025715,0.10453805,0.18179175,0.0589194,0.06748383
1776,2017-01-14,2017,01,14,0.07709457,0.009635079,34.04761904761905,0.15791732,0.07647859,0.18839191,0.042919327,0.07069609
1777,2017-01-15,2017,01,15,0.08019881,0.007716061,6.142857142857143,0.32522318,0.10333437,0.28584832,0.05596811,0.06947124
1778,2017-01-16,2017,01,16,0.09748813,0.015012881,52.88095238095238,0.353161,0.15037595,0.29462308,0.07700443,0.08565901
1779,2017-01-17,2017,01,17,0.07919361,0.02070758,22.428571428571427,0.74765575,0.22184072,0.483554,0.10150128,0.06307772
1780,2017-01-18,2017,01,18,0.070320144,0.014640043,9.785714285714286,0.64509565,0.26005158,0.43187165,0.11885153,0.058814377
1781,2017-01-19,2017,01,19,0.15671156,0.02529856,49.714285714285715,0.18236277,0.11538171,0.19813183,0.06361541,0.14642872
1782,2017-01-20,2017,01,20,0.122781105,0.019245723,117.83333333333333,0.08751806,0.07596302,0.14925192,0.045092117,0.116118126
1783,2017-01-21,2017,01,21,0.19740646,0.027457947,188.26190476190476,0.013912398,0.03794081,0.10322168,0.03174543,0.19098437
1784,2017-01-22,2017,01,22,0.0850887,0.026797855,99.76190476190476,0.4946208,0.27367443,0.3390364,0.12599322,0.079411104
1785,2017-01-23,2017,01,23,0.1537357,0.024250407,54.23809523809524,0.053551625,0.048766527,0.13096173,0.027922405,0.14698747
1786,2017-01-24,2017,01,24,0.0664132,0.01809455,98.61904761904762,0.15265355,0.12433765,0.18821123,0.06939057,0.061364535
1787,2017-01-25,2017,01,25,0.08103163,0.01943824,41.666666666666664,0.27938873,0.14472069,0.2541622,0.07799785,0.07199036
1788,2017-01-26,2017,01,26,0.18303972,0.03296201,3.857142857142857,0.08882871,0.0668739,0.1387614,0.052189987,0.17279175
1789,2017-01-27,2017,01,27,0.18248062,0.031055996,69.45238095238095,0.03435415,0.047844272,0.1082129,0.036192607,0.17545375
1790,2017-01-28,2017,01,28,0.15999603,0.03449462,12.952380952380953,0.10633113,0.043128833,0.15725565,0.027949318,0.14656846
1791,2017-01-29,2017,01,29,0.053078275,0.011706808,313.64285714285717,0.13466595,0.0752446,0.17696522,0.041093778,0.050426897
1792,2017-01-30,2017,01,30,0.02585339,0.006643248,315.35714285714283,0.4201258,0.27239242,0.32277948,0.1348345,0.02243033
1793,2017-01-31,2017,01,31,0.039946187,0.014720678,127.85714285714286,0.58116126,0.301765,0.39747882,0.14360543,0.03400388
1794,2017-02-01,2017,02,01,0.111355945,0.023352772,107.52380952380952,0.3273176,0.13703048,0.27284878,0.07251284,0.10222094
1795,2017-02-02,2017,02,02,0.16765721,0.041674763,46.69047619047619,0.30636394,0.106098995,0.2699424,0.056427933,0.14771421
1796,2017-02-03,2017,02,03,0.092021294,0.02891099,117.97619047619048,0.38109303,0.17508742,0.31130937,0.091342375,0.08064385
1797,2017-02-04,2017,02,04,0.07561481,0.01990648,105.69047619047619,0.5681091,0.26569054,0.3989781,0.13147205,0.062989846
1798,2017-02-05,2017,02,05,0.099575065,0.023473889,65.83333333333333,0.29104033,0.19805537,0.25207508,0.10797163,0.090573356
1799,2017-02-06,2017,02,06,0.12250213,0.03482492,115.92857142857143,0.2676607,0.19210088,0.24621232,0.10513233,0.110739745
1800,2017-02-07,2017,02,07,0.10510974,0.02406292,34.19047619047619,0.5956912,0.21192008,0.41138807,0.10151415,0.08752974
1801,2017-02-08,2017,02,08,0.12780848,0.028541556,9.547619047619047,0.348265,0.15570997,0.29135066,0.08246251,0.11337644
1802,2017-02-09,2017,02,09,0.08728104,0.021948118,85.69047619047619,0.5046558,0.21568577,0.36340126,0.106809475,0.07656642
1803,2017-02-10,2017,02,10,0.11198363,0.014442847,3.1666666666666665,0.7141382,0.18069087,0.47640726,0.08667221,0.08688287
1804,2017-02-11,2017,02,11,0.12949528,0.013494801,42.523809523809526,0.07117782,0.06244404,0.13879073,0.03765766,0.12344229
1805,2017-02-12,2017,02,12,0.12051759,0.023761338,58.357142857142854,0.095842645,0.083386146,0.15585142,0.046988536,0.11410408
1806,2017-02-13,2017,02,13,0.17417446,0.015113562,1.8095238095238095,0.039405555,0.037571274,0.12017164,0.028908825,0.16809095
1807,2017-02-14,2017,02,14,0.074670024,0.0160894,6.0,0.22378977,0.15008003,0.226207,0.08108157,0.06873091
1808,2017-02-15,2017,02,15,0.0754125,0.016437111,16.19047619047619,0.3815059,0.1644235,0.30658478,0.08277636,0.06577954
1809,2017-02-16,2017,02,16,0.06729964,0.00951857,33.73809523809524,0.6016882,0.1714387,0.41597596,0.082151525,0.05404151
1810,2017-02-17,2017,02,17,0.14718117,0.037434645,13.5,0.22023098,0.15467773,0.21514551,0.07546991,0.13538034
1811,2017-02-18,2017,02,18,0.19041075,0.017868737,48.785714285714285,0.05723334,0.036918055,0.13387603,0.02209843,0.18139991
1812,2017-02-19,2017,02,19,0.08850721,0.019408075,230.8095238095238,0.0011719322,0.005240424,0.100697935,0.0034660797,0.086038314
1813,2017-02-20,2017,02,20,0.06586441,0.0189222,286.5,0.05171383,0.066026434,0.13064808,0.038973242,0.06291681
1814,2017-02-21,2017,02,21,0.07972958,0.023028556,80.16666666666667,0.40739384,0.2559429,0.31747013,0.1312506,0.06940685
1815,2017-02-22,2017,02,22,0.08199469,0.010016591,48.88095238095238,0.10230912,0.080063894,0.15794064,0.044814087,0.07720385
1816,2017-02-23,2017,02,23,0.10409651,0.008024909,0.7619047619047619,0.7577842,0.08990427,0.49644017,0.039794892,0.079380445
1817,2017-02-24,2017,02,24,0.1204671,0.03317313,2.0238095238095237,0.30793983,0.15882356,0.27323166,0.08662674,0.106405236
1818,2017-02-25,2017,02,25,0.19859837,0.023962319,0.9047619047619048,0.36401185,0.10266186,0.291341,0.051543366,0.16904198
1819,2017-02-26,2017,02,26,0.16745251,0.043201048,9.142857142857142,0.36314395,0.23715913,0.28061375,0.12442508,0.14759324
1820,2017-02-27,2017,02,27,0.116564155,0.01507568,9.357142857142858,0.14616866,0.101222955,0.1797145,0.055250634,0.108907714
1821,2017-02-28,2017,02,28,0.15551348,0.036509458,4.071428571428571,0.5602159,0.18926243,0.3777226,0.089126766,0.12930167
1822,2017-03-01,2017,03,01,0.16728064,0.01699589,3.2857142857142856,0.3633587,0.085109286,0.30300358,0.0430388,0.14605919
1823,2017-03-02,2017,03,02,0.10605362,0.013775217,77.35714285714286,0.1988379,0.08599251,0.21659012,0.049028315,0.0966096
1824,2017-03-03,2017,03,03,0.089076005,0.012077168,103.5952380952381,0.17481723,0.09243996,0.20069604,0.052457593,0.08229084
1825,2017-03-04,2017,03,04,0.14589378,0.039171834,17.785714285714285,0.1733129,0.1437131,0.18759543,0.08581327,0.13166903
1826,2017-03-05,2017,03,05,0.08730169,0.028858295,72.61904761904762,0.4269728,0.23086411,0.30983046,0.10993765,0.07964725
1827,2017-03-06,2017,03,06,0.08591426,0.015347679,11.095238095238095,0.5767426,0.13461024,0.4049456,0.06572612,0.07021713
1828,2017-03-07,2017,03,07,0.18893157,0.020890707,1.2380952380952381,-0.022831472,0.03710076,0.072036654,0.04124112,0.18426183
1829,2017-03-08,2017,03,08,0.1029339,0.022982696,78.71428571428571,0.006498038,0.018062487,0.103919104,0.011564628,0.09991529
1830,2017-03-09,2017,03,09,0.10708358,0.014414477,14.357142857142858,0.06849074,0.10706199,0.12259894,0.061697662,0.10315754
1831,2017-03-10,2017,03,10,0.14224274,0.043597158,32.5,-0.0064259614,0.059080075,0.07733401,0.043386668,0.13849327
1832,2017-03-11,2017,03,11,0.14966303,0.03790378,21.88095238095238,0.07514874,0.08390784,0.1387458,0.052179042,0.14268887
1833,2017-03-12,2017,03,12,0.16634157,0.040028196,96.16666666666667,0.061735954,0.06561829,0.13011786,0.04264555,0.1583079
1834,2017-03-13,2017,03,13,0.09189439,0.024003813,214.0952380952381,0.35120514,0.14471877,0.2956599,0.07712022,0.08109633
1835,2017-03-14,2017,03,14,0.10036707,0.010552204,1.7142857142857142,0.72019887,0.18356672,0.4734707,0.08495128,0.076213434
1836,2017-03-15,2017,03,15,0.080483325,0.010832222,11.880952380952381,0.842378,0.16482368,0.5097025,0.071848646,0.06242767
1837,2017-03-16,2017,03,16,,,0.047619047619047616,,,,,
1838,2017-03-17,2017,03,17,0.12966499,0.024983926,8.023809523809524,0.6367837,0.21524975,0.41980925,0.101819515,0.110470824
1839,2017-03-18,2017,03,18,0.10197411,0.027415816,32.357142857142854,0.66809493,0.31562376,0.4385002,0.14263266,0.08409873
1840,2017-03-19,2017,03,19,0.12637517,0.02950346,23.857142857142858,0.79066926,0.2713289,0.4958184,0.12369235,0.09862306
1841,2017-03-20,2017,03,20,0.14127593,0.03783152,36.976190476190474,0.70087224,0.28114796,0.453041,0.13411736,0.11288575
1842,2017-03-21,2017,03,21,0.17843874,0.071387336,13.571428571428571,0.7865304,0.24331793,0.49202958,0.106801815,0.14215071
1843,2017-03-22,2017,03,22,0.13424708,0.02161117,94.83333333333333,0.22369805,0.10299833,0.22308719,0.05258247,0.12412447
1844,2017-03-23,2017,03,23,0.09929339,0.0121110035,260.23809523809524,0.49842867,0.10620929,0.37441316,0.05420063,0.082897775
1845,2017-03-24,2017,03,24,0.108336926,0.020969898,206.47619047619048,0.5605737,0.2067647,0.39751238,0.105054155,0.089609146
1846,2017-03-25,2017,03,25,0.08166387,0.016071137,107.78571428571429,0.45784354,0.22355165,0.34290037,0.11759828,0.06930593
1847,2017-03-26,2017,03,26,0.073943235,0.009288052,31.095238095238095,0.53870136,0.20485966,0.3773042,0.098279,0.061049066
1848,2017-03-27,2017,03,27,0.088415906,0.031771097,18.904761904761905,1.0843047,0.26327574,0.6207112,0.106347114,0.06454788
1849,2017-03-28,2017,03,28,0.17066264,0.019523876,51.88095238095238,0.102947384,0.056447428,0.16119571,0.034687992,0.1607802
1850,2017-03-29,2017,03,29,0.111336514,0.014866052,343.54761904761904,0.17284617,0.06316302,0.20100714,0.03725698,0.10349288
1851,2017-03-30,2017,03,30,0.13787462,0.015757771,13.19047619047619,0.33824298,0.092982285,0.2729726,0.0509343,0.12470209
1852,2017-03-31,2017,03,31,0.16185305,0.008455639,9.071428571428571,0.3182368,0.067050606,0.2797669,0.036271997,0.14167878
1853,2017-04-01,2017,04,01,0.19521059,0.026277408,2.857142857142857,0.05931651,0.06286798,0.13231853,0.04403594,0.18655224
1854,2017-04-02,2017,04,02,0.22552581,0.027338779,10.80952380952381,0.2083666,0.07717295,0.2010842,0.047234677,0.20570481
1855,2017-04-03,2017,04,03,0.13635482,0.020494286,94.76190476190476,0.38151544,0.11753711,0.30530328,0.057531852,0.120503135
1856,2017-04-04,2017,04,04,0.12036888,0.016117062,120.83333333333333,0.23456733,0.11935387,0.23181215,0.06835239,0.10943083
1857,2017-04-05,2017,04,05,0.1092505,0.022111073,144.0952380952381,0.42707524,0.18995734,0.32570598,0.10175407,0.09411763
1858,2017-04-06,2017,04,06,0.1320805,0.039050326,44.0,0.7233393,0.21812655,0.44821182,0.10118982,0.11265918
1859,2017-04-07,2017,04,07,0.14142236,0.03645436,30.261904761904763,0.6000197,0.17633028,0.41450486,0.08425738,0.11710152
1860,2017-04-08,2017,04,08,0.1685089,0.02452386,85.45238095238095,0.61075443,0.14520141,0.4218275,0.067925826,0.13685384
1861,2017-04-09,2017,04,09,0.18870167,0.01684302,54.23809523809524,0.761909,0.14070621,0.49293455,0.062437423,0.14447197
1862,2017-04-10,2017,04,10,0.11777518,0.008153987,84.97619047619048,0.7163934,0.13989174,0.47164953,0.067648314,0.091524005
1863,2017-04-11,2017,04,11,0.11279466,0.01018695,110.0952380952381,0.58805555,0.1655071,0.4158673,0.0847799,0.091039605
1864,2017-04-12,2017,04,12,0.089983895,0.035919227,31.19047619047619,0.913791,0.3135001,0.5398444,0.13217224,0.07341961
1865,2017-04-13,2017,04,13,0.1852567,0.03413664,58.11904761904762,0.39043874,0.14416876,0.31370616,0.072796255,0.16009848
1866,2017-04-14,2017,04,14,0.15481779,0.023048282,86.21428571428571,0.23481141,0.109484315,0.23168749,0.06229502,0.13853745
1867,2017-04-15,2017,04,15,0.12715438,0.026449988,51.73809523809524,0.0337425,0.062113244,0.11345969,0.041071262,0.12216352
1868,2017-04-16,2017,04,16,0.10277395,0.026929064,74.35714285714286,0.23981413,0.17552179,0.2296176,0.10022429,0.09342879
1869,2017-04-17,2017,04,17,0.18434621,0.06464549,12.833333333333334,0.94662255,0.25394216,0.55140924,0.10363821,0.13580422
1870,2017-04-18,2017,04,18,0.1256675,0.02700128,113.19047619047619,0.47991237,0.19555478,0.35332105,0.094052866,0.10850695
1871,2017-04-19,2017,04,19,0.10464309,0.023339154,297.0238095238095,0.6218869,0.23437804,0.42506,0.11446183,0.085561566
1872,2017-04-20,2017,04,20,0.107836574,0.013860689,289.42857142857144,0.53109425,0.12127072,0.3828685,0.060740396,0.089260526
1873,2017-04-21,2017,04,21,0.11879637,0.010598432,232.21428571428572,0.3123111,0.08505336,0.26852965,0.04729419,0.105163604
1874,2017-04-22,2017,04,22,0.057378653,0.017428061,18.452380952380953,1.5177883,0.10154275,0.7858632,0.038454715,0.035510726
1875,2017-04-23,2017,04,23,0.17780785,0.019954164,13.738095238095237,0.52315015,0.11160793,0.3873886,0.054031473,0.14638323
1876,2017-04-24,2017,04,24,0.17550023,0.018006777,7.833333333333333,0.3920079,0.10491087,0.32079336,0.054998104,0.15029314
1877,2017-04-25,2017,04,25,0.19599271,0.026106346,1.380952380952381,0.22433431,0.1206826,0.2114686,0.07295585,0.17713857
1878,2017-04-26,2017,04,26,0.10680845,0.015702918,2.9761904761904763,0.12825516,0.13019778,0.17234556,0.079561464,0.09913668
1879,2017-04-27,2017,04,27,0.10285515,0.03892838,16.285714285714285,0.44512734,0.2119988,0.29191723,0.10761467,0.09496167
1880,2017-04-28,2017,04,28,0.11213264,0.01938368,11.142857142857142,0.13705818,0.072319664,0.18173063,0.041254114,0.10446403
1881,2017-04-29,2017,04,29,0.12405017,0.018578887,192.33333333333334,0.051196683,0.04242993,0.1308259,0.02593437,0.118898384
1882,2017-04-30,2017,04,30,0.12807381,0.017030755,374.6190476190476,0.22571607,0.084865235,0.23103675,0.048671972,0.116224766
1883,2017-05-01,2017,05,01,0.14937407,0.028471025,71.30952380952381,0.08654653,0.10388206,0.13655475,0.06538829,0.14133933
1884,2017-05-02,2017,05,02,0.17830439,0.039739657,35.92857142857143,0.13573049,0.1289641,0.16420391,0.07782253,0.16627079
1885,2017-05-03,2017,05,03,,,0.0,,,,,
1886,2017-05-04,2017,05,04,0.18396586,0.029318066,2.7142857142857144,0.49310207,0.16375428,0.35661379,0.079107195,0.15678976
1887,2017-05-05,2017,05,05,0.12311635,0.025689723,12.904761904761905,0.72982943,0.31106418,0.4719424,0.13957101,0.09708563
1888,2017-05-06,2017,05,06,0.22828017,0.02061931,51.023809523809526,0.6262532,0.15172675,0.42967674,0.0694468,0.18013507
1889,2017-05-07,2017,05,07,0.17740028,0.018135788,19.833333333333332,0.32698917,0.12907171,0.2803175,0.06750805,0.15530483
1890,2017-05-08,2017,05,08,0.16452089,0.007675359,0.8809523809523809,0.444484,0.13483864,0.34929445,0.06850328,0.13809809
1891,2017-05-09,2017,05,09,0.21198301,0.016537955,3.238095238095238,0.57182664,0.10807347,0.3890107,0.051144224,0.17839672
1892,2017-05-10,2017,05,10,0.17724529,0.021858115,5.357142857142857,0.64311975,0.14321776,0.43502447,0.06642473,0.14317103
1893,2017-05-11,2017,05,11,0.12287826,0.016298525,27.642857142857142,0.7502012,0.17548177,0.48702276,0.082460806,0.095444426
1894,2017-05-12,2017,05,12,0.1261043,0.021542834,14.047619047619047,0.4407636,0.19371964,0.3307695,0.09815415,0.10700501
1895,2017-05-13,2017,05,13,0.13826814,0.011641482,3.5714285714285716,0.11073309,0.14552881,0.1487629,0.08464922,0.12959583
1896,2017-05-14,2017,05,14,,,0.0,,,,,
1897,2017-05-15,2017,05,15,0.10837796,0.026521841,51.904761904761905,0.45887816,0.18315233,0.3506551,0.09243531,0.092389435
1898,2017-05-16,2017,05,16,0.09302982,0.024301112,80.23809523809524,0.6611408,0.2943461,0.4451574,0.13885416,0.07462936
1899,2017-05-17,2017,05,17,0.093679406,0.01794536,3.1904761904761907,0.7346207,0.38535184,0.4617025,0.180468,0.07402027
1900,2017-05-18,2017,05,18,0.06238084,0.0113014225,31.261904761904763,0.37741593,0.1467561,0.27710244,0.07210852,0.05612098
1901,2017-05-19,2017,05,19,,,0.023809523809523808,,,,,
1902,2017-05-20,2017,05,20,0.24802761,0.02004875,0.7619047619047619,0.21689634,0.051904816,0.20992549,0.033764455,0.22321251
1903,2017-05-21,2017,05,21,0.15821111,0.027327636,37.0,0.44422218,0.14377172,0.33587357,0.07440481,0.13423674
1904,2017-05-22,2017,05,22,0.15788543,0.030426504,11.238095238095237,0.44489968,0.16742885,0.3393331,0.08804038,0.13277036
1905,2017-05-23,2017,05,23,0.07897273,0.018423628,0.7142857142857143,0.99641496,0.10999868,0.57657146,0.04825853,0.056985386
1906,2017-05-24,2017,05,24,,,0.0,,,,,
1907,2017-05-25,2017,05,25,0.10803313,0.024551673,10.19047619047619,0.92943805,0.24735141,0.5592298,0.10708029,0.08147526
1908,2017-05-26,2017,05,26,0.12487974,0.058335524,21.261904761904763,0.90404576,0.34097412,0.54580945,0.15414794,0.09627333
1909,2017-05-27,2017,05,27,0.12305494,0.01734011,38.11904761904762,1.0161972,0.26646504,0.59905297,0.11430553,0.087899
1910,2017-05-28,2017,05,28,0.081276745,0.010364933,8.047619047619047,1.0710815,0.24914864,0.6216093,0.10737081,0.05686258
1911,2017-05-29,2017,05,29,0.0732957,0.010409528,0.9761904761904762,1.422339,0.14581786,0.7508271,0.05887002,0.0472174
1912,2017-05-30,2017,05,30,0.19296247,0.026292346,2.5476190476190474,-0.025935216,0.028989287,0.07120881,0.031441383,0.18907632
1913,2017-05-31,2017,05,31,0.086037904,0.024546353,49.357142857142854,0.5559519,0.26363108,0.39519742,0.1258112,0.07170717
1914,2017-06-01,2017,06,01,0.08555619,0.0208704,77.92857142857143,0.6944614,0.2840964,0.44960436,0.13300098,0.069303334
1915,2017-06-02,2017,06,02,0.074696064,0.01797488,4.904761904761905,1.0588213,0.44249693,0.5979897,0.20033905,0.054865155
1916,2017-06-03,2017,06,03,0.0521205,0.008890163,0.16666666666666666,1.5564374,0.0,0.7999,0.0,0.03149772
1917,2017-06-04,2017,06,04,,,0.0,,,,,
1918,2017-06-05,2017,06,05,,,0.0,,,,,
1919,2017-06-06,2017,06,06,0.14333934,0.028248344,19.404761904761905,0.11340645,0.10422116,0.16276987,0.06356198,0.13495359
1920,2017-06-07,2017,06,07,0.12866095,0.024481207,20.30952380952381,0.19001427,0.102405414,0.19949563,0.06372014,0.11967047
1921,2017-06-08,2017,06,08,0.076143235,0.006952827,20.595238095238095,0.17902902,0.10096375,0.19531122,0.051626146,0.070838846
1922,2017-06-09,2017,06,09,0.06515762,0.022254989,7.0,1.0641881,0.3705639,0.612773,0.15024899,0.04713649
1923,2017-06-10,2017,06,10,0.10176681,0.042160176,16.30952380952381,0.79662895,0.2877119,0.47275656,0.13349657,0.09126403
1924,2017-06-11,2017,06,11,0.09634538,0.022617549,50.61904761904762,0.7374313,0.25653112,0.47786278,0.11546929,0.07654379
1925,2017-06-12,2017,06,12,0.12790999,0.019276265,40.42857142857143,0.26287836,0.13075055,0.24883614,0.07371946,0.11378649
1926,2017-06-13,2017,06,13,0.1244374,0.006966449,1.2619047619047619,0.523508,0.1499386,0.3801603,0.07577095,0.10188276
1927,2017-06-14,2017,06,14,,,0.0,,,,,
1928,2017-06-15,2017,06,15,,,0.0,,,,,
1929,2017-06-16,2017,06,16,0.1900966,0.029376777,3.2142857142857144,-0.0060206824,0.037033986,0.09123677,0.03245473,0.18524554
1930,2017-06-17,2017,06,17,0.19080143,0.027146308,167.07142857142858,0.4810148,0.16364735,0.35506436,0.088243276,0.15881793
1931,2017-06-18,2017,06,18,0.22932535,0.036808465,27.452380952380953,0.26002783,0.17741679,0.23555459,0.1129052,0.20631133
1932,2017-06-19,2017,06,19,,,0.0,,,,,
1933,2017-06-20,2017,06,20,,,0.0,,,,,
1934,2017-06-21,2017,06,21,,,0.023809523809523808,,,,,
1935,2017-06-22,2017,06,22,,,0.0,,,,,
1936,2017-06-23,2017,06,23,0.19791254,0.012826012,2.2142857142857144,0.68946666,0.09316242,0.4659308,0.04646931,0.15320544
1937,2017-06-24,2017,06,24,0.12036502,0.012245103,7.214285714285714,0.7856397,0.16365448,0.49940884,0.07151615,0.09157289
1938,2017-06-25,2017,06,25,0.13223185,0.014820317,1.4285714285714286,0.98626995,0.51411855,0.567934,0.23127627,0.09773183
1939,2017-06-26,2017,06,26,0.14792392,0.02386026,54.07142857142857,0.7544194,0.20232601,0.48776197,0.09388032,0.11567525
1940,2017-06-27,2017,06,27,0.20815967,0.023167854,102.33333333333333,0.86314094,0.20798329,0.5303975,0.09434907,0.15585604
1941,2017-06-28,2017,06,28,,,0.047619047619047616,,,,,
1942,2017-06-29,2017,06,29,,,0.0,,,,,
1943,2017-06-30,2017,06,30,,,0.047619047619047616,,,,,
1944,2017-07-01,2017,07,01,0.17551869,0.01610395,0.8571428571428571,0.24373306,0.091222964,0.24166414,0.057817034,0.15782215
1945,2017-07-02,2017,07,02,0.14004685,0.012826733,0.7380952380952381,0.53465873,0.086560376,0.39495707,0.0434157,0.114989474
1946,2017-07-03,2017,07,03,0.1357289,0.013212092,1.3095238095238095,1.0393302,0.19779445,0.6141075,0.07667205,0.096007176
1947,2017-07-04,2017,07,04,0.055444364,0.0071355416,0.4523809523809524,0.6428129,0.51012504,0.42368606,0.238367,0.043445706
1948,2017-07-05,2017,07,05,0.075460576,0.0066425274,0.35714285714285715,1.5564374,3.1860022e-08,0.7999,0.0,0.045699093
1949,2017-07-06,2017,07,06,,,0.0,,,,,
1950,2017-07-07,2017,07,07,0.18172805,0.023062134,0.5714285714285714,0.21612887,0.113750786,0.22566418,0.06383831,0.16529837
1951,2017-07-08,2017,07,08,0.112021126,0.02246354,307.3333333333333,0.2832597,0.12674837,0.2582572,0.070681214,0.10059726
1952,2017-07-09,2017,07,09,0.13269119,0.024662202,157.5952380952381,0.18825814,0.092820644,0.1987745,0.05860174,0.12115903
1953,2017-07-10,2017,07,10,,,0.0,,,,,
1954,2017-07-11,2017,07,11,0.09574366,0.028113196,0.5238095238095238,1.582651,0.11723281,0.8099025,0.04473254,0.056841843
1955,2017-07-12,2017,07,12,0.14713094,0.026420938,0.21428571428571427,1.1737081,0.10079426,0.6684813,0.03689537,0.099298365
1956,2017-07-13,2017,07,13,0.12378491,0.025161438,6.023809523809524,0.5036678,0.18918198,0.3655342,0.094030485,0.106067695
1957,2017-07-14,2017,07,14,0.07744275,0.023625312,22.88095238095238,1.0603545,0.41777205,0.5986726,0.17854734,0.057851877
1958,2017-07-15,2017,07,15,0.09724963,0.031014156,32.785714285714285,0.36782196,0.21228828,0.27131292,0.1158417,0.090208165
1959,2017-07-16,2017,07,16,0.14481898,0.013368733,15.857142857142858,0.39392343,0.21328272,0.3141916,0.11177965,0.12489495
1960,2017-07-17,2017,07,17,0.17268768,0.023067156,0.7619047619047619,0.017176943,0.044275295,0.1064637,0.033635188,0.16717134
1961,2017-07-18,2017,07,18,0.19371615,0.027823493,11.785714285714286,0.07944196,0.09587008,0.14388609,0.062646575,0.18398334
1962,2017-07-19,2017,07,19,0.2180522,0.021806715,25.571428571428573,0.46630517,0.13686943,0.34779027,0.07506997,0.17892988
1963,2017-07-20,2017,07,20,0.20146891,0.023123998,5.690476190476191,0.4596666,0.17063037,0.35133302,0.086125374,0.16877544
1964,2017-07-21,2017,07,21,0.122963086,0.025990574,7.238095238095238,0.020935927,0.10874704,0.09242386,0.06993122,0.119732484
1965,2017-07-22,2017,07,22,,,0.0,,,,,
1966,2017-07-23,2017,07,23,0.08076513,0.025875123,4.071428571428571,1.2492161,0.26997143,0.6864606,0.10579923,0.05478721
1967,2017-07-24,2017,07,24,0.10482683,0.027067734,8.095238095238095,0.969742,0.28784847,0.56654054,0.12625478,0.0800271
1968,2017-07-25,2017,07,25,0.055468272,0.011015959,13.642857142857142,1.3431559,0.27565065,0.71837586,0.11222959,0.036719747
1969,2017-07-26,2017,07,26,0.063236356,0.012377196,7.190476190476191,0.70847154,0.33031547,0.45179912,0.15453023,0.04930629
1970,2017-07-27,2017,07,27,,,0.0,,,,,
1971,2017-07-28,2017,07,28,,,0.0,,,,,
1972,2017-07-29,2017,07,29,0.16769199,0.018098382,3.7142857142857144,0.6743,0.15245768,0.45663783,0.07043339,0.13293417
1973,2017-07-30,2017,07,30,0.17245258,0.03414831,5.690476190476191,0.35615444,0.23217528,0.28933996,0.12365712,0.15158366
1974,2017-07-31,2017,07,31,0.13063443,0.05439241,17.238095238095237,0.29895183,0.32533914,0.23999518,0.17208005,0.121127866
1975,2017-08-01,2017,08,01,0.11252086,0.025656331,9.238095238095237,0.016474206,0.06013479,0.097578384,0.039862506,0.10851201
1976,2017-08-02,2017,08,02,0.16346963,0.04883039,28.69047619047619,0.08043842,0.0915434,0.14128329,0.059520323,0.15630838
1977,2017-08-03,2017,08,03,0.09826817,0.043752845,62.80952380952381,0.44914162,0.2863416,0.3292413,0.13943885,0.087423675
1978,2017-08-04,2017,08,04,0.10617496,0.031239951,7.357142857142857,0.31573373,0.18729511,0.26976267,0.09863215,0.09487247
1979,2017-08-05,2017,08,05,0.05102209,0.017834932,10.619047619047619,0.44128665,0.31047896,0.3106038,0.14878455,0.04482626
1980,2017-08-06,2017,08,06,0.04368772,0.03290557,1.0476190476190477,1.1531706,0.66874003,0.6243776,0.2941938,0.03477463
1981,2017-08-07,2017,08,07,0.1802259,0.07200435,9.619047619047619,0.3886548,0.41508415,0.2782558,0.20121416,0.16785322
1982,2017-08-08,2017,08,08,0.087293535,0.019306371,45.38095238095238,0.8712991,0.244511,0.54168034,0.10853337,0.065040775
1983,2017-08-09,2017,08,09,0.09722092,0.013408813,16.761904761904763,1.1757331,0.3306515,0.65616316,0.14077108,0.06558727
1984,2017-08-10,2017,08,10,0.11190025,0.018628519,1.6428571428571428,1.0858485,0.22074409,0.6286196,0.092505716,0.07765311
1985,2017-08-11,2017,08,11,,,0.0,,,,,
1986,2017-08-12,2017,08,12,,,0.0,,,,,
1987,2017-08-13,2017,08,13,,,0.0,,,,,
1988,2017-08-14,2017,08,14,0.08235534,0.017741088,3.761904761904762,0.80622274,0.34103894,0.5094197,0.15195657,0.06359466
1989,2017-08-15,2017,08,15,0.10695827,0.010212949,10.214285714285714,0.81826556,0.2207904,0.50401765,0.09822066,0.08215777
1990,2017-08-16,2017,08,16,0.09455307,0.013244318,24.047619047619047,0.68767387,0.21886562,0.44253954,0.10361164,0.07628393
1991,2017-08-17,2017,08,17,0.06833167,0.014709042,25.88095238095238,0.6962884,0.35345164,0.4487496,0.1639049,0.054111708
1992,2017-08-18,2017,08,18,0.12916628,0.020587813,0.7619047619047619,0.81906986,0.14925794,0.5169302,0.060576152,0.10099331
1993,2017-08-19,2017,08,19,0.11643655,0.017558558,3.3333333333333335,0.8473619,0.20021619,0.5294794,0.08522224,0.0897592
1994,2017-08-20,2017,08,20,0.08338781,0.016166,6.357142857142857,1.4286649,0.19976285,0.75295585,0.07760384,0.053699505
1995,2017-08-21,2017,08,21,0.16057074,0.024272313,12.642857142857142,1.0487577,0.21492568,0.6092683,0.09214318,0.11393811
1996,2017-08-22,2017,08,22,0.15022397,0.04165152,78.4047619047619,1.17933,0.22560959,0.66654277,0.09621974,0.09492148
1997,2017-08-23,2017,08,23,0.18414208,0.03640403,12.785714285714286,1.1199162,0.33096236,0.6380199,0.1344685,0.12953345
1998,2017-08-24,2017,08,24,0.2101516,0.024908667,1.9761904761904763,1.4457833,0.14222021,0.76744777,0.05889766,0.12522843
1999,2017-08-25,2017,08,25,0.17543381,0.036986973,0.11904761904761904,0.6207446,0.07263308,0.43775758,0.033952657,0.1393121
2000,2017-08-26,2017,08,26,0.09521801,0.00947264,0.9285714285714286,0.06896605,0.090289034,0.1403906,0.052020326,0.090421095
2001,2017-08-27,2017,08,27,,,0.0,,,,,
2002,2017-08-28,2017,08,28,,,0.0,,,,,
2003,2017-08-29,2017,08,29,0.054954745,0.011870459,1.4047619047619047,1.1734536,0.20013398,0.658208,0.0795963,0.038475607
2004,2017-08-30,2017,08,30,0.22047132,0.022854805,2.238095238095238,0.33147633,0.19388741,0.27353323,0.11604819,0.1923625
2005,2017-08-31,2017,08,31,0.19297756,0.027670411,111.78571428571429,0.4337314,0.2109242,0.33125454,0.11373524,0.16254069
2006,2017-09-01,2017,09,01,0.23365103,0.011652102,0.4523809523809524,0.7892987,0.094008535,0.5086105,0.045493055,0.16942297
2007,2017-09-02,2017,09,02,0.14236332,0.019523505,26.452380952380953,1.3151673,0.12039392,0.71560735,0.04558799,0.09292959
2008,2017-09-03,2017,09,03,0.16730478,0.031722873,17.166666666666668,0.49156076,0.17374271,0.3632377,0.08680314,0.14162694
2009,2017-09-04,2017,09,04,0.25612482,0.029143617,27.761904761904763,0.9155237,0.14853792,0.56435275,0.068040386,0.18392059
2010,2017-09-05,2017,09,05,0.22156018,0.04004696,148.42857142857142,1.3794278,0.19093333,0.7498244,0.07373195,0.13524406
2011,2017-09-06,2017,09,06,0.16403626,0.02458189,103.11904761904762,1.4362394,0.20277396,0.7637826,0.08115704,0.10067484
2012,2017-09-07,2017,09,07,0.13849695,0.016774323,46.45238095238095,1.1431875,0.20409437,0.64751947,0.0845504,0.096190035
2013,2017-09-08,2017,09,08,0.14886937,0.028194118,5.333333333333333,0.9030188,0.28322214,0.55104226,0.11533084,0.11059828
2014,2017-09-09,2017,09,09,0.12508498,0.03135935,58.095238095238095,0.84013945,0.27534968,0.51859254,0.117407344,0.09758602
2015,2017-09-10,2017,09,10,0.09384749,0.017156402,94.0,1.1247523,0.29414862,0.63831645,0.12009677,0.065251395
2016,2017-09-11,2017,09,11,0.08081242,0.0129231,169.21428571428572,1.1168952,0.26001388,0.6384609,0.109347634,0.05621007
2017,2017-09-12,2017,09,12,0.07499455,0.013135438,123.21428571428571,1.0814928,0.25844914,0.6168027,0.10990622,0.0534546
2018,2017-09-13,2017,09,13,0.05527297,0.015943808,28.30952380952381,1.3072892,0.23633978,0.70620555,0.09509522,0.03662336
2019,2017-09-14,2017,09,14,0.15092115,0.018703073,32.11904761904762,0.7284856,0.15092479,0.47755364,0.066643514,0.11932182
2020,2017-09-15,2017,09,15,0.11714064,0.021383606,24.357142857142858,0.46709302,0.17055865,0.3361826,0.08207398,0.099663
2021,2017-09-16,2017,09,16,0.06316502,0.0155589385,59.785714285714285,1.0583702,0.34897462,0.60980517,0.14451028,0.04605871
2022,2017-09-17,2017,09,17,0.10345906,0.017794812,78.28571428571429,0.74773437,0.23324469,0.47506648,0.10854352,0.079262644
2023,2017-09-18,2017,09,18,0.1346162,0.019130073,5.142857142857143,0.6928508,0.20088124,0.44625866,0.09742833,0.10889551
2024,2017-09-19,2017,09,19,0.06889789,0.032956544,5.595238095238095,1.1754333,0.3098153,0.6524923,0.13010299,0.050599106
2025,2017-09-20,2017,09,20,0.1346403,0.014799817,14.976190476190476,0.40376896,0.12688749,0.32550287,0.06494822,0.115300655
2026,2017-09-21,2017,09,21,0.07897273,0.016992249,60.42857142857143,0.689508,0.2409456,0.451231,0.1106812,0.06362981
2027,2017-09-22,2017,09,22,0.089050345,0.01172871,103.52380952380952,0.28879595,0.111617744,0.26456973,0.061323542,0.07814761
2028,2017-09-23,2017,09,23,0.09612767,0.01249037,74.61904761904762,0.25742632,0.0991226,0.24564038,0.05359383,0.0856973
2029,2017-09-24,2017,09,24,0.054313708,0.010163728,14.238095238095237,0.842134,0.24370816,0.5089117,0.1072096,0.044101696
2030,2017-09-25,2017,09,25,0.14868589,0.017363166,34.5,0.23395689,0.0821508,0.2299671,0.04464469,0.1367602
2031,2017-09-26,2017,09,26,0.14625081,0.017570231,11.428571428571429,0.26769304,0.09539838,0.25279626,0.05267039,0.13144588
2032,2017-09-27,2017,09,27,0.10258014,0.01014122,26.785714285714285,0.8542581,0.15578143,0.5291101,0.0697496,0.077741936
2033,2017-09-28,2017,09,28,0.101797834,0.01039529,42.57142857142857,0.81296414,0.13709433,0.51293474,0.063597225,0.07675016
2034,2017-09-29,2017,09,29,,,0.0,,,,,
2035,2017-09-30,2017,09,30,0.12302774,0.011870332,1.4047619047619047,0.29828292,0.061319005,0.27331385,0.033916462,0.10836688
2036,2017-10-01,2017,10,01,0.13322614,0.015456623,113.14285714285714,0.023668291,0.01887605,0.1140287,0.012840652,0.12861823
2037,2017-10-02,2017,10,02,0.14131962,0.012460817,2.142857142857143,0.06552556,0.04441975,0.1370959,0.024247063,0.13427214
2038,2017-10-03,2017,10,03,0.17204514,0.011913713,8.547619047619047,0.25056735,0.08810373,0.24483737,0.04883994,0.15352815
2039,2017-10-04,2017,10,04,0.12065767,0.01018918,30.571428571428573,0.11205705,0.05943513,0.16395913,0.033771362,0.11265735
2040,2017-10-05,2017,10,05,0.12750141,0.011442315,38.23809523809524,0.08756549,0.022314562,0.15035045,0.0127353575,0.120377116
2041,2017-10-06,2017,10,06,0.073726624,0.013251579,219.97619047619048,0.20075317,0.09587564,0.21622944,0.052887477,0.067674726
2042,2017-10-07,2017,10,07,0.084611356,0.014422303,353.95238095238096,0.21698761,0.10496384,0.22316994,0.05763772,0.07754418
2043,2017-10-08,2017,10,08,0.15761039,0.01467039,0.09523809523809523,0.1997006,0.12172971,0.200868,0.061148643,0.14064886
2044,2017-10-09,2017,10,09,,,0.0,,,,,
2045,2017-10-10,2017,10,10,,,0.0,,,,,
2046,2017-10-11,2017,10,11,,,0.0,,,,,
2047,2017-10-12,2017,10,12,0.22462957,0.037878983,47.476190476190474,0.4131547,0.13343737,0.31998986,0.06539845,0.18335097
2048,2017-10-13,2017,10,13,0.19068487,0.015862184,18.69047619047619,0.3555116,0.07678036,0.30102146,0.039849587,0.16395403
2049,2017-10-14,2017,10,14,0.16939415,0.023445629,22.571428571428573,0.21036287,0.09106827,0.21426766,0.050726283,0.15029041
2050,2017-10-15,2017,10,15,0.17821576,0.018501932,57.714285714285715,0.5250523,0.10941011,0.38027963,0.053863913,0.14926839
2051,2017-10-16,2017,10,16,0.14343692,0.031774208,15.80952380952381,0.9320241,0.2713636,0.5632338,0.11402178,0.10662063
2052,2017-10-17,2017,10,17,0.13805537,0.036362715,24.30952380952381,0.71414375,0.30928943,0.4663276,0.14271446,0.10961027
2053,2017-10-18,2017,10,18,0.091272585,0.02851888,221.61904761904762,0.9088041,0.312682,0.5445117,0.13596597,0.07141439
2054,2017-10-19,2017,10,19,0.13104653,0.03381286,68.61904761904762,0.3266952,0.23017791,0.26112604,0.120497525,0.117030054
2055,2017-10-20,2017,10,20,0.19799499,0.0341358,11.476190476190476,0.25517234,0.12013345,0.2305342,0.068715446,0.17741385
2056,2017-10-21,2017,10,21,0.14653894,0.01910138,19.785714285714285,0.010932826,0.0051164,0.10676826,0.0030846163,0.14191714
2057,2017-10-22,2017,10,22,0.14335941,0.018475775,72.97619047619048,0.0020255367,0.005433126,0.10123401,0.0031305342,0.1393493
2058,2017-10-23,2017,10,23,0.1139271,0.02711989,113.71428571428571,0.03449825,0.054819345,0.11960125,0.035626728,0.10990892
2059,2017-10-24,2017,10,24,0.073794864,0.018125536,124.88095238095238,0.46221745,0.27137753,0.34198287,0.13782868,0.06470941
2060,2017-10-25,2017,10,25,0.078801505,0.021021705,107.16666666666667,0.46292046,0.23385853,0.34454963,0.11948825,0.06859712
2061,2017-10-26,2017,10,26,0.10623232,0.022666736,37.904761904761905,0.3661285,0.1802171,0.30413935,0.097237915,0.09334863
2062,2017-10-27,2017,10,27,0.08482894,0.007786996,10.5,0.44542855,0.09397627,0.34912017,0.04833831,0.07093151
2063,2017-10-28,2017,10,28,,,0.023809523809523808,,,,,
2064,2017-10-29,2017,10,29,0.060075697,0.008086908,0.07142857142857142,1.5564374,0.0,0.7999,0.0,0.036288973
2065,2017-10-30,2017,10,30,,,0.30952380952380953,,,,,
2066,2017-10-31,2017,10,31,0.08784662,0.026912373,4.523809523809524,1.1087672,0.28215277,0.6274498,0.1180974,0.06492956
2067,2017-11-01,2017,11,01,0.07626829,0.017519025,21.452380952380953,1.0453912,0.24980533,0.6066898,0.10379148,0.056219228
2068,2017-11-02,2017,11,02,0.062448792,0.01392987,46.142857142857146,1.0150298,0.28522342,0.59490883,0.122023396,0.0459036
2069,2017-11-03,2017,11,03,0.061558407,0.015355787,36.80952380952381,0.9604577,0.34280357,0.5622684,0.14873181,0.046870485
2070,2017-11-04,2017,11,04,0.032475684,0.011035104,42.166666666666664,1.2390856,0.32123336,0.6796691,0.1326831,0.022401026
2071,2017-11-05,2017,11,05,0.106669195,0.029666454,11.523809523809524,0.70887965,0.27773166,0.45427588,0.13172638,0.086684264
2072,2017-11-06,2017,11,06,0.08816984,0.030667461,33.30952380952381,0.45624584,0.229402,0.34264895,0.11331737,0.076849915
2073,2017-11-07,2017,11,07,0.09136405,0.021826528,12.119047619047619,0.78761876,0.21730404,0.49140638,0.096213035,0.07623199
2074,2017-11-08,2017,11,08,0.049658313,0.014343529,86.71428571428571,0.8025207,0.30816105,0.4916454,0.13345653,0.041476056
2075,2017-11-09,2017,11,09,0.048272286,0.017100425,77.69047619047619,0.6255804,0.3660655,0.41299567,0.16937122,0.04096647
2076,2017-11-10,2017,11,10,0.1129809,0.032536622,28.023809523809526,0.8056902,0.26418567,0.5013045,0.11911024,0.08831417
2077,2017-11-11,2017,11,11,0.1906583,0.043937504,6.738095238095238,0.35686007,0.14327416,0.28715965,0.07929672,0.16508956
2078,2017-11-12,2017,11,12,0.12083348,0.026377086,11.80952380952381,0.78188676,0.26509565,0.49435356,0.11815095,0.095276445
2079,2017-11-13,2017,11,13,0.11106965,0.016401432,52.142857142857146,0.6378521,0.24819241,0.41660678,0.11520838,0.09231074
2080,2017-11-14,2017,11,14,0.1097869,0.023678394,104.26190476190476,0.35439724,0.13800707,0.29575476,0.07275541,0.09430627
2081,2017-11-15,2017,11,15,0.077542014,0.023368202,73.80952380952381,0.64193344,0.33761245,0.42334235,0.16250436,0.06399946
2082,2017-11-16,2017,11,16,0.08588488,0.031606067,83.16666666666667,0.79142654,0.34836227,0.49002305,0.15685926,0.07092779
2083,2017-11-17,2017,11,17,0.09298432,0.030721745,43.095238095238095,0.7121484,0.30158806,0.46136588,0.13233572,0.077061415
2084,2017-11-18,2017,11,18,0.060481507,0.01736141,73.5,0.45001727,0.21279283,0.33749986,0.10601733,0.05216982
2085,2017-11-19,2017,11,19,0.046001755,0.013113003,70.0952380952381,0.0909727,0.08557227,0.1511917,0.048535373,0.043457896
2086,2017-11-20,2017,11,20,0.04306555,0.009595176,28.571428571428573,0.22891836,0.20173152,0.22388308,0.10428927,0.038319793
2087,2017-11-21,2017,11,21,0.05307941,0.017795246,156.9047619047619,0.48206213,0.24071084,0.35267937,0.11678957,0.046367392
2088,2017-11-22,2017,11,22,0.07751365,0.025967585,117.35714285714286,0.32916236,0.19788614,0.27266383,0.09928625,0.07118573
2089,2017-11-23,2017,11,23,0.071828276,0.02241797,106.85714285714286,0.12120808,0.099742286,0.17050827,0.057034977,0.06778518
2090,2017-11-24,2017,11,24,0.06298347,0.012448109,85.30952380952381,0.12022911,0.08158322,0.1695326,0.046306968,0.058867004
2091,2017-11-25,2017,11,25,0.080085784,0.016700558,74.95238095238095,0.7669269,0.21809417,0.48924196,0.10277805,0.061451755
2092,2017-11-26,2017,11,26,0.12040053,0.03318699,91.80952380952381,0.5311487,0.24115896,0.37681693,0.118166596,0.10292754
2093,2017-11-27,2017,11,27,0.1828054,0.022281913,12.0,0.2039412,0.06923852,0.2173356,0.038937274,0.16641685
2094,2017-11-28,2017,11,28,0.10869515,0.027364563,0.8333333333333334,0.31134963,0.10375198,0.28000832,0.05658386,0.09581744
2095,2017-11-29,2017,11,29,0.098561056,0.01438975,3.0714285714285716,0.44027087,0.16319014,0.34092396,0.083403185,0.08364627
2096,2017-11-30,2017,11,30,0.11480781,0.013967664,10.261904761904763,0.22390018,0.0910394,0.22677147,0.048837166,0.10433089
2097,2017-12-01,2017,12,01,0.1196893,0.009160157,11.857142857142858,0.30465052,0.06584794,0.27366558,0.035478305,0.105354905
2098,2017-12-02,2017,12,02,0.14438346,0.018750211,2.642857142857143,0.48213434,0.11440318,0.36451563,0.061545823,0.12121409
2099,2017-12-03,2017,12,03,0.15859495,0.024897533,4.666666666666667,0.26607513,0.083734825,0.252186,0.047626346,0.14197369
2100,2017-12-04,2017,12,04,,,0.0,,,,,
2101,2017-12-05,2017,12,05,0.113374576,0.019854171,24.595238095238095,0.072952956,0.04553489,0.1405491,0.024737917,0.10578857
2102,2017-12-06,2017,12,06,0.10116304,0.03087297,169.6904761904762,0.5705549,0.26720497,0.38731322,0.12880667,0.07745405
2103,2017-12-07,2017,12,07,0.14648816,0.04611536,60.404761904761905,0.36510435,0.2087003,0.29597276,0.11036211,0.12648733
2104,2017-12-08,2017,12,08,0.18290904,0.026645284,1.5,0.19309749,0.1081962,0.20771725,0.06096656,0.16666879
2105,2017-12-09,2017,12,09,0.080129236,0.02341169,126.88095238095238,0.19847277,0.10521466,0.21012332,0.057151977,0.072930686
2106,2017-12-10,2017,12,10,0.044897955,0.012373857,353.64285714285717,0.8489953,0.2292764,0.5182852,0.10107809,0.03406844
2107,2017-12-11,2017,12,11,0.042478736,0.014741023,243.23809523809524,1.0667635,0.31585124,0.61334836,0.13192396,0.030373592
2108,2017-12-12,2017,12,12,0.06313376,0.018550554,266.5238095238095,1.0654147,0.17835891,0.6148797,0.071187615,0.042665817
2109,2017-12-13,2017,12,13,0.3318685,0.10618621,251.92857142857142,1.3163009,0.22530416,0.731477,0.094031535,0.20181748
2110,2017-12-14,2017,12,14,0.17945676,0.029339977,112.92857142857143,0.8660532,0.19777954,0.5426333,0.09037112,0.12992992
2111,2017-12-15,2017,12,15,0.116432585,0.016188506,115.88095238095238,0.4497642,0.14875042,0.3473638,0.075211264,0.09774932
2112,2017-12-16,2017,12,16,0.11765596,0.020389538,105.0952380952381,0.021328231,0.016186522,0.11225922,0.010751446,0.11353886
2113,2017-12-17,2017,12,17,0.19677271,0.015217336,10.5,0.31126145,0.093852624,0.26587743,0.04708724,0.1698838
2114,2017-12-18,2017,12,18,0.16275741,0.01867362,79.35714285714286,0.64182913,0.11945891,0.44160777,0.055740885,0.12927172
2115,2017-12-19,2017,12,19,0.10691816,0.018176822,114.83333333333333,0.51275784,0.10356453,0.3810737,0.051316377,0.088981405
2116,2017-12-20,2017,12,20,0.07397723,0.011106891,66.16666666666667,0.50281435,0.11470114,0.37823185,0.058501713,0.06107664
2117,2017-12-21,2017,12,21,0.08179649,0.010276046,1.8095238095238095,0.49670392,0.1075584,0.34339455,0.043725792,0.06935839
2118,2017-12-22,2017,12,22,0.05408162,0.00782313,60.404761904761905,0.021913478,0.038487434,0.11326476,0.02286,0.051910397
2119,2017-12-23,2017,12,23,0.101918705,0.03597245,13.880952380952381,0.1718961,0.15394673,0.19842784,0.087930255,0.09471193
2120,2017-12-24,2017,12,24,0.09414331,0.021705143,11.333333333333334,0.11289161,0.06901575,0.16683967,0.04186294,0.08852963
2121,2017-12-25,2017,12,25,0.059629634,0.008800428,13.523809523809524,0.36307836,0.11923933,0.30336025,0.06291841,0.052399717
2122,2017-12-26,2017,12,26,0.060982704,0.015345938,20.571428571428573,0.6125444,0.2426463,0.41631368,0.1145228,0.04988206
2123,2017-12-27,2017,12,27,0.06349598,0.01521411,82.0952380952381,0.23382019,0.16553856,0.22828867,0.08871575,0.05698937
2124,2017-12-28,2017,12,28,0.10933131,0.014971459,6.619047619047619,0.16474384,0.12596281,0.193683,0.06810037,0.10086721
2125,2017-12-29,2017,12,29,0.07978666,0.021573145,27.714285714285715,0.48179045,0.23171325,0.35913506,0.11733312,0.068483636
2126,2017-12-30,2017,12,30,0.11871946,0.02701922,6.190476190476191,0.20878975,0.109349884,0.22206032,0.061004873,0.10847863
2127,2017-12-31,2017,12,31,0.15441631,0.04019822,0.7380952380952381,0.33300632,0.12250495,0.29067636,0.06525367,0.13503356
2128,2018-01-01,2018,01,01,,,0.047619047619047616,,,,,
2129,2018-01-02,2018,01,02,0.17365685,0.035559706,0.8095238095238095,0.47714087,0.2819764,0.344188,0.13349171,0.14705382
2130,2018-01-03,2018,01,03,0.066424824,0.022539452,130.42857142857142,0.6225991,0.24146621,0.4146257,0.11109823,0.05579043
2131,2018-01-04,2018,01,04,0.07765071,0.034850746,73.5952380952381,0.59601,0.27273005,0.40134305,0.12875547,0.0673134
2132,2018-01-05,2018,01,05,0.16559322,0.03027822,0.2857142857142857,0.013121568,0.022698794,0.1047717,0.023405029,0.16033812
2133,2018-01-06,2018,01,06,,,0.0,,,,,
2134,2018-01-07,2018,01,07,0.36730957,0.120182924,0.14285714285714285,0.2541881,0.037625782,0.2270269,0.02294608,0.32469344
2135,2018-01-08,2018,01,08,0.07574933,0.018558852,82.11904761904762,0.56313854,0.23697698,0.39339188,0.112228684,0.06381231
2136,2018-01-09,2018,01,09,0.17621456,0.020288385,72.14285714285714,0.026567124,0.02870215,0.11458833,0.019302437,0.16989806
2137,2018-01-10,2018,01,10,0.12630028,0.013138054,6.119047619047619,0.16657016,0.062155295,0.1980127,0.035284154,0.116918564
2138,2018-01-11,2018,01,11,0.07703295,0.015976435,9.071428571428571,0.4605351,0.17321907,0.354504,0.08687076,0.065129735
2139,2018-01-12,2018,01,12,0.13869496,0.02055588,2.380952380952381,0.1593212,0.08152994,0.18623723,0.049283326,0.12816653
2140,2018-01-13,2018,01,13,0.26038513,0.078173846,0.4523809523809524,0.27387524,0.10573477,0.23769198,0.06573465,0.22904956
2141,2018-01-14,2018,01,14,0.08968877,0.029994223,83.95238095238095,0.37325507,0.20658576,0.3012409,0.106863506,0.08062952
2142,2018-01-15,2018,01,15,0.15090814,0.029961834,10.904761904761905,0.22216897,0.11828509,0.22638632,0.0671255,0.13751788
2143,2018-01-16,2018,01,16,0.087890685,0.0185598,35.23809523809524,0.24696784,0.11520639,0.24217567,0.064104274,0.07911433
2144,2018-01-17,2018,01,17,0.09439903,0.023517314,12.214285714285714,0.14032194,0.13524847,0.17984816,0.07569243,0.088461585
2145,2018-01-18,2018,01,18,0.095019326,0.021575153,34.07142857142857,0.3138209,0.15049872,0.2693643,0.07997195,0.0844897
2146,2018-01-19,2018,01,19,0.14690551,0.022322116,17.238095238095237,0.414901,0.13632663,0.3191711,0.065332696,0.12969917
2147,2018-01-20,2018,01,20,0.13432942,0.015106234,28.666666666666668,0.20072871,0.05975655,0.21730077,0.033510204,0.123475134
2148,2018-01-21,2018,01,21,0.13085929,0.027384734,13.214285714285714,0.23277226,0.10679753,0.23362285,0.058092773,0.11919713
2149,2018-01-22,2018,01,22,0.0843686,0.014768455,138.28571428571428,0.08085761,0.04951586,0.14746061,0.029213391,0.07954369
2150,2018-01-23,2018,01,23,0.12448625,0.010356354,3.2142857142857144,0.15691535,0.057889838,0.19082348,0.034795143,0.114620045
2151,2018-01-24,2018,01,24,0.09779517,0.010332561,56.04761904761905,0.35780534,0.10832052,0.297904,0.055554695,0.08551751
2152,2018-01-25,2018,01,25,0.12931213,0.016392384,29.30952380952381,0.18258089,0.063727066,0.20072801,0.037009668,0.11965564
2153,2018-01-26,2018,01,26,0.1167137,0.0146519365,14.857142857142858,0.19370143,0.063258,0.21402928,0.035740536,0.10681923
2154,2018-01-27,2018,01,27,0.09115466,0.012008485,126.26190476190476,0.0031715347,0.003195537,0.10208486,0.0019205471,0.08857057
2155,2018-01-28,2018,01,28,0.09118772,0.022703718,126.4047619047619,0.033538472,0.045098823,0.119483225,0.027848635,0.08786367
2156,2018-01-29,2018,01,29,0.10740689,0.03292595,173.47619047619048,0.13159844,0.11414806,0.16921793,0.06663839,0.100367524
2157,2018-01-30,2018,01,30,0.10290124,0.030151019,178.54761904761904,0.11477778,0.10093242,0.16162317,0.060460012,0.09796186
2158,2018-01-31,2018,01,31,0.06170667,0.017973049,211.3095238095238,0.1633078,0.08189349,0.1944404,0.04596131,0.05800939
2159,2018-02-01,2018,02,01,0.06519976,0.019062929,380.9047619047619,0.18497182,0.13493788,0.20271866,0.07519564,0.06070956
2160,2018-02-02,2018,02,02,0.08064602,0.02102976,175.33333333333334,0.21712646,0.16677603,0.22322145,0.09304267,0.073855765
2161,2018-02-03,2018,02,03,0.088225365,0.016916785,16.571428571428573,0.65990907,0.22947179,0.43401638,0.1104852,0.07199495
2162,2018-02-04,2018,02,04,0.09249844,0.027347937,86.33333333333333,0.7532586,0.31763738,0.4814885,0.14828311,0.07395156
2163,2018-02-05,2018,02,05,0.15577294,0.031913683,25.404761904761905,0.3575033,0.14120124,0.2926668,0.07571918,0.13727729
2164,2018-02-06,2018,02,06,0.107200354,0.020308444,79.92857142857143,0.07551551,0.052437786,0.14361082,0.03066529,0.101559564
2165,2018-02-07,2018,02,07,0.10670821,0.02039855,11.357142857142858,0.63980603,0.19984388,0.4328703,0.09565122,0.08649748
2166,2018-02-08,2018,02,08,0.08150162,0.011730028,8.523809523809524,0.561014,0.18542074,0.3973985,0.09157135,0.06708818
2167,2018-02-09,2018,02,09,0.0793518,0.012797913,82.14285714285714,0.4022783,0.14212893,0.32400286,0.07508537,0.0682766
2168,2018-02-10,2018,02,10,0.086625986,0.017610943,159.9047619047619,0.17657728,0.087562,0.1976774,0.0461361,0.08102422
2169,2018-02-11,2018,02,11,0.08343644,0.015950512,176.6904761904762,0.016342077,0.028694855,0.10996967,0.017243965,0.080763765
2170,2018-02-12,2018,02,12,0.12819602,0.01603026,5.285714285714286,0.38165444,0.14764406,0.3092383,0.075400226,0.11171352
2171,2018-02-13,2018,02,13,0.06172255,0.012115206,36.404761904761905,0.79075885,0.25583643,0.50049645,0.114661925,0.04737764
2172,2018-02-14,2018,02,14,0.110345185,0.0143826,57.04761904761905,0.13082679,0.08002912,0.16854699,0.04379878,0.10476122
2173,2018-02-15,2018,02,15,0.15103027,0.016920771,15.452380952380953,0.55594146,0.11045952,0.38695747,0.05024921,0.12895115
2174,2018-02-16,2018,02,16,0.13677092,0.017398229,44.976190476190474,0.15863188,0.055662237,0.19190496,0.031341057,0.12721986
2175,2018-02-17,2018,02,17,0.09237983,0.015700178,137.42857142857142,0.28061324,0.1117994,0.25995493,0.060657453,0.08276553
2176,2018-02-18,2018,02,18,0.08827368,0.011779226,14.095238095238095,0.734182,0.19372126,0.46968687,0.08553511,0.06985649
2177,2018-02-19,2018,02,19,0.14912383,0.013922165,7.571428571428571,0.27487484,0.08173944,0.25657597,0.0437047,0.13293236
2178,2018-02-20,2018,02,20,0.15278237,0.020155776,19.571428571428573,0.4569613,0.14185092,0.34292623,0.068349116,0.1303051
2179,2018-02-21,2018,02,21,0.121269815,0.026373986,42.92857142857143,0.5834408,0.21586467,0.40843025,0.099807955,0.10061475
2180,2018-02-22,2018,02,22,0.112091914,0.02255018,55.333333333333336,0.65900445,0.20108572,0.45024788,0.09368866,0.08913308
2181,2018-02-23,2018,02,23,0.1283324,0.015984947,13.904761904761905,0.63990736,0.17483498,0.4412045,0.082641944,0.10207926
2182,2018-02-24,2018,02,24,0.12881379,0.008019757,0.5952380952380952,0.14807503,0.063142106,0.18664432,0.03656376,0.12141132
2183,2018-02-25,2018,02,25,0.17585549,0.018942514,3.642857142857143,0.34176013,0.117294624,0.28080994,0.056007653,0.1542478
2184,2018-02-26,2018,02,26,0.21082518,0.015853357,7.642857142857143,0.40768674,0.07054951,0.32909673,0.036381226,0.1801717
2185,2018-02-27,2018,02,27,0.19015472,0.022585627,42.23809523809524,0.30101675,0.1087754,0.2710125,0.057497997,0.16797352
2186,2018-02-28,2018,02,28,0.14709342,0.017836444,10.928571428571429,0.6246024,0.19559172,0.42733994,0.093856715,0.11964687
2187,2018-03-01,2018,03,01,0.068039596,0.008906156,64.76190476190476,0.9618643,0.22291023,0.57516706,0.094080664,0.048958804
2188,2018-03-02,2018,03,02,0.05669953,0.01373845,91.83333333333333,0.78930944,0.29024422,0.4884403,0.13051912,0.044794362
2189,2018-03-03,2018,03,03,0.10557974,0.04295363,64.78571428571429,0.63970125,0.33441553,0.41507155,0.1518447,0.09195178
2190,2018-03-04,2018,03,04,0.15272872,0.030567104,30.904761904761905,0.37469432,0.14594273,0.30503273,0.07494837,0.13411364
2191,2018-03-05,2018,03,05,0.17127365,0.026438558,9.333333333333334,0.2398646,0.0986821,0.22415161,0.053358603,0.15441644
2192,2018-03-06,2018,03,06,0.10706729,0.031409744,20.071428571428573,0.17916104,0.15203999,0.19940396,0.08471077,0.09987243
2193,2018-03-07,2018,03,07,,,0.023809523809523808,,,,,
2194,2018-03-08,2018,03,08,,,0.09523809523809523,,,,,
2195,2018-03-09,2018,03,09,0.1865596,0.038368817,20.61904761904762,0.19648197,0.13080464,0.20314407,0.08007164,0.17049263
2196,2018-03-10,2018,03,10,0.06779201,0.026532058,0.7142857142857143,0.72149783,0.37996322,0.46995166,0.18062252,0.05474851
2197,2018-03-11,2018,03,11,,,0.047619047619047616,,,,,
2198,2018-03-12,2018,03,12,0.139296,0.04472059,1.5952380952380953,0.216675,0.19659948,0.206425,0.11265701,0.12658493
2199,2018-03-13,2018,03,13,0.08081592,0.024869496,4.619047619047619,0.93835753,0.28899097,0.55178696,0.121847786,0.06271508
2200,2018-03-14,2018,03,14,0.123984285,0.03041315,40.88095238095238,0.3441276,0.17228156,0.2762191,0.08257589,0.1127548
2201,2018-03-15,2018,03,15,0.2050989,0.029999541,4.5476190476190474,0.32618484,0.104466364,0.27259663,0.05353709,0.17737862
2202,2018-03-16,2018,03,16,0.081783295,0.023921838,88.78571428571429,0.8646847,0.31664392,0.52788955,0.14032581,0.06366142
2203,2018-03-17,2018,03,17,0.084648326,0.024831664,51.11904761904762,0.9150498,0.30731034,0.54175436,0.13640438,0.06666882
2204,2018-03-18,2018,03,18,0.11763766,0.032874506,20.88095238095238,0.48111457,0.2686534,0.34885162,0.13447191,0.10024559
2205,2018-03-19,2018,03,19,0.070223555,0.040541828,45.88095238095238,0.6081639,0.42388174,0.38314947,0.19172147,0.0650507
2206,2018-03-20,2018,03,20,0.16959012,0.031757195,104.95238095238095,0.16420756,0.10403307,0.19086947,0.057729438,0.15749481
2207,2018-03-21,2018,03,21,0.15881254,0.036831036,25.19047619047619,0.38407147,0.14566155,0.30920577,0.08042526,0.13674633
2208,2018-03-22,2018,03,22,0.09309464,0.013723383,52.80952380952381,0.44472748,0.218564,0.33961633,0.11222259,0.078176804
2209,2018-03-23,2018,03,23,0.17380321,0.029972864,12.071428571428571,0.12624316,0.09358953,0.15535331,0.06007667,0.16306004
2210,2018-03-24,2018,03,24,0.101977095,0.01840086,23.285714285714285,0.64225405,0.2198392,0.4327572,0.09962825,0.08377372
2211,2018-03-25,2018,03,25,0.15376943,0.024444818,11.523809523809524,0.3736801,0.10313502,0.3116377,0.05424641,0.13282116
2212,2018-03-26,2018,03,26,0.17263475,0.027296964,32.523809523809526,0.40248576,0.13620119,0.32421234,0.0719565,0.14740174
2213,2018-03-27,2018,03,27,0.14361224,0.017796088,25.0,0.11853384,0.07414231,0.16720459,0.042823978,0.13347362
2214,2018-03-28,2018,03,28,0.11854356,0.012622194,29.642857142857142,0.2840794,0.12750421,0.26113403,0.07387746,0.1048103
2215,2018-03-29,2018,03,29,0.097797334,0.013808812,23.857142857142858,0.28482178,0.102914274,0.25253642,0.05992564,0.08793208
2216,2018-03-30,2018,03,30,,,0.0,,,,,
2217,2018-03-31,2018,03,31,0.16368417,0.019003842,1.9761904761904763,0.59529597,0.19125529,0.41315612,0.09256389,0.12961347
2218,2018-04-01,2018,04,01,0.15312657,0.024021976,51.07142857142857,0.5873381,0.18223338,0.40564254,0.091231145,0.123924546
2219,2018-04-02,2018,04,02,0.08381604,0.01352953,171.88095238095238,0.45756596,0.18569252,0.3488897,0.09878003,0.070891455
2220,2018-04-03,2018,04,03,0.09038281,0.012339265,68.07142857142857,0.19383049,0.1475044,0.20375587,0.0812585,0.08376408
2221,2018-04-04,2018,04,04,0.19194825,0.032906305,33.61904761904762,0.08017958,0.08572589,0.1257181,0.04798732,0.18527879
2222,2018-04-05,2018,04,05,0.14228031,0.0359848,82.16666666666667,0.27752113,0.16439891,0.25261277,0.08636707,0.1292262
2223,2018-04-06,2018,04,06,0.066641174,0.020380696,289.0,0.61454785,0.3066332,0.4134484,0.14695129,0.056317
2224,2018-04-07,2018,04,07,0.08362492,0.021360235,41.73809523809524,0.5790951,0.30874884,0.3911858,0.15042788,0.07027863
2225,2018-04-08,2018,04,08,0.15072632,0.023377877,122.5952380952381,0.09891468,0.06801193,0.15214607,0.045885697,0.14110634
2226,2018-04-09,2018,04,09,0.28757954,0.034795262,122.11904761904762,-0.046098202,0.02661365,0.04642228,0.024751766,0.28364447
2227,2018-04-10,2018,04,10,0.14803192,0.032425005,51.857142857142854,0.4437271,0.18475994,0.32271034,0.09066568,0.13281302
2228,2018-04-11,2018,04,11,0.13401218,0.02589715,17.952380952380953,0.7467147,0.20350179,0.47520056,0.09051977,0.10794136
2229,2018-04-12,2018,04,12,0.18437171,0.021007359,56.30952380952381,0.26381686,0.099509306,0.24719727,0.0542079,0.16427365
2230,2018-04-13,2018,04,13,0.17618325,0.014316681,105.07142857142857,0.0083999215,0.038163666,0.08779715,0.029722707,0.17056182
2231,2018-04-14,2018,04,14,0.16558056,0.017130641,108.11904761904762,0.15024024,0.0730204,0.17925066,0.044305973,0.1534974
2232,2018-04-15,2018,04,15,0.24686486,0.01937332,1.2380952380952381,0.5304078,0.107496396,0.37137452,0.05703364,0.20150766
2233,2018-04-16,2018,04,16,0.1703895,0.028410638,56.714285714285715,0.4464505,0.12271507,0.34220263,0.060123157,0.14492668
2234,2018-04-17,2018,04,17,0.1663008,0.025972221,63.166666666666664,0.34584117,0.11861545,0.29450572,0.064814724,0.14415447
2235,2018-04-18,2018,04,18,0.11213514,0.019696947,46.904761904761905,0.5585464,0.16847001,0.3973033,0.088779174,0.09145955
2236,2018-04-19,2018,04,19,0.11959934,0.022866853,29.142857142857142,0.27953288,0.1681705,0.23806842,0.09042761,0.10861895
2237,2018-04-20,2018,04,20,,,0.0,,,,,
2238,2018-04-21,2018,04,21,0.13905726,0.021833315,8.095238095238095,0.5965896,0.17175314,0.41629767,0.07872993,0.11498618
2239,2018-04-22,2018,04,22,,,0.0,,,,,
2240,2018-04-23,2018,04,23,0.19771501,0.02606237,9.547619047619047,0.3692549,0.13207477,0.30040765,0.073515244,0.17042571
2241,2018-04-24,2018,04,24,0.13809437,0.01511606,34.57142857142857,0.89055467,0.16086909,0.546384,0.0693092,0.10291468
2242,2018-04-25,2018,04,25,0.16991873,0.0440094,12.238095238095237,1.0187908,0.21346137,0.5851057,0.0939618,0.12755552
2243,2018-04-26,2018,04,26,0.13603246,0.024743374,47.095238095238095,0.5616367,0.17331684,0.40388948,0.08100415,0.111783735
2244,2018-04-27,2018,04,27,0.109792545,0.025461037,187.21428571428572,0.7544554,0.21862602,0.48806325,0.09904476,0.086411096
2245,2018-04-28,2018,04,28,0.13561742,0.022617368,68.97619047619048,0.55735636,0.18657301,0.39336777,0.09287733,0.11209945
2246,2018-04-29,2018,04,29,0.19700293,0.03322218,0.8571428571428571,0.48382404,0.15511021,0.3525315,0.077625684,0.16828015
2247,2018-04-30,2018,04,30,0.17521642,0.018505028,0.11904761904761904,0.5772896,0.37021822,0.40562144,0.17208956,0.142984
2248,2018-05-01,2018,05,01,0.23829992,0.02226864,0.6428571428571429,0.5749909,0.12389418,0.40204814,0.054799583,0.1902788
2249,2018-05-02,2018,05,02,0.20573738,0.021509366,42.0,0.6793331,0.1421572,0.4582867,0.067093596,0.16101924
2250,2018-05-03,2018,05,03,0.12551215,0.026510756,84.57142857142857,0.7831566,0.28159484,0.500657,0.13138403,0.09617781
2251,2018-05-04,2018,05,04,0.08368957,0.01032874,89.95238095238095,0.64205444,0.15999977,0.43588126,0.07842828,0.06637055
2252,2018-05-05,2018,05,05,0.11790077,0.033659346,8.69047619047619,0.5507008,0.2222847,0.36809653,0.103271924,0.1006304
2253,2018-05-06,2018,05,06,0.20079501,0.057221234,1.5952380952380953,0.59235084,0.24711123,0.39146262,0.10846399,0.17072184
2254,2018-05-07,2018,05,07,0.14688931,0.032348122,12.785714285714286,0.302663,0.16095567,0.25973102,0.080486715,0.13167392
2255,2018-05-08,2018,05,08,0.1116546,0.031053325,28.761904761904763,0.4285054,0.28019643,0.32236776,0.13678826,0.09786929
2256,2018-05-09,2018,05,09,0.09050176,0.018864634,28.976190476190474,0.42003855,0.17659341,0.3257588,0.093995795,0.07765951
2257,2018-05-10,2018,05,10,0.14198944,0.02109966,0.40476190476190477,0.030820044,0.10114704,0.0943597,0.07175027,0.13602515
2258,2018-05-11,2018,05,11,,,0.023809523809523808,,,,,
2259,2018-05-12,2018,05,12,,,0.0,,,,,
2260,2018-05-13,2018,05,13,0.12892424,0.02026492,3.3095238095238093,0.91375524,0.2202613,0.5548161,0.0965773,0.09675132
2261,2018-05-14,2018,05,14,0.11068086,0.01602484,43.04761904761905,1.0196651,0.22697292,0.60126054,0.09804134,0.079248026
2262,2018-05-15,2018,05,15,0.07508485,0.012669573,111.73809523809524,0.98935014,0.3019763,0.5803297,0.13806458,0.053396728
2263,2018-05-16,2018,05,16,0.038251948,0.011632182,69.71428571428571,1.1260238,0.34454042,0.6235211,0.14974047,0.028201258
2264,2018-05-17,2018,05,17,0.06515702,0.04043055,7.904761904761905,0.9647576,0.4745318,0.56040287,0.20622937,0.052327104
2265,2018-05-18,2018,05,18,0.092687756,0.023715733,58.23809523809524,0.8643947,0.25260732,0.5307834,0.11321477,0.07116172
2266,2018-05-19,2018,05,19,0.19022435,0.010384792,0.23809523809523808,0.85067624,0.09756116,0.5398568,0.041192073,0.1413283
2267,2018-05-20,2018,05,20,0.099012315,0.014640163,18.761904761904763,0.6720503,0.22107017,0.4474202,0.10664107,0.07715218
2268,2018-05-21,2018,05,21,0.11425836,0.011764813,1.880952380952381,1.0094875,0.17261498,0.59672874,0.07398394,0.081472814
2269,2018-05-22,2018,05,22,0.22531839,0.020894816,0.14285714285714285,0.4785123,0.13614996,0.3667551,0.06896857,0.18790476
2270,2018-05-23,2018,05,23,0.103458814,0.037702933,43.166666666666664,0.8752883,0.34583375,0.5306838,0.1513362,0.08114889
2271,2018-05-24,2018,05,24,0.07475015,0.024391813,173.5,0.8725999,0.3401864,0.5362552,0.15189406,0.056989357
2272,2018-05-25,2018,05,25,0.070765264,0.015532294,139.83333333333334,0.80126923,0.30255014,0.5044748,0.14192681,0.054856703
2273,2018-05-26,2018,05,26,0.14039819,0.028596107,22.833333333333332,0.40495065,0.19030313,0.30663344,0.10085502,0.12276452
2274,2018-05-27,2018,05,27,0.1328888,0.009615567,0.21428571428571427,1.0302296,0.31772223,0.60702294,0.12539399,0.093883835
2275,2018-05-28,2018,05,28,,,0.0,,,,,
2276,2018-05-29,2018,05,29,0.09243578,0.019971142,5.833333333333333,1.093496,0.35402665,0.62679327,0.1435627,0.065283105
2277,2018-05-30,2018,05,30,0.22221965,0.014353651,0.07142857142857142,0.65385026,0.30325043,0.41298366,0.13684571,0.17251281
2278,2018-05-31,2018,05,31,0.16631946,0.017973829,1.0,0.4350696,0.109577656,0.34210217,0.057346083,0.13985719
2279,2018-06-01,2018,06,01,0.08147496,0.0047532483,0.14285714285714285,1.2801796,0.09626227,0.7069542,0.0341817,0.052928247
2280,2018-06-02,2018,06,02,0.120292865,0.0145888375,0.5714285714285714,0.869524,0.13545364,0.5332206,0.057571318,0.090120174
2281,2018-06-03,2018,06,03,,,0.047619047619047616,,,,,
2282,2018-06-04,2018,06,04,0.16067415,0.027903523,34.404761904761905,0.1335429,0.09921419,0.17485656,0.06270953,0.14991055
2283,2018-06-05,2018,06,05,,,0.07142857142857142,,,,,
2284,2018-06-06,2018,06,06,,,0.0,,,,,
2285,2018-06-07,2018,06,07,,,0.0,,,,,
2286,2018-06-08,2018,06,08,0.16236018,0.012365082,3.7857142857142856,0.6089683,0.12973621,0.42311198,0.061231144,0.13199642
2287,2018-06-09,2018,06,09,0.17325795,0.02287021,0.8333333333333334,0.3016596,0.079256095,0.26504704,0.04644522,0.15306349
2288,2018-06-10,2018,06,10,0.11881877,0.017264862,209.45238095238096,0.011791762,0.039101966,0.102146566,0.029970001,0.11513645
2289,2018-06-11,2018,06,11,0.13023305,0.017262211,6.380952380952381,0.011775274,0.05186562,0.10124549,0.043774012,0.12603198
2290,2018-06-12,2018,06,12,,,0.0,,,,,
2291,2018-06-13,2018,06,13,0.14684545,0.020241665,0.5,0.43235776,0.17929244,0.31894824,0.078222334,0.13204397
2292,2018-06-14,2018,06,14,0.08258838,0.007996105,0.2857142857142857,1.2441859,0.23937218,0.69081056,0.08893556,0.054717004
2293,2018-06-15,2018,06,15,,,0.0,,,,,
2294,2018-06-16,2018,06,16,0.062603794,0.013962057,4.714285714285714,1.2981079,0.24007855,0.6993614,0.09745159,0.04201726
2295,2018-06-17,2018,06,17,0.037939347,0.015787693,9.80952380952381,1.1234206,0.432088,0.619581,0.18877164,0.028135085
2296,2018-06-18,2018,06,18,0.05692091,0.022389306,5.333333333333333,0.9544444,0.37184128,0.5666087,0.15264125,0.04357946
2297,2018-06-19,2018,06,19,0.1114221,0.01591439,1.380952380952381,0.8646865,0.16136996,0.53417784,0.07106106,0.08552052
2298,2018-06-20,2018,06,20,0.12141425,0.012708712,3.3333333333333335,0.8705527,0.21176106,0.54386383,0.09214571,0.08959478
2299,2018-06-21,2018,06,21,0.108102344,0.0085104,2.380952380952381,0.529642,0.111878216,0.3845555,0.05533268,0.087832354
2300,2018-06-22,2018,06,22,,,0.0,,,,,
2301,2018-06-23,2018,06,23,,,0.0,,,,,
2302,2018-06-24,2018,06,24,,,0.0,,,,,
2303,2018-06-25,2018,06,25,0.123816095,0.021840286,0.7380952380952381,1.2690012,0.25360018,0.69712913,0.095566936,0.08284172
2304,2018-06-26,2018,06,26,0.111170985,0.0068430505,1.880952380952381,1.2314388,0.14338644,0.68749636,0.05481744,0.07372271
2305,2018-06-27,2018,06,27,,,0.0,,,,,
2306,2018-06-28,2018,06,28,,,0.0,,,,,
2307,2018-06-29,2018,06,29,,,0.0,,,,,
2308,2018-06-30,2018,06,30,,,0.047619047619047616,,,,,
2309,2018-07-01,2018,07,01,0.08168468,0.007659089,1.6428571428571428,1.3528703,0.16258937,0.72560054,0.06481386,0.053109724
2310,2018-07-02,2018,07,02,0.044291157,0.011615372,22.547619047619047,0.87558687,0.466986,0.5136599,0.21383807,0.034745157
2311,2018-07-03,2018,07,03,0.064509116,0.0153703075,2.857142857142857,0.7887891,0.19816259,0.4655896,0.0820459,0.048650436
2312,2018-07-04,2018,07,04,,,0.047619047619047616,,,,,
2313,2018-07-05,2018,07,05,0.23650032,0.02366091,8.523809523809524,0.40649924,0.10827526,0.32020032,0.05527788,0.19880284
2314,2018-07-06,2018,07,06,0.11837082,0.022461055,358.5238095238095,0.7884747,0.2634656,0.49861532,0.1238229,0.09254947
2315,2018-07-07,2018,07,07,0.11680569,0.015439852,265.5952380952381,0.558691,0.1301784,0.40090656,0.06545504,0.09498449
2316,2018-07-08,2018,07,08,0.17335376,0.019764038,52.214285714285715,0.5098236,0.1289363,0.37333116,0.06588714,0.1453396
2317,2018-07-09,2018,07,09,0.15701827,0.01654011,1.880952380952381,0.5569407,0.30365956,0.3873367,0.1339642,0.12880142
2318,2018-07-10,2018,07,10,0.1985686,0.031264503,65.07142857142857,0.55382246,0.20945844,0.3935093,0.10342933,0.16397133
2319,2018-07-11,2018,07,11,0.18569113,0.025950907,9.833333333333334,0.31334242,0.112062335,0.26062754,0.06569757,0.1642498
2320,2018-07-12,2018,07,12,0.0785488,0.011400241,11.047619047619047,1.3785462,0.1822627,0.7363588,0.07048582,0.05033412
2321,2018-07-13,2018,07,13,0.07323572,0.014547067,1.5,0.53414965,0.41607326,0.36920768,0.1922186,0.06230306
2322,2018-07-14,2018,07,14,,,0.0,,,,,
2323,2018-07-15,2018,07,15,0.1458861,0.047693357,0.30952380952380953,0.8635612,0.3499354,0.534778,0.14882241,0.11190741
2324,2018-07-16,2018,07,16,0.18595183,0.018833268,0.11904761904761904,0.1492236,0.18872513,0.17791432,0.12438952,0.17333677
2325,2018-07-17,2018,07,17,0.06669281,0.011491726,26.761904761904763,1.4142581,0.21622452,0.747652,0.086576164,0.042800248
2326,2018-07-18,2018,07,18,0.21700025,0.08628953,5.309523809523809,0.7114642,0.26509625,0.4570704,0.12091005,0.17394608
2327,2018-07-19,2018,07,19,0.14162791,0.021054985,0.21428571428571427,1.0759935,0.13778533,0.6310065,0.05305834,0.097808935
2328,2018-07-20,2018,07,20,0.18321943,0.052698985,4.4523809523809526,0.5473183,0.3220267,0.38269067,0.15824737,0.15401922
2329,2018-07-21,2018,07,21,0.12575066,0.030114805,51.833333333333336,0.81498,0.2910945,0.50777835,0.12914282,0.09830366
2330,2018-07-22,2018,07,22,0.10807457,0.027448082,68.57142857142857,1.0353824,0.30156264,0.5980602,0.12737761,0.079573624
2331,2018-07-23,2018,07,23,0.111105345,0.027291752,79.71428571428571,0.78062713,0.31853235,0.48291385,0.15307157,0.08745464
2332,2018-07-24,2018,07,24,0.149795,0.018531254,0.30952380952380953,-0.06959037,0.024348333,0.025,0.026352314,0.14898105
2333,2018-07-25,2018,07,25,,,0.0,,,,,
2334,2018-07-26,2018,07,26,0.15977305,0.031618375,5.785714285714286,0.14703745,0.13101083,0.18295777,0.07651761,0.14851174
2335,2018-07-27,2018,07,27,,,0.0,,,,,
2336,2018-07-28,2018,07,28,,,0.0,,,,,
2337,2018-07-29,2018,07,29,,,0.0,,,,,
2338,2018-07-30,2018,07,30,,,0.0,,,,,
2339,2018-07-31,2018,07,31,,,0.0,,,,,
2340,2018-08-01,2018,08,01,0.18668011,0.0057824897,0.21428571428571427,1.4564544,0.059251852,0.766685,0.01968396,0.116029814
2341,2018-08-02,2018,08,02,0.11419578,0.028135477,3.4761904761904763,1.4647038,0.19401892,0.76918787,0.07272289,0.070291385
2342,2018-08-03,2018,08,03,,,0.0,,,,,
2343,2018-08-04,2018,08,04,0.096946985,0.026479796,2.738095238095238,0.5114469,0.52676916,0.3476852,0.25836205,0.08303879
2344,2018-08-05,2018,08,05,0.12689455,0.021647625,0.7380952380952381,0.10648957,0.1279175,0.16179141,0.07321051,0.1204226
2345,2018-08-06,2018,08,06,0.11188571,0.025059493,142.73809523809524,0.7795567,0.23425399,0.490044,0.10976433,0.090521745
2346,2018-08-07,2018,08,07,0.08180503,0.01708895,426.57142857142856,0.9870748,0.15883943,0.5926115,0.065644704,0.05678687
2347,2018-08-08,2018,08,08,0.12571226,0.019337958,79.04761904761905,0.3044577,0.13539915,0.26432994,0.076603554,0.1058702
2348,2018-08-09,2018,08,09,0.18587124,0.030564861,3.4523809523809526,0.7027263,0.22588117,0.4597514,0.10876637,0.14464529
2349,2018-08-10,2018,08,10,0.18477575,0.015123442,3.0952380952380953,0.6134349,0.119479224,0.41217482,0.05335606,0.15478745
2350,2018-08-11,2018,08,11,0.20687419,0.028937882,5.642857142857143,0.5256339,0.15901983,0.37986508,0.082615055,0.17159729
2351,2018-08-12,2018,08,12,0.1108575,0.015506122,14.0,0.89435935,0.26204705,0.54943997,0.109832674,0.082532026
2352,2018-08-13,2018,08,13,0.109948255,0.011264531,6.666666666666667,0.3978467,0.21149924,0.31090897,0.109026514,0.094306275
2353,2018-08-14,2018,08,14,0.15602276,0.010149338,2.0952380952380953,0.9735514,0.11256335,0.59015346,0.04577895,0.11078914
2354,2018-08-15,2018,08,15,,,0.0,,,,,
2355,2018-08-16,2018,08,16,0.09536443,0.027975194,0.11904761904761904,1.5564373,1.4600097e-07,0.7999,0.0,0.0576311
2356,2018-08-17,2018,08,17,0.13983762,0.025781116,15.071428571428571,1.032065,0.2052516,0.60755754,0.08584796,0.09927297
2357,2018-08-18,2018,08,18,0.083674304,0.010214346,36.61904761904762,1.2277814,0.27228373,0.6781232,0.111378565,0.055871498
2358,2018-08-19,2018,08,19,0.056493104,0.009666207,32.976190476190474,0.87661284,0.27659625,0.5159848,0.11994499,0.04286915
2359,2018-08-20,2018,08,20,,,0.0,,,,,
2360,2018-08-21,2018,08,21,0.08840959,0.02346098,0.5238095238095238,1.3897359,0.22912084,0.7417657,0.081510276,0.056524824
2361,2018-08-22,2018,08,22,0.094336614,0.022962214,0.2857142857142857,1.1817732,0.33871084,0.6643278,0.12918589,0.06465162
2362,2018-08-23,2018,08,23,0.07146079,0.019274056,4.595238095238095,1.3374032,0.21427758,0.7234864,0.08129922,0.04670771
2363,2018-08-24,2018,08,24,0.22929111,0.0400338,27.69047619047619,1.1826259,0.16725883,0.6756524,0.07512408,0.15253408
2364,2018-08-25,2018,08,25,0.18571758,0.01181073,1.2380952380952381,1.2088813,0.08293071,0.6808292,0.029993093,0.12371606
2365,2018-08-26,2018,08,26,0.330615,0.005294441,0.07142857142857142,0.40945062,0.054932002,0.31817085,0.030648036,0.2764145
2366,2018-08-27,2018,08,27,0.3105023,0.031462986,0.11904761904761904,1.0882671,0.16440298,0.66052103,0.10370288,0.21201833
2367,2018-08-28,2018,08,28,,,0.07142857142857142,,,,,
2368,2018-08-29,2018,08,29,0.10023832,0.024626719,7.166666666666667,0.97023046,0.2610584,0.56384534,0.11423037,0.07473688
2369,2018-08-30,2018,08,30,0.10315446,0.0107907895,29.404761904761905,0.3656252,0.15545794,0.29895177,0.08323644,0.0891831
2370,2018-08-31,2018,08,31,,,0.0,,,,,
2371,2018-09-01,2018,09,01,0.10732314,0.031809114,12.595238095238095,0.054746214,0.12519409,0.1262089,0.061133172,0.10411621
2372,2018-09-02,2018,09,02,,,0.0,,,,,
2373,2018-09-03,2018,09,03,,,0.0,,,,,
2374,2018-09-04,2018,09,04,0.092391394,0.01543802,1.880952380952381,1.0897945,0.09613723,0.63679385,0.03830799,0.06347918
2375,2018-09-05,2018,09,05,0.08990803,0.020134524,16.285714285714285,0.7412401,0.19433956,0.48132816,0.09477772,0.06975379
2376,2018-09-06,2018,09,06,0.17019822,0.02463148,0.2619047619047619,0.38527402,0.22681072,0.3108015,0.13458425,0.14724447
2377,2018-09-07,2018,09,07,0.113723576,0.014577994,7.357142857142857,0.8056816,0.17840269,0.5112044,0.07971948,0.08749754
2378,2018-09-08,2018,09,08,0.15597764,0.026997287,22.11904761904762,0.13201715,0.04462167,0.1676764,0.033258595,0.1471605
2379,2018-09-09,2018,09,09,0.10913272,0.01965243,78.33333333333333,-0.004551638,0.02630571,0.09109239,0.02414119,0.10644697
2380,2018-09-10,2018,09,10,0.13832943,0.021763531,5.309523809523809,0.0679321,0.06602024,0.13581637,0.043811418,0.13199528
2381,2018-09-11,2018,09,11,0.14529838,0.02556086,2.5,0.092408806,0.06771363,0.15269311,0.043991044,0.13750902
2382,2018-09-12,2018,09,12,0.12653719,0.018788738,9.261904761904763,0.2927861,0.17755604,0.2594913,0.088966094,0.11480193
2383,2018-09-13,2018,09,13,0.112565234,0.018325903,43.357142857142854,0.18527722,0.09910614,0.20536694,0.054473367,0.10345465
2384,2018-09-14,2018,09,14,0.09046773,0.011573146,54.404761904761905,0.26209983,0.11593894,0.24684146,0.062045954,0.0807062
2385,2018-09-15,2018,09,15,0.08540956,0.00824802,43.26190476190476,0.042951766,0.04034638,0.12539925,0.023771644,0.08171562
2386,2018-09-16,2018,09,16,0.0687577,0.008279719,34.214285714285715,0.06036851,0.053419586,0.1346174,0.030185841,0.066027366
2387,2018-09-17,2018,09,17,0.045617845,0.01605581,23.095238095238095,0.9964978,0.2960057,0.5781991,0.1282215,0.03488095
2388,2018-09-18,2018,09,18,0.07658256,0.015371489,49.404761904761905,0.404036,0.21250382,0.32224822,0.10935344,0.0657913
2389,2018-09-19,2018,09,19,0.14504129,0.009148157,0.5714285714285714,0.28811046,0.11679573,0.2620927,0.06505305,0.12726256
2390,2018-09-20,2018,09,20,0.12197205,0.008678762,1.5,0.107364774,0.05082496,0.16446608,0.030097943,0.11409676
2391,2018-09-21,2018,09,21,0.11957916,0.0041040704,0.9523809523809523,0.53816074,0.097090915,0.39700228,0.047748506,0.09702538
2392,2018-09-22,2018,09,22,0.15812898,0.017217677,0.40476190476190477,0.6008881,0.10800534,0.42751774,0.05137545,0.12690546
2393,2018-09-23,2018,09,23,0.10464909,0.017656647,11.238095238095237,0.70942897,0.2191483,0.4714087,0.10072363,0.08226586
2394,2018-09-24,2018,09,24,0.0810094,0.012614014,11.357142857142858,0.89250904,0.31099162,0.5458644,0.13858293,0.061069965
2395,2018-09-25,2018,09,25,0.102859974,0.008432407,6.214285714285714,0.592497,0.14856875,0.42194515,0.073265165,0.08230514
2396,2018-09-26,2018,09,26,0.09917237,0.012341616,9.69047619047619,0.4428997,0.13608137,0.3469612,0.07082987,0.083123356
2397,2018-09-27,2018,09,27,0.16055158,0.02877394,7.642857142857143,0.5650168,0.119047746,0.39271206,0.05965797,0.13545555
2398,2018-09-28,2018,09,28,0.061179556,0.020255381,64.0,0.97746116,0.20218955,0.57655513,0.08668002,0.045211423
2399,2018-09-29,2018,09,29,0.068284184,0.012171606,122.83333333333333,0.83235884,0.30423784,0.52015185,0.1361871,0.051047035
2400,2018-09-30,2018,09,30,0.04958154,0.010552974,89.35714285714286,1.0161288,0.34407073,0.5882418,0.15251681,0.035976704
2401,2018-10-01,2018,10,01,0.0677639,0.016590439,78.5952380952381,0.7310113,0.32110426,0.45767885,0.15172209,0.054333102
2402,2018-10-02,2018,10,02,0.052350007,0.024370588,51.30952380952381,0.73870516,0.319293,0.45633963,0.14448893,0.04372918
2403,2018-10-03,2018,10,03,0.078856,0.026226444,119.5952380952381,0.36124337,0.20743409,0.2872231,0.09939451,0.07173151
2404,2018-10-04,2018,10,04,0.04530431,0.01363062,189.73809523809524,0.55713165,0.28822055,0.39453375,0.141155,0.037331946
2405,2018-10-05,2018,10,05,0.066842355,0.01038477,58.45238095238095,0.6312077,0.27792755,0.42982143,0.13172926,0.05270724
2406,2018-10-06,2018,10,06,0.09972915,0.009231419,12.404761904761905,0.2820772,0.116044335,0.24914408,0.06086001,0.08918112
2407,2018-10-07,2018,10,07,0.10937951,0.017953306,2.261904761904762,0.72847295,0.16301125,0.45723486,0.07325087,0.09198676
2408,2018-10-08,2018,10,08,0.18559632,0.020818891,3.357142857142857,0.3460887,0.10573828,0.29080242,0.051309384,0.16354936
2409,2018-10-09,2018,10,09,0.10535332,0.014326972,4.119047619047619,0.75515467,0.16613424,0.4908123,0.07134931,0.082371674
2410,2018-10-10,2018,10,10,0.0595613,0.010283524,66.9047619047619,0.95192254,0.29156047,0.56762964,0.12285037,0.04403923
2411,2018-10-11,2018,10,11,0.095288955,0.009031889,20.19047619047619,0.79557645,0.1853193,0.49932176,0.08152165,0.07429393
2412,2018-10-12,2018,10,12,0.08538326,0.011973974,33.73809523809524,0.77834606,0.18510613,0.49697778,0.081851326,0.06567504
2413,2018-10-13,2018,10,13,0.107170194,0.024832578,105.04761904761905,0.56785333,0.23534238,0.3938127,0.10539152,0.09213099
2414,2018-10-14,2018,10,14,0.11713066,0.017327124,77.23809523809524,0.3917249,0.098158576,0.31997722,0.051025648,0.10165952
2415,2018-10-15,2018,10,15,0.13756287,0.019291876,16.5,0.5082309,0.12786049,0.37578622,0.06226162,0.1131523
2416,2018-10-16,2018,10,16,0.079283796,0.010152782,104.54761904761905,0.46260986,0.12850654,0.3481806,0.065108575,0.066187635
2417,2018-10-17,2018,10,17,0.070190676,0.009084784,119.5952380952381,0.37081075,0.13651605,0.30464864,0.07276619,0.060374465
2418,2018-10-18,2018,10,18,0.13615797,0.012352144,57.904761904761905,0.06945389,0.028337507,0.1402822,0.016134853,0.13019896
2419,2018-10-19,2018,10,19,0.15712525,0.015068213,16.904761904761905,0.1306891,0.043857038,0.17587797,0.026112681,0.14793544
2420,2018-10-20,2018,10,20,0.115419276,0.014289943,14.238095238095237,0.42923537,0.13115147,0.3331007,0.06549392,0.10010285
2421,2018-10-21,2018,10,21,0.11000775,0.02321608,10.333333333333334,0.63072836,0.23426904,0.4313841,0.11620871,0.08842405
2422,2018-10-22,2018,10,22,0.0830745,0.014593654,45.166666666666664,0.8760349,0.19944446,0.5441655,0.08901598,0.061668605
2423,2018-10-23,2018,10,23,0.09875093,0.025170745,72.11904761904762,0.4865762,0.1984043,0.36156416,0.09832037,0.08400172
2424,2018-10-24,2018,10,24,0.10330137,0.022627905,52.61904761904762,0.5767421,0.22766243,0.4025594,0.10487488,0.0862666
2425,2018-10-25,2018,10,25,0.0752749,0.010563324,57.976190476190474,0.36290267,0.10534371,0.29536417,0.052641306,0.066197194
2426,2018-10-26,2018,10,26,0.0776404,0.0071885246,2.238095238095238,0.368816,0.11002817,0.30336553,0.054998334,0.068681374
2427,2018-10-27,2018,10,27,,,0.023809523809523808,,,,,
2428,2018-10-28,2018,10,28,0.14497508,0.026865851,1.7142857142857142,0.33332682,0.16162598,0.27499405,0.08346842,0.12659971
2429,2018-10-29,2018,10,29,0.16306934,0.024539206,52.714285714285715,0.12051002,0.075378306,0.1666875,0.042253725,0.1544321
2430,2018-10-30,2018,10,30,0.18976746,0.014070615,43.76190476190476,0.00077654654,0.0053255977,0.100361265,0.0054084253,0.1845824
2431,2018-10-31,2018,10,31,0.13017268,0.015745504,38.333333333333336,0.00813774,0.012068894,0.10502895,0.0075955535,0.12634526
2432,2018-11-01,2018,11,01,0.11218488,0.01245361,12.761904761904763,0.13825342,0.071828395,0.18023549,0.041019525,0.104208335
2433,2018-11-02,2018,11,02,0.09229732,0.012345405,81.19047619047619,0.5245745,0.15226588,0.38412088,0.07757768,0.07647271
2434,2018-11-03,2018,11,03,0.1679283,0.026911927,27.166666666666668,0.030210566,0.053634405,0.10948697,0.03884383,0.16190463
2435,2018-11-04,2018,11,04,0.1708233,0.014155701,74.42857142857143,0.0016003624,0.00957279,0.10010871,0.008174503,0.16609019
2436,2018-11-05,2018,11,05,0.086011454,0.0151223,28.19047619047619,0.037718263,0.04323915,0.122002505,0.024703734,0.08287528
2437,2018-11-06,2018,11,06,0.16063698,0.028694268,0.38095238095238093,0.2285955,0.10806919,0.23260204,0.058886126,0.14488229
2438,2018-11-07,2018,11,07,0.11021286,0.0098583745,2.619047619047619,0.3474578,0.16682316,0.2942094,0.08690083,0.09588932
2439,2018-11-08,2018,11,08,0.14727886,0.015451586,45.714285714285715,0.12550291,0.061439756,0.1727908,0.03580173,0.13857684
2440,2018-11-09,2018,11,09,0.14049736,0.01969353,55.857142857142854,0.30786508,0.109087385,0.27015302,0.056640565,0.122507654
2441,2018-11-10,2018,11,10,0.24197184,0.08585188,88.35714285714286,0.9835959,0.18834838,0.5862086,0.07991164,0.15399383
2442,2018-11-11,2018,11,11,0.27005965,0.09179956,277.57142857142856,1.2815578,0.18149406,0.71493196,0.076275505,0.15960161
2443,2018-11-12,2018,11,12,0.2969407,0.07180657,159.61904761904762,1.512951,0.1575364,0.8140207,0.06796616,0.1752983
2444,2018-11-13,2018,11,13,0.26448798,0.031317458,17.238095238095237,0.4713135,0.10921178,0.33533624,0.063033886,0.20818713
2445,2018-11-14,2018,11,14,0.16831018,0.04034844,29.095238095238095,0.29487804,0.14698659,0.25617358,0.08541916,0.14800112
2446,2018-11-15,2018,11,15,0.119644016,0.024287604,127.42857142857143,0.7889954,0.18398865,0.50175977,0.084239155,0.09227834
2447,2018-11-16,2018,11,16,0.104068674,0.021017997,173.9047619047619,0.9787954,0.23443915,0.5817962,0.10015241,0.073911436
2448,2018-11-17,2018,11,17,0.13397153,0.021919861,17.047619047619047,0.9742759,0.2058479,0.5776122,0.089113235,0.09672184
2449,2018-11-18,2018,11,18,0.07637738,0.013609799,111.30952380952381,1.2917323,0.1949492,0.7062309,0.07457769,0.050249238
2450,2018-11-19,2018,11,19,0.05388218,0.016131334,124.23809523809524,0.7415704,0.25980994,0.47159374,0.114914946,0.042788085
2451,2018-11-20,2018,11,20,0.05170161,0.01795879,111.5952380952381,0.48071694,0.22677112,0.35599315,0.110832505,0.044526327
2452,2018-11-21,2018,11,21,0.12372695,0.026341712,13.380952380952381,0.23312405,0.09142508,0.23286474,0.04990207,0.11121823
2453,2018-11-22,2018,11,22,0.077017486,0.015677745,3.761904761904762,0.12028086,0.10402861,0.17122693,0.060583368,0.07200773
2454,2018-11-23,2018,11,23,0.0664086,0.0074232374,35.88095238095238,0.48068622,0.15859663,0.35904777,0.07886259,0.05524094
2455,2018-11-24,2018,11,24,0.07997241,0.015287004,59.476190476190474,0.5815243,0.20848586,0.40991062,0.10189332,0.06495134
2456,2018-11-25,2018,11,25,0.11001701,0.024776008,34.142857142857146,0.48836568,0.12870911,0.36697757,0.06346804,0.09243077
2457,2018-11-26,2018,11,26,0.08452919,0.01165697,8.476190476190476,0.5153646,0.14006345,0.37873277,0.06756322,0.07137005
2458,2018-11-27,2018,11,27,0.06628326,0.011630963,22.214285714285715,0.29644838,0.14810078,0.26476663,0.078596696,0.05877417
2459,2018-11-28,2018,11,28,0.04831226,0.0064148493,22.19047619047619,0.9487877,0.19762586,0.5686673,0.082545176,0.034602884
2460,2018-11-29,2018,11,29,0.08939382,0.014587847,91.97619047619048,0.3477562,0.12159599,0.27043146,0.056967676,0.082768805
2461,2018-11-30,2018,11,30,0.18808813,0.027827667,48.404761904761905,0.06278181,0.04759581,0.12758633,0.031834908,0.17865516
2462,2018-12-01,2018,12,01,0.13212109,0.018048901,14.69047619047619,0.16176127,0.051933743,0.19487812,0.029740427,0.12251803
2463,2018-12-02,2018,12,02,0.118766144,0.027073378,11.761904761904763,0.1365696,0.06303052,0.17886324,0.034175124,0.11011978
2464,2018-12-03,2018,12,03,0.06355277,0.01617461,65.71428571428571,0.53951573,0.19116876,0.36824656,0.0906814,0.052787684
2465,2018-12-04,2018,12,04,0.061468687,0.012114172,61.26190476190476,0.56545544,0.22498247,0.39323854,0.10631555,0.051374257
2466,2018-12-05,2018,12,05,0.07751355,0.016148921,83.52380952380952,0.40520215,0.16873358,0.3219615,0.08469282,0.06678835
2467,2018-12-06,2018,12,06,0.074829064,0.011580294,90.16666666666667,0.107987575,0.06998711,0.16357064,0.040195208,0.07011652
2468,2018-12-07,2018,12,07,0.04390679,0.010879802,127.11904761904762,0.19248086,0.14100051,0.21053807,0.07828069,0.04012029
2469,2018-12-08,2018,12,08,0.08398474,0.01774809,3.738095238095238,0.30712673,0.1924798,0.27091703,0.10469248,0.073960625
2470,2018-12-09,2018,12,09,,,0.023809523809523808,,,,,
2471,2018-12-10,2018,12,10,0.06580364,0.014139748,16.047619047619047,0.58408844,0.22706978,0.41013557,0.1096551,0.05323238
2472,2018-12-11,2018,12,11,0.19699308,0.017655632,5.5,0.17811541,0.055328064,0.19930837,0.0322409,0.18130888
2473,2018-12-12,2018,12,12,0.06531227,0.010270292,3.0,0.48127046,0.16303778,0.3660537,0.083252534,0.054739196
2474,2018-12-13,2018,12,13,0.08672459,0.008256884,0.09523809523809523,0.7547116,0.11045739,0.49846774,0.04910576,0.06585839
2475,2018-12-14,2018,12,14,0.054009516,0.012174093,58.285714285714285,0.89190143,0.31438872,0.5422685,0.1375115,0.041410226
2476,2018-12-15,2018,12,15,0.047389895,0.010923532,98.95238095238095,0.9201587,0.28544512,0.55861396,0.12299506,0.03503719
2477,2018-12-16,2018,12,16,0.05252407,0.017394366,125.5,0.78396106,0.25881895,0.49808884,0.11344445,0.042186145
2478,2018-12-17,2018,12,17,0.048765212,0.013531956,101.07142857142857,0.5402039,0.23360781,0.38207784,0.11222188,0.04146981
2479,2018-12-18,2018,12,18,0.05368161,0.009331932,46.095238095238095,0.31071258,0.08964535,0.25702474,0.04273117,0.048360016
2480,2018-12-19,2018,12,19,0.04694344,0.009487661,112.0,0.033404235,0.05268313,0.11990862,0.030844174,0.044878256
2481,2018-12-20,2018,12,20,0.07166885,0.01682299,25.80952380952381,0.42703032,0.19778025,0.3280205,0.10037123,0.062303297
2482,2018-12-21,2018,12,21,0.101821594,0.020319952,10.738095238095237,0.6007855,0.15522559,0.4125166,0.07109507,0.08481534
2483,2018-12-22,2018,12,22,0.10075036,0.013543207,34.57142857142857,0.09183671,0.047521397,0.15114719,0.025321413,0.09591375
2484,2018-12-23,2018,12,23,0.061204176,0.01054979,79.73809523809524,0.011526788,0.016292742,0.107100524,0.009731283,0.059251208
2485,2018-12-24,2018,12,24,0.09262182,0.008328735,6.119047619047619,0.020022504,0.015926605,0.112224914,0.009552181,0.08941572
2486,2018-12-25,2018,12,25,0.122234836,0.011536824,6.642857142857143,0.18265994,0.063151434,0.20811605,0.036410507,0.1119802
2487,2018-12-26,2018,12,26,0.17709504,0.007760301,1.9761904761904763,0.07085196,0.03180055,0.142608,0.018806668,0.16807431
2488,2018-12-27,2018,12,27,0.14213459,0.020037813,4.142857142857143,0.31266275,0.08188526,0.27878162,0.04392437,0.12585737
2489,2018-12-28,2018,12,28,0.13837713,0.00950093,25.142857142857142,0.00072854746,0.0015034187,0.10061633,0.00090640894,0.13459258
2490,2018-12-29,2018,12,29,0.043155707,0.0067072604,115.30952380952381,0.009158772,0.01401389,0.105661646,0.008365225,0.04181246
2491,2018-12-30,2018,12,30,0.042564288,0.00641478,4.119047619047619,0.0009823892,0.0068703857,0.10076938,0.004142019,0.041145466
2492,2018-12-31,2018,12,31,0.18120739,0.024827,1.3571428571428572,0.38220698,0.15865377,0.28947493,0.08612017,0.1602746
2493,2019-01-01,2019,01,01,0.14931399,0.013263372,26.833333333333332,0.16275154,0.041524865,0.19206446,0.022366088,0.13807452
2494,2019-01-02,2019,01,02,0.10189052,0.015448835,93.5952380952381,0.063652724,0.042846464,0.13733374,0.025203843,0.09756545
2495,2019-01-03,2019,01,03,0.033478912,0.0064929873,49.595238095238095,0.22052029,0.17313465,0.22365198,0.093488306,0.030512178
2496,2019-01-04,2019,01,04,0.04969208,0.0151803605,11.857142857142858,0.4233701,0.22893496,0.32823494,0.11514789,0.042682093
2497,2019-01-05,2019,01,05,0.099822946,0.018539803,71.80952380952381,0.14746685,0.08521209,0.18530016,0.04898174,0.093125805
2498,2019-01-06,2019,01,06,0.08626922,0.0193122,178.4047619047619,0.10328983,0.06211113,0.16090369,0.037561726,0.08095396
2499,2019-01-07,2019,01,07,0.0720755,0.014701133,117.57142857142857,0.17657413,0.0871747,0.20366237,0.049490675,0.066470556
2500,2019-01-08,2019,01,08,0.07456087,0.018806009,93.5,0.26937607,0.15377682,0.25307798,0.08320764,0.06698825
2501,2019-01-09,2019,01,09,0.07325155,0.016293492,147.73809523809524,0.4416721,0.25145093,0.33265114,0.12511115,0.06485769
2502,2019-01-10,2019,01,10,0.06250734,0.0142179765,75.11904761904762,0.72190964,0.30632406,0.4636678,0.14338335,0.050102
2503,2019-01-11,2019,01,11,0.08445999,0.016240949,73.45238095238095,0.57005644,0.17124219,0.3988059,0.08124706,0.07067073
2504,2019-01-12,2019,01,12,0.1024886,0.027573695,97.04761904761905,0.17126171,0.097436115,0.20002706,0.055857383,0.09408541
2505,2019-01-13,2019,01,13,0.08554684,0.019431388,103.26190476190476,0.2924468,0.11560214,0.2651741,0.061609663,0.07675123
2506,2019-01-14,2019,01,14,0.116687834,0.024789266,27.142857142857142,0.12361188,0.088314444,0.17025444,0.05007962,0.10953048
2507,2019-01-15,2019,01,15,0.14193368,0.027818894,27.571428571428573,0.2013934,0.10411108,0.21239947,0.061386682,0.1295998
2508,2019-01-16,2019,01,16,0.09808821,0.027503736,83.04761904761905,0.39232057,0.17855737,0.31279224,0.09324977,0.08682754
2509,2019-01-17,2019,01,17,0.108834274,0.032648988,100.0952380952381,0.37024897,0.18222062,0.2991061,0.09612796,0.096976005
2510,2019-01-18,2019,01,18,0.09607525,0.027763125,14.071428571428571,0.49482706,0.23519976,0.3568416,0.11259466,0.08356506
2511,2019-01-19,2019,01,19,0.0878952,0.02317592,152.26190476190476,0.056727253,0.06561123,0.1333531,0.038111456,0.084189236
2512,2019-01-20,2019,01,20,0.16347596,0.019773938,2.0238095238095237,0.12187573,0.10971707,0.15589136,0.0663919,0.15272298
2513,2019-01-21,2019,01,21,0.15724508,0.025682857,14.547619047619047,0.012477775,0.041243,0.096914075,0.03353118,0.1515876
2514,2019-01-22,2019,01,22,0.18462825,0.02070785,6.4523809523809526,-0.01830205,0.015708726,0.07833006,0.015030995,0.18033548
2515,2019-01-23,2019,01,23,0.108683,0.027200215,32.45238095238095,0.16531537,0.096032955,0.19642746,0.054977898,0.10068574
2516,2019-01-24,2019,01,24,0.14625692,0.025249438,29.904761904761905,0.026601903,0.02947213,0.11560932,0.018683827,0.14126195
2517,2019-01-25,2019,01,25,0.14134908,0.02300236,11.69047619047619,0.031347074,0.04748794,0.11491798,0.03198395,0.13634014
2518,2019-01-26,2019,01,26,0.121698655,0.026289616,53.095238095238095,0.06398779,0.08501188,0.13264807,0.050739482,0.11644026
2519,2019-01-27,2019,01,27,0.10420608,0.048913486,27.976190476190474,0.4220551,0.24736609,0.31942338,0.1247432,0.090925395
2520,2019-01-28,2019,01,28,0.08009455,0.035165165,60.54761904761905,0.522442,0.28033945,0.3726346,0.13701788,0.0692509
2521,2019-01-29,2019,01,29,0.035585217,0.007080983,313.2142857142857,0.4477407,0.18039188,0.32998112,0.08168026,0.032241568
2522,2019-01-30,2019,01,30,0.07990713,0.020742046,139.07142857142858,0.3691413,0.25935152,0.28920844,0.1232767,0.07335211
2523,2019-01-31,2019,01,31,0.12959729,0.03320931,15.19047619047619,0.28927773,0.17036122,0.25647077,0.09178719,0.11493052
2524,2019-02-01,2019,02,01,0.13292672,0.021942858,0.40476190476190477,0.5083909,0.104007,0.3754381,0.053329136,0.11026632
2525,2019-02-02,2019,02,02,0.10506216,0.018614797,75.28571428571429,0.1766313,0.0794345,0.20101498,0.0444178,0.0965645
2526,2019-02-03,2019,02,03,0.08967278,0.021314882,38.642857142857146,0.4238507,0.15270911,0.33699977,0.078995205,0.076750726
2527,2019-02-04,2019,02,04,0.101902075,0.026815502,43.785714285714285,0.2194024,0.13365948,0.22322537,0.07154272,0.09244662
2528,2019-02-05,2019,02,05,0.07334058,0.014369235,42.333333333333336,0.66693854,0.22268108,0.45015177,0.10463341,0.05816606
2529,2019-02-06,2019,02,06,0.09898732,0.012003997,34.95238095238095,0.43317717,0.13381144,0.33686948,0.06760646,0.08446984
2530,2019-02-07,2019,02,07,0.09342797,0.021368256,59.57142857142857,0.6610777,0.22368664,0.4437409,0.10130731,0.07595661
2531,2019-02-08,2019,02,08,0.11262472,0.04245531,13.071428571428571,0.6186014,0.3381333,0.4194554,0.15373345,0.09449817
2532,2019-02-09,2019,02,09,0.11303205,0.031152662,29.952380952380953,0.14272092,0.08710433,0.18292847,0.050109167,0.10533012
2533,2019-02-10,2019,02,10,0.17324176,0.021252926,1.1666666666666667,0.2114808,0.082763985,0.21222982,0.04935481,0.15560675
2534,2019-02-11,2019,02,11,0.12792401,0.032024134,23.095238095238095,0.1410832,0.12081975,0.16718079,0.07212837,0.11960558
2535,2019-02-12,2019,02,12,,,0.0,,,,,
2536,2019-02-13,2019,02,13,0.21615973,0.027431633,0.09523809523809523,0.056827717,0.06634567,0.101558834,0.04450327,0.20360489
2537,2019-02-14,2019,02,14,0.21726127,0.02204649,0.4523809523809524,0.1669634,0.026987705,0.1781547,0.012991334,0.1981219
2538,2019-02-15,2019,02,15,0.19468856,0.00752504,0.19047619047619047,0.42551932,0.016306425,0.32728767,0.008999595,0.16233717
2539,2019-02-16,2019,02,16,0.13306102,0.026393363,24.61904761904762,0.21613571,0.0981589,0.21429834,0.056129582,0.120577835
2540,2019-02-17,2019,02,17,0.13843548,0.03443231,9.142857142857142,0.43648574,0.18347351,0.33210644,0.099507794,0.118951656
2541,2019-02-18,2019,02,18,0.13757776,0.020230405,11.5,0.5272576,0.15944475,0.38848147,0.07586655,0.113768995
2542,2019-02-19,2019,02,19,0.2274427,0.04792952,2.119047619047619,0.39133093,0.06537666,0.31823006,0.034875706,0.1926451
2543,2019-02-20,2019,02,20,0.11820878,0.016829062,5.880952380952381,0.8013257,0.20252429,0.50905794,0.088960186,0.08980865
2544,2019-02-21,2019,02,21,0.12579572,0.018844033,15.738095238095237,0.68280077,0.16976407,0.4588666,0.07892277,0.099412605
2545,2019-02-22,2019,02,22,0.14228652,0.028441973,39.11904761904762,0.04432356,0.07315831,0.11019049,0.047093477,0.13582651
2546,2019-02-23,2019,02,23,0.13575763,0.032289125,12.619047619047619,0.1710765,0.10501181,0.19218817,0.0598225,0.12434378
2547,2019-02-24,2019,02,24,0.16135167,0.028930647,9.619047619047619,0.42022458,0.12659849,0.32455102,0.06171537,0.14018673
2548,2019-02-25,2019,02,25,0.11194192,0.029330194,65.02380952380952,0.33224866,0.15835088,0.28445846,0.08289037,0.09941736
2549,2019-02-26,2019,02,26,0.105594985,0.025457017,32.285714285714285,0.11474499,0.084151715,0.1635177,0.048899982,0.09959077
2550,2019-02-27,2019,02,27,0.058100957,0.013098109,110.54761904761905,0.88924634,0.27274656,0.5356987,0.124641694,0.044224337
2551,2019-02-28,2019,02,28,0.08048886,0.016317682,2.9761904761904763,0.90523857,0.25538024,0.5380642,0.12013292,0.061819036
2552,2019-03-01,2019,03,01,0.46602058,0.10439507,2.619047619047619,0.38020447,0.09970267,0.28903505,0.055717632,0.3684143
2553,2019-03-02,2019,03,02,0.0948909,0.019736988,234.35714285714286,0.24900873,0.11330573,0.23917829,0.06046686,0.08583011
2554,2019-03-03,2019,03,03,0.12351513,0.031076731,62.04761904761905,0.3154718,0.18277696,0.27313152,0.09692161,0.10873488
2555,2019-03-04,2019,03,04,0.17842288,0.04920816,9.333333333333334,0.864895,0.23772141,0.5257278,0.106941156,0.13609634
2556,2019-03-05,2019,03,05,0.118745044,0.015865535,32.857142857142854,0.38396627,0.18955076,0.3040832,0.094970405,0.10341007
2557,2019-03-06,2019,03,06,0.15166913,0.03087203,56.357142857142854,0.37544593,0.18317376,0.28928044,0.0902552,0.13663073
2558,2019-03-07,2019,03,07,0.15049906,0.040602483,52.0,0.32307568,0.16225448,0.27061906,0.084966436,0.1352355
2559,2019-03-08,2019,03,08,0.06358628,0.014148315,127.73809523809524,0.43309128,0.2066405,0.3375749,0.105900414,0.05485992
2560,2019-03-09,2019,03,09,0.053064954,0.013774312,90.47619047619048,1.0219791,0.29148266,0.5963465,0.12586534,0.038427766
2561,2019-03-10,2019,03,10,0.069285624,0.022205455,13.261904761904763,1.1580294,0.21071868,0.64329803,0.09229505,0.05198833
2562,2019-03-11,2019,03,11,0.09912017,0.029383209,6.095238095238095,0.76638806,0.2090052,0.46886072,0.093782425,0.07612618
2563,2019-03-12,2019,03,12,0.12638709,0.016863778,19.785714285714285,0.19226961,0.07231172,0.21318313,0.040598795,0.11533394
2564,2019-03-13,2019,03,13,0.17799863,0.020963626,7.761904761904762,0.12906988,0.039901726,0.16680782,0.025939286,0.16855319
2565,2019-03-14,2019,03,14,0.13277334,0.02237133,30.476190476190474,0.11304983,0.076886706,0.16480613,0.043998864,0.12398132
2566,2019-03-15,2019,03,15,0.0659661,0.009576752,77.26190476190476,0.17769161,0.08191456,0.20154837,0.046858303,0.060948476
2567,2019-03-16,2019,03,16,0.15308803,0.048132963,65.9047619047619,0.2776003,0.15420397,0.24576,0.0836226,0.13857648
2568,2019-03-17,2019,03,17,0.108185105,0.021511525,151.02380952380952,0.3580486,0.14948344,0.28687176,0.071815655,0.09974272
2569,2019-03-18,2019,03,18,0.0745752,0.014958227,170.02380952380952,0.7423082,0.20091009,0.48292798,0.09307926,0.059273735
2570,2019-03-19,2019,03,19,0.13379216,0.02565172,143.0,0.32366538,0.117704846,0.27852783,0.0627026,0.11838755
2571,2019-03-20,2019,03,20,0.09664557,0.023039922,105.73809523809524,0.21170008,0.14083527,0.21803261,0.08276185,0.08766478
2572,2019-03-21,2019,03,21,0.08532041,0.016359111,108.54761904761905,0.5977775,0.21732661,0.40748835,0.104622856,0.07107594
2573,2019-03-22,2019,03,22,0.12659955,0.041980453,75.21428571428571,0.5048981,0.2952224,0.34907597,0.13482794,0.113071
2574,2019-03-23,2019,03,23,0.15108694,0.031737167,71.66666666666667,0.58054686,0.20881014,0.40222985,0.097414665,0.12158635
2575,2019-03-24,2019,03,24,0.116243705,0.028275719,170.4047619047619,0.79423696,0.266112,0.5056397,0.12038817,0.089160904
2576,2019-03-25,2019,03,25,0.07570085,0.022979133,168.85714285714286,0.78519064,0.32402432,0.4887222,0.15209493,0.060479693
2577,2019-03-26,2019,03,26,0.18422893,0.043824587,9.571428571428571,0.36473793,0.22460042,0.27556506,0.11597788,0.16412245
2578,2019-03-27,2019,03,27,0.09514178,0.034680292,93.42857142857143,0.5952211,0.37296614,0.37927705,0.17264624,0.08708057
2579,2019-03-28,2019,03,28,0.11585686,0.026982524,66.71428571428571,0.4199409,0.19465639,0.32323512,0.09472589,0.101874284
2580,2019-03-29,2019,03,29,,,0.0,,,,,
2581,2019-03-30,2019,03,30,0.11190205,0.017237462,124.4047619047619,0.0897936,0.077649675,0.15327537,0.045714904,0.10580511
2582,2019-03-31,2019,03,31,0.11212811,0.027849602,138.42857142857142,0.15302086,0.10466269,0.18024911,0.0642448,0.10384396
2583,2019-04-01,2019,04,01,0.08728984,0.018294103,123.88095238095238,0.383139,0.18960947,0.3054993,0.09761825,0.07688214
2584,2019-04-02,2019,04,02,0.13736032,0.03105443,27.833333333333332,0.5575747,0.22007136,0.38922873,0.0992395,0.116635844
2585,2019-04-03,2019,04,03,0.14297333,0.038545452,25.476190476190474,0.661222,0.24233049,0.4447931,0.11377994,0.11464033
2586,2019-04-04,2019,04,04,0.10355388,0.021860631,155.14285714285714,0.8110951,0.27446508,0.509563,0.12542868,0.079430625
2587,2019-04-05,2019,04,05,0.10242432,0.02280429,69.54761904761905,0.6349037,0.30383107,0.4212075,0.15143877,0.08384842
2588,2019-04-06,2019,04,06,0.12109451,0.0439467,52.642857142857146,0.4137282,0.27453777,0.302729,0.13930988,0.10568802
2589,2019-04-07,2019,04,07,0.2435827,0.02772847,4.190476190476191,0.65326995,0.11735143,0.43281192,0.051732354,0.19435991
2590,2019-04-08,2019,04,08,0.1424852,0.030180529,33.80952380952381,0.70142055,0.28291634,0.4478785,0.12999874,0.11842168
2591,2019-04-09,2019,04,09,0.18555889,0.028402422,25.714285714285715,0.24042962,0.10500339,0.23351298,0.060058285,0.16642016
2592,2019-04-10,2019,04,10,0.21604323,0.027407411,118.42857142857143,0.038868453,0.056172922,0.109839536,0.03494422,0.20664428
2593,2019-04-11,2019,04,11,0.22472505,0.030223107,22.476190476190474,0.04108678,0.06326094,0.106018454,0.046329737,0.21475004
2594,2019-04-12,2019,04,12,0.11410644,0.03433494,0.47619047619047616,1.3584908,0.2283322,0.72830844,0.08439044,0.07391759
2595,2019-04-13,2019,04,13,0.2054648,0.012090769,0.2619047619047619,0.40435746,0.08998861,0.32614693,0.05259808,0.17457844
2596,2019-04-14,2019,04,14,0.13886361,0.029397659,16.666666666666668,0.7039357,0.21764411,0.46307775,0.09839636,0.11104718
2597,2019-04-15,2019,04,15,0.10827491,0.020493777,60.5,0.83315545,0.25142634,0.52172494,0.11193041,0.082026035
2598,2019-04-16,2019,04,16,0.081962585,0.018367773,15.285714285714286,0.97670794,0.40577388,0.5702321,0.18098198,0.060734577
2599,2019-04-17,2019,04,17,,,0.07142857142857142,,,,,
2600,2019-04-18,2019,04,18,0.14676519,0.030530104,5.928571428571429,0.5458552,0.23037058,0.39118373,0.110166766,0.12169118
2601,2019-04-19,2019,04,19,0.12689589,0.02991224,5.476190476190476,0.77483433,0.26275685,0.4962506,0.1152358,0.09904313
2602,2019-04-20,2019,04,20,0.12093064,0.021835579,6.714285714285714,0.8873062,0.26698437,0.547105,0.113149546,0.08985763
2603,2019-04-21,2019,04,21,0.11925018,0.013235651,1.7857142857142858,0.5227677,0.21422601,0.3662868,0.101788394,0.09890002
2604,2019-04-22,2019,04,22,,,0.023809523809523808,,,,,
2605,2019-04-23,2019,04,23,0.12061401,0.0059150085,0.6904761904761905,0.17379707,0.068071365,0.20348834,0.039706163,0.11041541
2606,2019-04-24,2019,04,24,0.13318834,0.03015989,8.761904761904763,0.28077015,0.17137396,0.25306034,0.08700073,0.12163797
2607,2019-04-25,2019,04,25,0.09573802,0.014287919,58.214285714285715,0.61671835,0.21551675,0.42409238,0.10463848,0.07785077
2608,2019-04-26,2019,04,26,0.08279754,0.01689716,128.23809523809524,0.83744776,0.2547105,0.52080154,0.120755255,0.063248485
2609,2019-04-27,2019,04,27,0.08777889,0.018467704,54.214285714285715,0.90732354,0.30986115,0.5427541,0.13927662,0.066641286
2610,2019-04-28,2019,04,28,0.051035076,0.016934557,7.357142857142857,1.3635666,0.22075984,0.7288127,0.08523215,0.033995662
2611,2019-04-29,2019,04,29,0.13264124,0.017318381,19.833333333333332,0.2789128,0.059539203,0.262608,0.032791223,0.11756238
2612,2019-04-30,2019,04,30,0.2157971,0.017017493,3.0476190476190474,0.29473096,0.08442913,0.26842898,0.048008405,0.18981934
2613,2019-05-01,2019,05,01,0.21984676,0.024928283,0.7619047619047619,0.37872696,0.085216835,0.3125643,0.047594503,0.1882614
2614,2019-05-02,2019,05,02,0.119889006,0.01107895,46.785714285714285,0.5791424,0.14501423,0.40910813,0.07247705,0.09757157
2615,2019-05-03,2019,05,03,0.112207584,0.029994134,52.404761904761905,0.31258875,0.21414672,0.26587707,0.1133946,0.10118241
2616,2019-05-04,2019,05,04,0.0877647,0.038226515,26.69047619047619,0.95908445,0.32276246,0.5619769,0.13740672,0.06882091
2617,2019-05-05,2019,05,05,0.10913746,0.030852186,163.45238095238096,0.52956235,0.23595338,0.37996027,0.11276978,0.093272425
2618,2019-05-06,2019,05,06,0.14046326,0.031804807,82.88095238095238,0.5474372,0.20508407,0.3814588,0.100348905,0.11858358
2619,2019-05-07,2019,05,07,0.1252374,0.022595892,6.428571428571429,0.24163723,0.24601667,0.21361169,0.13278654,0.11362287
2620,2019-05-08,2019,05,08,0.06788463,0.022639193,5.333333333333333,1.0938588,0.27184135,0.6170083,0.12002556,0.04995753
2621,2019-05-09,2019,05,09,0.09403632,0.0025415004,0.07142857142857142,0.70306826,0.10048229,0.4753177,0.04542775,0.07299303
2622,2019-05-10,2019,05,10,0.16677494,0.02443488,21.857142857142858,0.494656,0.12783849,0.36344102,0.059231825,0.14147991
2623,2019-05-11,2019,05,11,0.120660685,0.024969619,41.714285714285715,0.8034417,0.27486908,0.50947106,0.121767424,0.09261016
2624,2019-05-12,2019,05,12,0.097246006,0.023658492,83.95238095238095,0.92049295,0.2989606,0.55433077,0.13515793,0.0734596
2625,2019-05-13,2019,05,13,0.09571028,0.02714165,58.595238095238095,0.62084395,0.29315573,0.4041507,0.13777052,0.078525946
2626,2019-05-14,2019,05,14,,,0.0,,,,,
2627,2019-05-15,2019,05,15,0.16292033,0.04176027,21.142857142857142,0.51295596,0.19521506,0.3622188,0.093944475,0.14133194
2628,2019-05-16,2019,05,16,0.118876494,0.025478609,104.69047619047619,0.4793286,0.15461738,0.35151234,0.07752337,0.10268822
2629,2019-05-17,2019,05,17,0.10906569,0.016154684,151.4047619047619,0.3637102,0.1390956,0.3052688,0.07498733,0.09398276
2630,2019-05-18,2019,05,18,0.093102776,0.017687218,72.54761904761905,0.15334111,0.13008988,0.1796767,0.074348435,0.08608513
2631,2019-05-19,2019,05,19,0.19075531,0.027359627,19.80952380952381,0.084028296,0.09462967,0.13184445,0.052723657,0.17868808
2632,2019-05-20,2019,05,20,0.15216023,0.013815553,0.09523809523809523,0.40689254,0.0276902,0.3317869,0.014193312,0.12908165
2633,2019-05-21,2019,05,21,0.11994923,0.022960482,34.07142857142857,0.58627814,0.19887708,0.40951285,0.09365049,0.10001085
2634,2019-05-22,2019,05,22,0.17094615,0.026655551,54.476190476190474,0.27450937,0.12010855,0.2554478,0.066507764,0.15142836
2635,2019-05-23,2019,05,23,0.14465177,0.012210547,1.5476190476190477,0.5435039,0.16072111,0.39691028,0.08204002,0.11815962
2636,2019-05-24,2019,05,24,0.077785134,0.010188902,10.238095238095237,0.51279855,0.15562254,0.357953,0.07215749,0.06469096
2637,2019-05-25,2019,05,25,,,0.0,,,,,
2638,2019-05-26,2019,05,26,0.14272252,0.02341006,26.404761904761905,0.50927186,0.18700467,0.37804595,0.094573066,0.11911288
2639,2019-05-27,2019,05,27,0.14637867,0.026484016,27.595238095238095,0.60540086,0.2214671,0.4225857,0.10532429,0.1181908
2640,2019-05-28,2019,05,28,0.09369563,0.009083133,4.619047619047619,0.5168492,0.1493401,0.38190597,0.07498743,0.07607053
2641,2019-05-29,2019,05,29,0.12539586,0.014706607,35.38095238095238,0.27511764,0.13110434,0.24858652,0.0742405,0.10975537
2642,2019-05-30,2019,05,30,,,0.023809523809523808,,,,,
2643,2019-05-31,2019,05,31,0.19824629,0.029869007,1.4523809523809523,0.6162397,0.1548535,0.4331074,0.075718306,0.15869254
2644,2019-06-01,2019,06,01,0.14819655,0.022846427,0.5714285714285714,1.3175378,0.15746696,0.7175483,0.05673874,0.096748576
2645,2019-06-02,2019,06,02,0.1310304,0.016526815,5.190476190476191,1.3874575,0.19509213,0.7399292,0.07505027,0.08338567
2646,2019-06-03,2019,06,03,0.094628915,0.011691539,7.976190476190476,1.4366112,0.17676635,0.7558796,0.067858286,0.05918797
2647,2019-06-04,2019,06,04,0.059107315,0.016081672,0.2619047619047619,1.4863311,0.1581873,0.77576506,0.05478698,0.036966503
2648,2019-06-05,2019,06,05,,,0.0,,,,,
2649,2019-06-06,2019,06,06,,,0.0,,,,,
2650,2019-06-07,2019,06,07,0.14974648,0.02762983,21.071428571428573,0.002154484,0.013702369,0.10099224,0.010933671,0.14557482
2651,2019-06-08,2019,06,08,0.15523313,0.016663816,18.285714285714285,0.0013709426,0.03239331,0.0924089,0.026086401,0.1506412
2652,2019-06-09,2019,06,09,0.1294887,0.01253144,2.3095238095238093,0.14511862,0.09993188,0.18358235,0.059770983,0.119869694
2653,2019-06-10,2019,06,10,,,0.0,,,,,
2654,2019-06-11,2019,06,11,0.24819835,0.0018594895,0.07142857142857142,0.4145848,0.07135655,0.33554253,0.03689866,0.20906235
2655,2019-06-12,2019,06,12,0.22301814,0.030392246,0.19047619047619047,0.3819538,0.15831724,0.307552,0.08080998,0.19060981
2656,2019-06-13,2019,06,13,,,0.0,,,,,
2657,2019-06-14,2019,06,14,,,0.0,,,,,
2658,2019-06-15,2019,06,15,,,0.0,,,,,
2659,2019-06-16,2019,06,16,0.16740401,0.013144013,0.07142857142857142,1.0093794,0.21318798,0.6039744,0.08333331,0.11908026
2660,2019-06-17,2019,06,17,0.1607532,0.027284697,4.0,0.22435506,0.14721231,0.2231783,0.08103494,0.14723316
2661,2019-06-18,2019,06,18,0.096810825,0.016963895,7.595238095238095,1.4240344,0.19124027,0.752197,0.07329232,0.06147205
2662,2019-06-19,2019,06,19,0.04735373,0.011268234,8.095238095238095,1.4041536,0.2619107,0.7391924,0.10784194,0.030415324
2663,2019-06-20,2019,06,20,0.022257626,0.005362288,0.38095238095238093,1.3718176,0.26524347,0.725852,0.115696415,0.015287616
2664,2019-06-21,2019,06,21,,,0.0,,,,,
2665,2019-06-22,2019,06,22,,,0.0,,,,,
2666,2019-06-23,2019,06,23,,,0.0,,,,,
2667,2019-06-24,2019,06,24,,,0.0,,,,,
2668,2019-06-25,2019,06,25,0.12325695,0.012295318,4.166666666666667,0.52124447,0.11248818,0.36757144,0.0524345,0.100720376
2669,2019-06-26,2019,06,26,0.09674968,0.0058650076,0.23809523809523808,0.9197734,0.007293047,0.53272516,0.0040674508,0.085646145
2670,2019-06-27,2019,06,27,0.06354809,0.023559412,13.285714285714286,0.9104208,0.3580132,0.54052603,0.15634906,0.050848998
2671,2019-06-28,2019,06,28,0.1070467,0.021635275,32.38095238095238,0.4456785,0.19633025,0.3431799,0.10050607,0.09129277
2672,2019-06-29,2019,06,29,0.13590321,0.024310896,13.738095238095237,0.20032415,0.124754585,0.21027687,0.07295295,0.12484642
2673,2019-06-30,2019,06,30,0.07999296,0.020648729,55.857142857142854,0.20700383,0.1438975,0.20745505,0.077819355,0.07275337
2674,2019-07-01,2019,07,01,0.08040723,0.009282131,4.880952380952381,0.76573414,0.37525034,0.48710877,0.1739141,0.06202499
2675,2019-07-02,2019,07,02,,,0.023809523809523808,,,,,
2676,2019-07-03,2019,07,03,0.1482644,0.029427823,92.71428571428571,0.20158759,0.15508628,0.21237367,0.08833769,0.13720076
2677,2019-07-04,2019,07,04,0.11389165,0.01576857,9.952380952380953,0.7009953,0.1526056,0.44017774,0.070125215,0.09475581
2678,2019-07-05,2019,07,05,,,0.0,,,,,
2679,2019-07-06,2019,07,06,,,0.0,,,,,
2680,2019-07-07,2019,07,07,,,0.0,,,,,
2681,2019-07-08,2019,07,08,0.23935485,0.010601093,0.07142857142857142,0.43419504,0.084640205,0.3377025,0.039052803,0.19979061
2682,2019-07-09,2019,07,09,,,0.0,,,,,
2683,2019-07-10,2019,07,10,0.094703026,0.0086797355,4.5,1.3507562,0.13573928,0.7274577,0.05027916,0.061477464
2684,2019-07-11,2019,07,11,,,0.07142857142857142,,,,,
2685,2019-07-12,2019,07,12,,,0.0,,,,,
2686,2019-07-13,2019,07,13,0.10846901,0.02253609,0.7142857142857143,1.0336868,0.2730422,0.6071633,0.1239844,0.077377394
2687,2019-07-14,2019,07,14,0.11401109,0.037520997,28.38095238095238,0.1685251,0.17249455,0.19459586,0.09777676,0.1069994
2688,2019-07-15,2019,07,15,0.071217604,0.014102498,230.33333333333334,0.24916919,0.09974867,0.23704208,0.05776716,0.06522098
2689,2019-07-16,2019,07,16,0.07259235,0.013726734,7.714285714285714,1.015206,0.16009587,0.5696339,0.06804643,0.05786005
2690,2019-07-17,2019,07,17,0.0646306,0.009214124,4.4523809523809526,0.79036254,0.5035972,0.48884153,0.23421116,0.049681
2691,2019-07-18,2019,07,18,0.09845792,0.033304304,1.0238095238095237,1.1342552,0.34624353,0.6344141,0.14792992,0.07215736
2692,2019-07-19,2019,07,19,0.09346596,0.019710533,31.785714285714285,1.2178819,0.28063995,0.6735909,0.11235906,0.0637271
2693,2019-07-20,2019,07,20,0.16559882,0.02576905,13.5,0.48371896,0.17452613,0.35870966,0.08805052,0.13983029
2694,2019-07-21,2019,07,21,0.1322098,0.009088184,14.785714285714286,0.5683317,0.14871208,0.3995031,0.07109767,0.107167736
2695,2019-07-22,2019,07,22,,,0.0,,,,,
2696,2019-07-23,2019,07,23,,,0.0,,,,,
2697,2019-07-24,2019,07,24,0.19477479,0.03408713,20.547619047619047,0.22818114,0.17531075,0.21920061,0.10630975,0.17841059
2698,2019-07-25,2019,07,25,0.18289128,0.032922912,169.07142857142858,0.2752099,0.22562313,0.2443446,0.12971379,0.16508996
2699,2019-07-26,2019,07,26,0.1931697,0.044156555,43.5,0.09995049,0.13849331,0.12475829,0.0832874,0.18581629
2700,2019-07-27,2019,07,27,0.22974026,0.045069285,7.166666666666667,0.008443719,0.08357584,0.07337005,0.052130368,0.2234496
2701,2019-07-28,2019,07,28,,,0.0,,,,,
2702,2019-07-29,2019,07,29,0.15565483,0.01285307,0.23809523809523808,0.28159893,0.1698233,0.26173493,0.09547006,0.13828047
2703,2019-07-30,2019,07,30,0.13560212,0.023436524,84.4047619047619,0.355165,0.16748765,0.2885506,0.086851,0.12091516
2704,2019-07-31,2019,07,31,0.075303175,0.01188482,24.38095238095238,0.96983016,0.1833899,0.585377,0.07983799,0.053777322
2705,2019-08-01,2019,08,01,,,0.023809523809523808,,,,,
2706,2019-08-02,2019,08,02,,,0.0,,,,,
2707,2019-08-03,2019,08,03,0.09509941,0.02395066,9.214285714285714,1.0315225,0.2569399,0.60169184,0.112822846,0.0707131
2708,2019-08-04,2019,08,04,0.08451646,0.013368589,24.0,1.2666014,0.2519308,0.6943292,0.098892845,0.05658687
2709,2019-08-05,2019,08,05,0.08783994,0.014139577,18.785714285714285,1.2648656,0.23320399,0.6930756,0.09378765,0.05843146
2710,2019-08-06,2019,08,06,0.14879729,0.015037824,8.023809523809524,1.0608468,0.17838117,0.6181948,0.07273804,0.104491785
2711,2019-08-07,2019,08,07,,,0.047619047619047616,,,,,
2712,2019-08-08,2019,08,08,0.20502578,0.03900091,4.857142857142857,1.1192961,0.27862936,0.6436004,0.11523452,0.14369367
2713,2019-08-09,2019,08,09,0.08532328,0.023229532,114.33333333333333,0.9920744,0.33726236,0.5795777,0.14401396,0.064334616
2714,2019-08-10,2019,08,10,0.07724603,0.015622982,126.45238095238095,1.0754716,0.35307223,0.61639476,0.15249123,0.054811575
2715,2019-08-11,2019,08,11,0.079522766,0.015222392,56.214285714285715,0.60346943,0.33876437,0.4064845,0.16373488,0.06491996
2716,2019-08-12,2019,08,12,0.07397891,0.0114379525,44.023809523809526,0.2876088,0.15692252,0.24861918,0.081959836,0.06599248
2717,2019-08-13,2019,08,13,,,0.0,,,,,
2718,2019-08-14,2019,08,14,0.10946949,0.0069747055,0.23809523809523808,1.2303822,0.04108021,0.68171763,0.017350407,0.074865274
2719,2019-08-15,2019,08,15,0.13412398,0.019281056,10.857142857142858,0.23296477,0.12452683,0.2323184,0.07280381,0.12023227
2720,2019-08-16,2019,08,16,0.16912472,0.027163306,18.761904761904763,0.023246124,0.074617624,0.095854156,0.057239387,0.16346301
2721,2019-08-17,2019,08,17,,,0.0,,,,,
2722,2019-08-18,2019,08,18,,,0.0,,,,,
2723,2019-08-19,2019,08,19,0.12524614,0.02565512,20.38095238095238,0.7745905,0.25156504,0.49815553,0.10807364,0.09732735
2724,2019-08-20,2019,08,20,0.10507988,0.019103251,21.785714285714285,1.2931836,0.30804345,0.7044526,0.12097939,0.06932575
2725,2019-08-21,2019,08,21,0.08904746,0.016727498,87.80952380952381,0.612155,0.21770146,0.41465923,0.10528311,0.07290746
2726,2019-08-22,2019,08,22,0.100628786,0.005554434,2.7857142857142856,0.23761378,0.113943934,0.23602481,0.06300852,0.09002899
2727,2019-08-23,2019,08,23,,,0.0,,,,,
2728,2019-08-24,2019,08,24,0.16055505,0.022864314,6.595238095238095,0.6518793,0.15604761,0.448592,0.06872238,0.12788537
2729,2019-08-25,2019,08,25,0.14213471,0.02076531,50.857142857142854,0.64108986,0.21223943,0.44050336,0.10291355,0.11402609
2730,2019-08-26,2019,08,26,0.12057543,0.023554577,99.95238095238095,0.7009228,0.24393353,0.46451578,0.11584315,0.095881
2731,2019-08-27,2019,08,27,0.08662171,0.012591966,114.33333333333333,0.9687354,0.26499373,0.5773477,0.11809921,0.06312351
2732,2019-08-28,2019,08,28,0.06337772,0.015771344,114.28571428571429,1.0954967,0.30951384,0.6203119,0.13315639,0.04573698
2733,2019-08-29,2019,08,29,0.05815652,0.031315707,7.738095238095238,0.9657653,0.43212792,0.5568361,0.18336006,0.04772181
2734,2019-08-30,2019,08,30,0.099233665,0.025951209,84.4047619047619,0.8861692,0.28337505,0.5350166,0.12667249,0.07658236
2735,2019-08-31,2019,08,31,0.10362738,0.02011109,156.0952380952381,0.806736,0.3009295,0.5030732,0.13515513,0.08071543
2736,2019-09-01,2019,09,01,0.08536388,0.0132072475,106.5952380952381,0.998524,0.3020386,0.5852665,0.13162547,0.06265296
2737,2019-09-02,2019,09,02,0.098074354,0.01461679,99.88095238095238,0.58131754,0.18386833,0.39778203,0.08968162,0.08114824
2738,2019-09-03,2019,09,03,0.12118441,0.021931175,2.1666666666666665,1.3104081,0.3313381,0.7077083,0.13149837,0.07751446
2739,2019-09-04,2019,09,04,0.08498532,0.013557303,11.833333333333334,1.2066882,0.15377109,0.6717531,0.0598331,0.058811896
2740,2019-09-05,2019,09,05,0.13863525,0.01681565,20.238095238095237,0.5146777,0.16547668,0.37709433,0.085034505,0.116091944
2741,2019-09-06,2019,09,06,0.14126001,0.025040384,31.452380952380953,0.6409286,0.20127375,0.4313195,0.096944034,0.1130625
2742,2019-09-07,2019,09,07,0.118575014,0.024953198,49.0,0.38774562,0.20302467,0.2971395,0.109080546,0.10200913
2743,2019-09-08,2019,09,08,0.07049749,0.0114490455,27.571428571428573,0.5642604,0.21097635,0.39394104,0.101427294,0.05809292
2744,2019-09-09,2019,09,09,0.020031732,0.015589937,24.88095238095238,1.4780438,0.1551274,0.7709282,0.05989069,0.013286628
2745,2019-09-10,2019,09,10,0.09100188,0.021301765,115.47619047619048,0.6428261,0.19880414,0.42722988,0.09221604,0.07573066
2746,2019-09-11,2019,09,11,0.10234128,0.015274624,130.73809523809524,0.34156147,0.14200146,0.29386202,0.076747045,0.08918715
2747,2019-09-12,2019,09,12,0.09762708,0.011063543,49.023809523809526,0.38109216,0.13157366,0.3116427,0.07029229,0.08273092
2748,2019-09-13,2019,09,13,0.12022324,0.009936655,18.452380952380953,0.5767411,0.15072867,0.40733233,0.0762064,0.098130785
2749,2019-09-14,2019,09,14,0.1477615,0.034377918,41.857142857142854,0.3887535,0.2419674,0.3102844,0.117683426,0.12961972
2750,2019-09-15,2019,09,15,0.16103575,0.020062046,79.21428571428571,0.83127475,0.1834119,0.52248394,0.08023259,0.1223491
2751,2019-09-16,2019,09,16,0.13700414,0.021159433,102.88095238095238,0.78994966,0.19243847,0.504566,0.08797592,0.105122745
2752,2019-09-17,2019,09,17,0.10807712,0.01489956,129.57142857142858,0.96605796,0.19404426,0.5743477,0.08332621,0.076687716
2753,2019-09-18,2019,09,18,0.09940587,0.01022271,102.0952380952381,0.4879294,0.14253302,0.36303678,0.07263118,0.08364933
2754,2019-09-19,2019,09,19,0.08568613,0.012850113,35.023809523809526,0.5303215,0.24886633,0.37671623,0.11677506,0.071563296
2755,2019-09-20,2019,09,20,0.106265545,0.018047422,53.38095238095238,0.4457964,0.13898765,0.33864668,0.06446317,0.09132104
2756,2019-09-21,2019,09,21,0.16574748,0.022368558,65.16666666666667,0.30214718,0.104473665,0.27125445,0.05684196,0.14683014
2757,2019-09-22,2019,09,22,0.14048931,0.021220198,45.642857142857146,0.4015112,0.15327781,0.3219358,0.0812102,0.119870424
2758,2019-09-23,2019,09,23,0.14463684,0.011414354,4.166666666666667,0.76846206,0.15454516,0.49515533,0.06816907,0.11110897
2759,2019-09-24,2019,09,24,0.19429219,0.010995316,0.6666666666666666,0.59363455,0.08976365,0.42417955,0.04310025,0.15594143
2760,2019-09-25,2019,09,25,0.2130767,0.028661925,45.642857142857146,0.2618172,0.115197465,0.2412919,0.06247772,0.19227047
2761,2019-09-26,2019,09,26,0.13185461,0.015212732,86.0952380952381,0.56260604,0.108556345,0.4058049,0.051719364,0.10745997
2762,2019-09-27,2019,09,27,0.11849699,0.016558858,90.11904761904762,0.8022442,0.17664534,0.51572555,0.07881335,0.08947168
2763,2019-09-28,2019,09,28,0.11399651,0.013519893,29.166666666666668,1.0710119,0.16111693,0.622656,0.0681448,0.07959544
2764,2019-09-29,2019,09,29,0.13288021,0.021233471,49.023809523809526,0.28732586,0.10542061,0.24363661,0.05433613,0.1205619
2765,2019-09-30,2019,09,30,0.1605178,0.018510643,63.11904761904762,0.19344698,0.0772987,0.2082511,0.042261127,0.14774872
2766,2019-10-01,2019,10,01,0.12663938,0.023580534,58.595238095238095,0.5436224,0.14332367,0.39489594,0.06889848,0.10384826
2767,2019-10-02,2019,10,02,0.11756925,0.015853321,25.166666666666668,0.5705641,0.19631928,0.4012038,0.09370929,0.095594004
2768,2019-10-03,2019,10,03,0.0997606,0.011887857,14.571428571428571,0.5177888,0.13945907,0.37810013,0.07010587,0.0807274
2769,2019-10-04,2019,10,04,0.12715875,0.009602782,36.785714285714285,0.29099545,0.08514312,0.25879732,0.044421513,0.111740425
2770,2019-10-05,2019,10,05,0.14191161,0.014500097,73.26190476190476,0.08113071,0.042795666,0.1412365,0.027646916,0.13495746
2771,2019-10-06,2019,10,06,0.13003178,0.01848956,88.80952380952381,0.17296049,0.07730398,0.2005648,0.042925425,0.1203836
2772,2019-10-07,2019,10,07,0.10466194,0.01773924,26.11904761904762,0.15018547,0.10590045,0.18617532,0.059999794,0.097849555
2773,2019-10-08,2019,10,08,0.10048973,0.017980605,17.404761904761905,0.30971318,0.19005015,0.2743528,0.10151689,0.08943592
2774,2019-10-09,2019,10,09,0.15026407,0.017461423,1.7619047619047619,0.082524404,0.058172125,0.1486763,0.034532197,0.14254563
2775,2019-10-10,2019,10,10,0.13837887,0.010336799,3.9523809523809526,0.01987331,0.041712742,0.11083224,0.023820445,0.13315022
2776,2019-10-11,2019,10,11,0.19962479,0.013163163,19.785714285714285,0.18373732,0.048352253,0.20666203,0.028708994,0.18406644
2777,2019-10-12,2019,10,12,0.17163584,0.01656374,48.095238095238095,0.323891,0.08329471,0.28321442,0.041862994,0.15181413
2778,2019-10-13,2019,10,13,0.11468893,0.012090907,120.66666666666667,0.53151935,0.11864578,0.38770762,0.05816751,0.093997024
2779,2019-10-14,2019,10,14,0.092629574,0.011434328,19.69047619047619,0.82300836,0.1653824,0.51833737,0.07371344,0.06901876
2780,2019-10-15,2019,10,15,0.09677895,0.021186752,44.76190476190476,0.47049618,0.17359701,0.35504103,0.08997916,0.080995776
2781,2019-10-16,2019,10,16,0.132474,0.0330836,13.619047619047619,0.8644157,0.26513243,0.52633214,0.11231482,0.10430533
2782,2019-10-17,2019,10,17,0.13542429,0.020998633,63.45238095238095,0.3539584,0.123717986,0.29703262,0.06223703,0.11900739
2783,2019-10-18,2019,10,18,0.12624133,0.013525833,63.285714285714285,0.17214563,0.076662846,0.19914167,0.042599898,0.11630213
2784,2019-10-19,2019,10,19,0.103332676,0.0116544,112.38095238095238,0.33259988,0.11022539,0.28645372,0.058057223,0.08974994
2785,2019-10-20,2019,10,20,0.13195086,0.01043687,106.92857142857143,0.049106516,0.0412857,0.12743229,0.023364216,0.12570615
2786,2019-10-21,2019,10,21,0.17202719,0.017253362,61.0,0.11659923,0.0488704,0.15909219,0.029800147,0.16236639
2787,2019-10-22,2019,10,22,0.14348337,0.020640155,105.38095238095238,0.17572454,0.084748685,0.19906725,0.04797991,0.1336182
2788,2019-10-23,2019,10,23,0.11234891,0.022184383,134.28571428571428,0.17596605,0.09521701,0.19985563,0.054638583,0.10505705
2789,2019-10-24,2019,10,24,0.12928542,0.019392414,68.07142857142857,0.14323214,0.12488718,0.18200555,0.07223282,0.12081059
2790,2019-10-25,2019,10,25,0.12429253,0.035302352,84.66666666666667,0.7345315,0.22484982,0.4681178,0.10787735,0.09243719
2791,2019-10-26,2019,10,26,0.14822567,0.039362222,164.3095238095238,0.9702699,0.26291868,0.57284313,0.11800326,0.10362784
2792,2019-10-27,2019,10,27,0.15265465,0.024375832,17.30952380952381,0.5630454,0.18102813,0.39791077,0.088625684,0.123639636
2793,2019-10-28,2019,10,28,0.14690293,0.022938758,41.45238095238095,0.75347126,0.14481743,0.49092746,0.06503317,0.11068108
2794,2019-10-29,2019,10,29,0.15318388,0.021738142,15.619047619047619,0.44039214,0.10456795,0.33981165,0.051461793,0.13008076
2795,2019-10-30,2019,10,30,0.14164133,0.010037962,15.19047619047619,0.96819776,0.1344365,0.58155257,0.05589392,0.100210786
2796,2019-10-31,2019,10,31,0.11280944,0.013360399,99.52380952380952,0.820406,0.13808307,0.5206926,0.06284016,0.08566886
2797,2019-11-01,2019,11,01,0.13999581,0.018873334,117.16666666666667,0.4934601,0.116258815,0.3720973,0.05637071,0.11700732
2798,2019-11-02,2019,11,02,0.11025866,0.014700817,139.6904761904762,0.39619535,0.085977465,0.32351926,0.044917934,0.09478338
2799,2019-11-03,2019,11,03,0.101070575,0.0130127715,75.07142857142857,0.53581095,0.13248943,0.39187446,0.06612536,0.08307505
2800,2019-11-04,2019,11,04,0.08361268,0.009509159,40.11904761904762,0.69405854,0.17325634,0.4651189,0.08208353,0.06499712
2801,2019-11-05,2019,11,05,0.10343333,0.0074736066,12.928571428571429,0.8540167,0.09507609,0.53895956,0.04118938,0.076098695
2802,2019-11-06,2019,11,06,0.086007416,0.014411854,24.238095238095237,0.9412006,0.19666977,0.567521,0.07969767,0.06384661
2803,2019-11-07,2019,11,07,0.0813394,0.00984302,26.952380952380953,1.0041456,0.14819863,0.5959508,0.06169383,0.058772337
2804,2019-11-08,2019,11,08,0.108491555,0.01632971,10.833333333333334,1.0492818,0.24073522,0.6100409,0.098362885,0.078131
2805,2019-11-09,2019,11,09,0.077818476,0.008982151,31.928571428571427,0.98451686,0.18337898,0.5850114,0.07695214,0.056114763
2806,2019-11-10,2019,11,10,0.088418804,0.0061279996,9.976190476190476,1.0272439,0.11851939,0.60710317,0.047042143,0.062593825
2807,2019-11-11,2019,11,11,0.087209456,0.008809511,27.38095238095238,0.72849834,0.14996588,0.4822209,0.0661814,0.06752789
2808,2019-11-12,2019,11,12,0.09900046,0.020395376,18.523809523809526,0.77820224,0.20766878,0.49964124,0.0890933,0.0772359
2809,2019-11-13,2019,11,13,0.067246206,0.013713972,59.07142857142857,0.9628039,0.25128675,0.5761804,0.10657475,0.049768556
2810,2019-11-14,2019,11,14,0.05761839,0.014233359,114.47619047619048,1.1809596,0.26655826,0.6581867,0.1087414,0.040377825
2811,2019-11-15,2019,11,15,0.064962655,0.011016139,49.642857142857146,1.266927,0.20283812,0.6944658,0.07883499,0.043143183
2812,2019-11-16,2019,11,16,0.123691455,0.012294273,40.23809523809524,0.34601524,0.10007178,0.29016894,0.05090985,0.10876572
2813,2019-11-17,2019,11,17,0.17382076,0.014288222,19.0,0.24122712,0.078836426,0.23789257,0.042378347,0.15683696
2814,2019-11-18,2019,11,18,0.140152,0.016199099,24.571428571428573,0.28013808,0.072854616,0.26052663,0.040267665,0.12430435
2815,2019-11-19,2019,11,19,0.1016454,0.013135078,12.119047619047619,0.735005,0.16373762,0.4786746,0.07190545,0.080400355
2816,2019-11-20,2019,11,20,0.13729005,0.013933488,25.428571428571427,0.36082095,0.1143705,0.30004016,0.05962303,0.119716786
2817,2019-11-21,2019,11,21,0.18058227,0.041477207,2.9761904761904763,0.26749402,0.11019542,0.2439388,0.063628666,0.15939848
2818,2019-11-22,2019,11,22,0.121360704,0.02604975,18.166666666666668,0.70486575,0.25114694,0.46554062,0.11811754,0.09646037
2819,2019-11-23,2019,11,23,0.111436315,0.017443463,37.095238095238095,0.91983026,0.16541883,0.56043655,0.07058209,0.0827481
2820,2019-11-24,2019,11,24,0.09516291,0.013785899,79.21428571428571,0.8677968,0.1699394,0.54005957,0.072459385,0.07153357
2821,2019-11-25,2019,11,25,0.1419719,0.016741114,56.404761904761905,0.14220515,0.095825456,0.1762799,0.055460505,0.13175985
2822,2019-11-26,2019,11,26,0.14072548,0.012123479,58.357142857142854,0.012927792,0.01716338,0.10754247,0.010827957,0.1362635
2823,2019-11-27,2019,11,27,0.16257258,0.028073855,13.523809523809524,0.41446704,0.15722892,0.3238056,0.08355278,0.14015327
2824,2019-11-28,2019,11,28,0.13723513,0.021199478,36.92857142857143,0.5817056,0.18162349,0.3990118,0.08066432,0.114618815
2825,2019-11-29,2019,11,29,0.08595737,0.015853038,64.71428571428571,0.32830822,0.12596984,0.2870249,0.06749353,0.07524449
2826,2019-11-30,2019,11,30,0.09332623,0.016292501,13.452380952380953,0.6807164,0.22055908,0.4518323,0.103130296,0.07416222
2827,2019-12-01,2019,12,01,0.05833901,0.0160376,49.0,0.46368596,0.24789129,0.34667945,0.12301638,0.051241856
2828,2019-12-02,2019,12,02,0.087007985,0.023041418,28.261904761904763,0.7714216,0.28129017,0.49225527,0.13077345,0.06791136
2829,2019-12-03,2019,12,03,0.09552571,0.015444356,32.61904761904762,0.7264486,0.18860988,0.4787297,0.085162625,0.07500533
2830,2019-12-04,2019,12,04,0.06743928,0.015679175,138.45238095238096,0.30844426,0.11073424,0.27640656,0.059851203,0.05993614
2831,2019-12-05,2019,12,05,0.07956096,0.020465273,14.857142857142858,0.47004882,0.20279367,0.35127208,0.10082207,0.0684333
2832,2019-12-06,2019,12,06,0.07025502,0.020983234,50.476190476190474,0.56599265,0.30448967,0.38980213,0.14636956,0.060159706
2833,2019-12-07,2019,12,07,0.12419355,0.04777183,21.095238095238095,0.305301,0.30203706,0.26034987,0.15508781,0.11284639
2834,2019-12-08,2019,12,08,0.14084329,0.040253323,12.19047619047619,0.27515936,0.17635666,0.24920753,0.09861192,0.12777779
2835,2019-12-09,2019,12,09,0.087709524,0.010750116,37.714285714285715,0.36023414,0.10697893,0.30246696,0.056372773,0.07736777
2836,2019-12-10,2019,12,10,0.036715753,0.008731414,64.97619047619048,0.8464182,0.27247813,0.5289428,0.12102341,0.027778529
2837,2019-12-11,2019,12,11,0.035350863,0.010932831,70.4047619047619,0.42986473,0.32349873,0.32067034,0.15895602,0.031146731
2838,2019-12-12,2019,12,12,0.091094,0.0063398704,2.4047619047619047,0.46270093,0.12165047,0.35269147,0.06084267,0.07672437
2839,2019-12-13,2019,12,13,0.11766963,0.0099399835,0.7142857142857143,0.5994594,0.12007213,0.41820294,0.05860596,0.0967979
2840,2019-12-14,2019,12,14,0.1092193,0.015796717,16.738095238095237,0.3831009,0.10527568,0.31110394,0.05407944,0.09531635
2841,2019-12-15,2019,12,15,0.13847177,0.010213827,8.5,0.088245906,0.03647502,0.15328443,0.0218295,0.13086465
2842,2019-12-16,2019,12,16,0.07999071,0.0066103362,7.023809523809524,0.0302547,0.031508587,0.117794186,0.017960228,0.077016175
2843,2019-12-17,2019,12,17,0.0823631,0.019455062,41.357142857142854,0.40877742,0.18348923,0.32170767,0.094444886,0.07072562
2844,2019-12-18,2019,12,18,0.101871386,0.01465805,64.02380952380952,0.5201619,0.17114842,0.37382057,0.082028165,0.086135335
2845,2019-12-19,2019,12,19,0.11113303,0.01654313,7.9523809523809526,0.48787823,0.13605887,0.36614895,0.067013286,0.09406546
2846,2019-12-20,2019,12,20,0.13045685,0.033924162,8.238095238095237,0.20689471,0.113619275,0.2203346,0.06335031,0.11989238
2847,2019-12-21,2019,12,21,0.11519913,0.026859421,2.357142857142857,0.04049215,0.041990437,0.12458915,0.025315337,0.1107255
2848,2019-12-22,2019,12,22,0.08553331,0.0107496865,25.30952380952381,0.5638785,0.16935503,0.40402308,0.08376468,0.069521114
2849,2019-12-23,2019,12,23,0.108498044,0.018557362,32.333333333333336,0.8388633,0.18031453,0.5259959,0.07842894,0.08169168
2850,2019-12-24,2019,12,24,0.1650301,0.04396096,13.523809523809524,0.49929023,0.17100799,0.36281025,0.086279705,0.14021355
2851,2019-12-25,2019,12,25,0.06416628,0.0103055,88.04761904761905,0.71242195,0.1619158,0.47122374,0.07189642,0.05053052
2852,2019-12-26,2019,12,26,0.17465971,0.01966812,10.142857142857142,0.13113855,0.04790403,0.17708859,0.027275953,0.16229136
2853,2019-12-27,2019,12,27,0.09999784,0.011152889,45.5,0.07682072,0.0569373,0.14598098,0.033560302,0.09457804
2854,2019-12-28,2019,12,28,0.0873558,0.0043881387,0.14285714285714285,0.15132847,0.065916374,0.19072074,0.03902034,0.0805698
2855,2019-12-29,2019,12,29,0.10562055,0.019029973,3.0714285714285716,0.6819334,0.13974023,0.45019114,0.065910384,0.08354334
2856,2019-12-30,2019,12,30,0.19374265,0.018053763,35.595238095238095,0.31798992,0.084981024,0.27590874,0.041436683,0.17149104
2857,2019-12-31,2019,12,31,0.12275828,0.012346774,45.095238095238095,0.15998913,0.051940795,0.19455178,0.02987239,0.11340657
2858,2020-01-01,2020,01,01,0.09432894,0.00985541,33.61904761904762,0.05218755,0.046326548,0.13142319,0.027532311,0.09005421
2859,2020-01-02,2020,01,02,0.07026398,0.012575206,163.85714285714286,0.04672798,0.050760243,0.12735069,0.029599095,0.06710472
2860,2020-01-03,2020,01,03,0.09222625,0.015063381,57.04761904761905,0.24617867,0.12240019,0.23719296,0.06603874,0.08481595
2861,2020-01-04,2020,01,04,0.12214043,0.017806293,16.333333333333332,0.4369916,0.10447244,0.34080437,0.055476997,0.10346746
2862,2020-01-05,2020,01,05,0.14955966,0.012019518,71.92857142857143,0.054382604,0.018527588,0.13038635,0.011067505,0.14365236
2863,2020-01-06,2020,01,06,0.11596301,0.014615541,147.47619047619048,0.010027935,0.013746462,0.10619277,0.008305001,0.11251141
2864,2020-01-07,2020,01,07,0.09384628,0.023137024,76.57142857142857,0.07896821,0.08487777,0.14574215,0.048170537,0.0894735
2865,2020-01-08,2020,01,08,0.08895632,0.014440645,12.833333333333334,0.7579957,0.27011424,0.4843944,0.11944635,0.06969398
2866,2020-01-09,2020,01,09,0.15004976,0.022103935,3.9523809523809526,0.5089956,0.14875688,0.37502524,0.07311388,0.12619884
2867,2020-01-10,2020,01,10,0.13741517,0.013368128,10.071428571428571,0.08082171,0.039496683,0.14856172,0.02349844,0.1301065
2868,2020-01-11,2020,01,11,0.1719512,0.02276171,0.5238095238095238,0.045318276,0.047956645,0.124353364,0.025615027,0.16480282
2869,2020-01-12,2020,01,12,0.13666736,0.008146685,0.07142857142857142,0.1768704,0.10746539,0.20474087,0.062440302,0.12556262
2870,2020-01-13,2020,01,13,0.10541844,0.015855394,0.5,1.1248043,0.25123584,0.641936,0.09879896,0.074443884
2871,2020-01-14,2020,01,14,0.16522676,0.028514046,2.0952380952380953,0.59756863,0.20752993,0.41850647,0.09788365,0.13476902
2872,2020-01-15,2020,01,15,0.083674744,0.01477592,32.76190476190476,0.8093206,0.21460313,0.50677544,0.0933134,0.06563151
2873,2020-01-16,2020,01,16,0.051361512,0.01468628,71.0,0.9304902,0.29014444,0.55946845,0.1268601,0.038646236
2874,2020-01-17,2020,01,17,0.068660796,0.018507702,49.73809523809524,0.49132895,0.2332057,0.3602158,0.112213686,0.05864885
2875,2020-01-18,2020,01,18,0.109668165,0.025762178,6.880952380952381,0.2816904,0.20509659,0.25270095,0.10807213,0.09899933
2876,2020-01-19,2020,01,19,,,0.0,,,,,
2877,2020-01-20,2020,01,20,0.13006324,0.027816676,4.690476190476191,0.3829809,0.19267416,0.3066196,0.09670331,0.1143926
2878,2020-01-21,2020,01,21,0.057981823,0.010546653,35.80952380952381,1.0511495,0.23389274,0.6138923,0.09634655,0.041440614
2879,2020-01-22,2020,01,22,0.058926262,0.011123067,70.21428571428571,0.6034475,0.27891323,0.41632712,0.13558193,0.04757606
2880,2020-01-23,2020,01,23,0.076965794,0.032606237,2.7857142857142856,1.1664039,0.42811102,0.6487879,0.17328855,0.055768095
2881,2020-01-24,2020,01,24,0.075941354,0.013913042,35.69047619047619,0.41203856,0.21842486,0.3217311,0.11310612,0.06568444
2882,2020-01-25,2020,01,25,0.093083605,0.021282889,23.261904761904763,0.31243682,0.1609023,0.26045883,0.08236765,0.08399846
2883,2020-01-26,2020,01,26,0.09782576,0.01595381,26.0,0.61681294,0.14248075,0.4234734,0.06838794,0.07952063
2884,2020-01-27,2020,01,27,0.080316834,0.011948242,242.21428571428572,0.15514469,0.08055416,0.19046806,0.045618635,0.07499004
2885,2020-01-28,2020,01,28,0.082624584,0.012571882,233.02380952380952,0.21411146,0.09889234,0.224028,0.056133967,0.075396605
2886,2020-01-29,2020,01,29,0.10812323,0.012895476,73.42857142857143,0.12619857,0.079696804,0.17348547,0.04617137,0.10083012
2887,2020-01-30,2020,01,30,0.180119,0.015360396,58.785714285714285,0.030244395,0.036340367,0.115006104,0.024780907,0.17348441
2888,2020-01-31,2020,01,31,0.11129763,0.021578088,33.166666666666664,0.36037168,0.12922147,0.29780182,0.06893725,0.09754911
2889,2020-02-01,2020,02,01,0.051357906,0.011389967,173.95238095238096,0.4673893,0.16433543,0.35215676,0.083635986,0.044214625
2890,2020-02-02,2020,02,02,0.10869353,0.017728837,2.6666666666666665,0.4605058,0.118797876,0.3344238,0.05568398,0.090739585
2891,2020-02-03,2020,02,03,0.17736553,0.023538243,1.2380952380952381,0.5941863,0.14485587,0.4195619,0.07169366,0.14345229
2892,2020-02-04,2020,02,04,0.16883981,0.01846088,17.261904761904763,0.11265437,0.047769036,0.15690538,0.0355166,0.15651265
2893,2020-02-05,2020,02,05,0.10391376,0.016846702,79.66666666666667,0.05200842,0.047728732,0.1279463,0.029136732,0.10002976
2894,2020-02-06,2020,02,06,0.098700665,0.016217364,35.214285714285715,0.14060146,0.09171284,0.18257627,0.052795272,0.092002854
2895,2020-02-07,2020,02,07,0.11992254,0.021779535,1.5,0.67597693,0.23676753,0.42940545,0.109913826,0.09931578
2896,2020-02-08,2020,02,08,0.07913718,0.011341223,0.2619047619047619,1.4709386,0.11206818,0.7703307,0.039756764,0.04959089
2897,2020-02-09,2020,02,09,0.1691443,0.020082746,2.8333333333333335,0.107977554,0.10327934,0.16173796,0.057208188,0.15941024
2898,2020-02-10,2020,02,10,0.15150176,0.01304162,238.88095238095238,0.052915968,0.031705555,0.13180815,0.0189468,0.14505632
2899,2020-02-11,2020,02,11,0.12962565,0.016465537,158.4047619047619,0.08497683,0.045850232,0.14949137,0.028710326,0.12335353
2900,2020-02-12,2020,02,12,0.11269724,0.014220795,26.571428571428573,0.109612785,0.057788458,0.1644632,0.03374844,0.10621795
2901,2020-02-13,2020,02,13,,,0.023809523809523808,,,,,
2902,2020-02-14,2020,02,14,0.09801066,0.012903535,1.6904761904761905,1.1784378,0.14929712,0.6595824,0.059778243,0.069051184
2903,2020-02-15,2020,02,15,0.1529581,0.016815314,0.7142857142857143,0.8440737,0.17822734,0.5244407,0.07498475,0.11761588
2904,2020-02-16,2020,02,16,0.11163313,0.021509651,67.19047619047619,0.112281285,0.0805672,0.16602626,0.04593648,0.105167955
2905,2020-02-17,2020,02,17,0.1331244,0.021826128,24.166666666666668,0.08646,0.060136102,0.15092741,0.03530859,0.12653519
2906,2020-02-18,2020,02,18,0.12879892,0.024914166,86.73809523809524,0.23826757,0.15771426,0.23477225,0.08932647,0.1176526
2907,2020-02-19,2020,02,19,0.08235564,0.012479028,224.02380952380952,0.56365937,0.20794687,0.39989778,0.105989054,0.06801235
2908,2020-02-20,2020,02,20,0.10028142,0.0160282,35.642857142857146,0.9100463,0.27299505,0.54924136,0.12399405,0.07548147
2909,2020-02-21,2020,02,21,0.1274962,0.03138577,73.5952380952381,0.6254218,0.2024304,0.4071309,0.0899902,0.11110015
2910,2020-02-22,2020,02,22,0.15729329,0.013143386,112.52380952380952,0.23470657,0.062458385,0.23520766,0.034420475,0.1429659
2911,2020-02-23,2020,02,23,0.13950516,0.017627755,1.0476190476190477,0.49944878,0.114640534,0.3773805,0.05739866,0.11570319
2912,2020-02-24,2020,02,24,0.07749095,0.023319082,0.09523809523809523,0.040135846,0.07002621,0.12437433,0.042217582,0.0746147
2913,2020-02-25,2020,02,25,0.15900598,0.017339572,109.5952380952381,0.05749563,0.05061752,0.12198296,0.036753852,0.15238963
2914,2020-02-26,2020,02,26,0.13372418,0.041514553,82.88095238095238,0.50961643,0.23270142,0.3611087,0.11218156,0.11490319
2915,2020-02-27,2020,02,27,0.2658113,0.061224278,0.11904761904761904,0.4371074,0.075638115,0.33334702,0.042188782,0.21939778
2916,2020-02-28,2020,02,28,0.074757546,0.019672688,260.1190476190476,0.69036,0.25030157,0.45815015,0.121823184,0.060680274
2917,2020-02-29,2020,02,29,0.21976987,0.012514018,0.14285714285714285,0.58783394,0.061495524,0.40263373,0.0054674,0.17403579
2918,2020-03-01,2020,03,01,0.19441515,0.030505883,10.785714285714286,0.4072394,0.13022545,0.3206485,0.06535209,0.16412044
2919,2020-03-02,2020,03,02,0.19418931,0.016947772,32.07142857142857,0.16715467,0.064664215,0.19593611,0.035722267,0.17764838
2920,2020-03-03,2020,03,03,0.21329045,0.016969385,76.04761904761905,0.10391465,0.058900435,0.15491298,0.039825533,0.20033915
2921,2020-03-04,2020,03,04,0.21083558,0.026696038,9.428571428571429,0.27468187,0.08783022,0.24527211,0.05109537,0.18693651
2922,2020-03-05,2020,03,05,0.11423841,0.019570706,91.64285714285714,0.5019227,0.20069036,0.37104285,0.101585835,0.09576346
2923,2020-03-06,2020,03,06,0.10402961,0.022965856,77.11904761904762,0.80471885,0.24716473,0.4959488,0.11551083,0.08265622
2924,2020-03-07,2020,03,07,0.089364685,0.023799963,43.07142857142857,1.1011308,0.27106893,0.62405366,0.11299538,0.06475058
2925,2020-03-08,2020,03,08,0.09359849,0.03232148,24.547619047619047,0.7687196,0.23588285,0.4670529,0.1041971,0.07871293
2926,2020-03-09,2020,03,09,0.116801746,0.02857296,63.095238095238095,0.59957236,0.18290518,0.40684354,0.085690305,0.09910638
2927,2020-03-10,2020,03,10,0.088965036,0.02263941,171.64285714285714,0.45678118,0.19055793,0.34842867,0.09574888,0.07476271
2928,2020-03-11,2020,03,11,0.1040371,0.0141130565,27.38095238095238,0.918802,0.23057595,0.55721825,0.099174574,0.077150196
2929,2020-03-12,2020,03,12,0.085644335,0.013232214,28.357142857142858,0.87802297,0.24503112,0.53516006,0.107944205,0.063238814
2930,2020-03-13,2020,03,13,0.09239125,0.02225987,15.380952380952381,0.7978047,0.32437435,0.49976352,0.13780199,0.07283565
2931,2020-03-14,2020,03,14,0.11784614,0.035645943,22.952380952380953,0.9123223,0.283309,0.5487613,0.12398213,0.09075485
2932,2020-03-15,2020,03,15,0.12895207,0.025344253,24.738095238095237,0.7408461,0.25062698,0.47804862,0.11867575,0.10306712
2933,2020-03-16,2020,03,16,0.11779237,0.020427778,33.92857142857143,0.5939655,0.1867569,0.41396344,0.08929193,0.09559316
2934,2020-03-17,2020,03,17,0.11876922,0.020372888,20.523809523809526,0.7943055,0.23271172,0.4973126,0.10363633,0.090080425
2935,2020-03-18,2020,03,18,0.08215845,0.008930134,41.23809523809524,0.5157328,0.13819525,0.37069777,0.06662787,0.06814118
2936,2020-03-19,2020,03,19,0.09193851,0.032051053,72.78571428571429,0.6410205,0.27087516,0.420487,0.12126733,0.07930023
2937,2020-03-20,2020,03,20,0.1626108,0.034133248,24.19047619047619,0.5093612,0.23157825,0.36913887,0.11931442,0.13761047
2938,2020-03-21,2020,03,21,0.09880699,0.023553248,155.45238095238096,0.41342345,0.21013017,0.32394582,0.10511153,0.08579799
2939,2020-03-22,2020,03,22,0.16135232,0.05971247,55.61904761904762,0.3209638,0.1574282,0.27225828,0.0858028,0.1390791
2940,2020-03-23,2020,03,23,0.08814447,0.018465512,75.0,0.5675727,0.23519608,0.38308215,0.11340532,0.074693926
2941,2020-03-24,2020,03,24,0.11953107,0.03625484,1.8095238095238095,1.1002849,0.3025287,0.6283579,0.12517378,0.08637504
2942,2020-03-25,2020,03,25,0.14942011,0.03728595,22.5,0.6746878,0.24487671,0.4393281,0.11023925,0.12421909
2943,2020-03-26,2020,03,26,0.13682015,0.022864627,81.42857142857143,0.5883013,0.15835913,0.418489,0.076250754,0.11043926
2944,2020-03-27,2020,03,27,0.14703603,0.02041067,57.30952380952381,0.7305068,0.14214452,0.4828084,0.065571055,0.112727374
2945,2020-03-28,2020,03,28,0.225507,0.040772162,15.595238095238095,0.49473166,0.1747175,0.35862723,0.092730254,0.1878054
2946,2020-03-29,2020,03,29,0.12622696,0.034625035,7.857142857142857,0.62373525,0.27901375,0.42785034,0.13570167,0.10294055
2947,2020-03-30,2020,03,30,0.21087918,0.038986214,7.666666666666667,0.49628156,0.13361111,0.36904722,0.06731836,0.17499636
2948,2020-03-31,2020,03,31,0.19849269,0.039561898,5.690476190476191,0.35746932,0.11298728,0.30182627,0.063052125,0.17069976
2949,2020-04-01,2020,04,01,,,0.0,,,,,
2950,2020-04-02,2020,04,02,0.12561691,0.016781837,16.19047619047619,0.07464064,0.06533632,0.13988324,0.040139824,0.11892555
2951,2020-04-03,2020,04,03,0.13001609,0.0115273055,1.4523809523809523,0.050356507,0.06331384,0.12942393,0.04032567,0.12375512
2952,2020-04-04,2020,04,04,0.11383262,0.03828984,0.6666666666666666,1.5798764,0.15956509,0.81018734,0.059020516,0.067262575
2953,2020-04-05,2020,04,05,0.14482836,0.0306032,58.285714285714285,0.94152015,0.22655678,0.5623604,0.09573614,0.109630294
2954,2020-04-06,2020,04,06,0.1409284,0.024593957,54.54761904761905,0.7994843,0.24713063,0.507994,0.11223761,0.1081756
2955,2020-04-07,2020,04,07,0.09140084,0.016946927,64.88095238095238,0.9951167,0.22027726,0.58922684,0.09227367,0.06524782
2956,2020-04-08,2020,04,08,0.08984323,0.01086277,50.30952380952381,0.79507434,0.17636418,0.5096676,0.07691341,0.06770618
2957,2020-04-09,2020,04,09,0.12837495,0.044998784,5.5476190476190474,0.9742108,0.39429727,0.570743,0.16349773,0.09630517
2958,2020-04-10,2020,04,10,0.19819823,0.020478552,18.928571428571427,0.69466186,0.17806351,0.45901027,0.07881673,0.15543306
2959,2020-04-11,2020,04,11,0.15402687,0.024912827,16.642857142857142,1.0473353,0.23787543,0.6119835,0.09598221,0.108925804
2960,2020-04-12,2020,04,12,0.094604455,0.01270402,5.666666666666667,1.4065131,0.15717722,0.74646443,0.057805747,0.059969876
2961,2020-04-13,2020,04,13,0.11280199,0.025690505,4.238095238095238,0.76011217,0.28744334,0.46938595,0.13341066,0.09067356
2962,2020-04-14,2020,04,14,,,0.0,,,,,
2963,2020-04-15,2020,04,15,0.16904505,0.023100233,20.857142857142858,0.3659024,0.14769483,0.3003227,0.078810975,0.14833671
2964,2020-04-16,2020,04,16,0.1515116,0.017751776,6.785714285714286,0.49388155,0.14334528,0.37244093,0.07239659,0.1266825
2965,2020-04-17,2020,04,17,0.13604598,0.016182266,39.5,0.6154281,0.18913251,0.4287801,0.09261311,0.10873891
2966,2020-04-18,2020,04,18,0.12670673,0.019500734,14.976190476190476,0.73457015,0.20374107,0.47118858,0.098622754,0.10167848
2967,2020-04-19,2020,04,19,0.25549194,0.061520644,2.5476190476190474,0.4633155,0.19736579,0.34611127,0.10096669,0.21386038
2968,2020-04-20,2020,04,20,0.13343036,0.03135648,6.095238095238095,0.98280615,0.22901237,0.5800765,0.096798435,0.10091037
2969,2020-04-21,2020,04,21,0.12621184,0.020656327,20.523809523809526,0.67601365,0.16645087,0.43826625,0.07985016,0.10361952
2970,2020-04-22,2020,04,22,0.19134222,0.025842777,89.30952380952381,0.13962403,0.092177056,0.16382007,0.057586268,0.17703441
2971,2020-04-23,2020,04,23,0.15334176,0.034936752,92.52380952380952,0.2918177,0.16456366,0.2505974,0.096731745,0.1378241
2972,2020-04-24,2020,04,24,0.09527762,0.015143229,104.19047619047619,0.4914375,0.1513552,0.35701385,0.073920704,0.08046675
2973,2020-04-25,2020,04,25,0.16017897,0.030891372,2.9047619047619047,0.14947273,0.14933874,0.1827621,0.08869791,0.15006635
2974,2020-04-26,2020,04,26,0.06715743,0.024613423,49.595238095238095,0.7278178,0.2480885,0.44473502,0.11559794,0.061106794
2975,2020-04-27,2020,04,27,0.09277806,0.021351257,293.6190476190476,0.44512266,0.17994666,0.34193516,0.09086792,0.07989986
2976,2020-04-28,2020,04,28,0.17044915,0.03650069,18.857142857142858,0.14255475,0.13954514,0.16482562,0.08643101,0.15964465
2977,2020-04-29,2020,04,29,,,0.0,,,,,
2978,2020-04-30,2020,04,30,0.06845705,0.023572953,4.214285714285714,0.34144163,0.3612505,0.2645371,0.17933407,0.061346553
2979,2020-05-01,2020,05,01,0.112754665,0.037199713,28.857142857142858,0.263723,0.25513703,0.2427008,0.12918977,0.10439313
2980,2020-05-02,2020,05,02,0.093267776,0.018074358,241.3095238095238,0.5418587,0.23029114,0.3872225,0.112143114,0.07838556
2981,2020-05-03,2020,05,03,0.10567808,0.014687527,37.595238095238095,0.77137214,0.2080742,0.49143705,0.095682055,0.08010607
2982,2020-05-04,2020,05,04,0.08404216,0.0087808035,170.5,0.31984782,0.11989363,0.27606368,0.06483624,0.074285954
2983,2020-05-05,2020,05,05,0.06370282,0.0098386435,58.523809523809526,0.7149381,0.23092435,0.44771737,0.10320552,0.05167848
2984,2020-05-06,2020,05,06,,,0.0,,,,,
2985,2020-05-07,2020,05,07,0.124941714,0.02044676,146.1904761904762,0.15165439,0.06031512,0.18795802,0.035560917,0.11734677
2986,2020-05-08,2020,05,08,0.14274964,0.026790807,134.3095238095238,0.17175514,0.12555993,0.18965319,0.07771205,0.13373967
2987,2020-05-09,2020,05,09,0.10330599,0.016684962,108.66666666666667,0.42476445,0.20588954,0.3272892,0.112929195,0.089125946
2988,2020-05-10,2020,05,10,0.07188729,0.019214341,81.35714285714286,0.7603073,0.32236582,0.46616623,0.14699236,0.05879325
2989,2020-05-11,2020,05,11,0.0823887,0.01744233,12.119047619047619,0.66416115,0.21865945,0.4223526,0.09507679,0.07029471
2990,2020-05-12,2020,05,12,0.09016424,0.022849625,94.52380952380952,0.68057376,0.27233574,0.44684294,0.123507746,0.07425963
2991,2020-05-13,2020,05,13,0.13655932,0.031176755,118.26190476190476,0.31938905,0.15583286,0.27564576,0.082185276,0.121378064
2992,2020-05-14,2020,05,14,0.082883984,0.01654681,63.92857142857143,0.75549114,0.3432949,0.47217906,0.16050535,0.06579427
2993,2020-05-15,2020,05,15,0.07633292,0.012967912,14.857142857142858,0.72403544,0.38193104,0.4616123,0.17516486,0.05990955
2994,2020-05-16,2020,05,16,0.050144143,0.013789087,0.4523809523809524,0.67445654,0.64450955,0.42287913,0.29423162,0.040876348
2995,2020-05-17,2020,05,17,0.10245897,0.033520833,35.357142857142854,0.49700353,0.31850496,0.34193957,0.14568128,0.09252646
2996,2020-05-18,2020,05,18,0.09695369,0.025342284,101.0,0.6699337,0.24609715,0.43713552,0.114163674,0.08124922
2997,2020-05-19,2020,05,19,0.0921915,0.015166396,168.54761904761904,0.23255652,0.12248987,0.23453104,0.068415314,0.08290931
2998,2020-05-20,2020,05,20,0.09210885,0.010528184,53.595238095238095,0.23556547,0.122934006,0.2338697,0.06758993,0.08253115
2999,2020-05-21,2020,05,21,0.099064946,0.008986952,0.7857142857142857,1.1744295,0.11142697,0.6392981,0.04405898,0.067929484
3000,2020-05-22,2020,05,22,0.1437499,0.03908421,0.7142857142857143,0.49327904,0.29648432,0.35835502,0.1472423,0.122206986
3001,2020-05-23,2020,05,23,,,0.047619047619047616,,,,,
3002,2020-05-24,2020,05,24,,,0.023809523809523808,,,,,
3003,2020-05-25,2020,05,25,0.17197362,0.029422201,14.142857142857142,0.27874428,0.17356557,0.25195634,0.09836386,0.15159108
3004,2020-05-26,2020,05,26,0.08648811,0.013058705,26.11904761904762,0.6952184,0.20816068,0.44708332,0.10118224,0.06949767
3005,2020-05-27,2020,05,27,0.120073706,0.048499417,0.8571428571428571,0.7799778,0.32691336,0.49294305,0.13663346,0.095889725
3006,2020-05-28,2020,05,28,0.098180436,0.029566782,105.61904761904762,0.6371923,0.27877185,0.43058023,0.12688138,0.07998584
3007,2020-05-29,2020,05,29,0.06423303,0.017663822,265.0,0.89022344,0.35351935,0.5423341,0.15560119,0.048419308
3008,2020-05-30,2020,05,30,0.08105747,0.01725244,149.14285714285714,0.8189089,0.35014758,0.50168484,0.16325125,0.0640262
3009,2020-05-31,2020,05,31,0.12588608,0.035605207,7.190476190476191,0.76468146,0.33065075,0.46298197,0.14832734,0.101574846
3010,2020-06-01,2020,06,01,,,0.0,,,,,
3011,2020-06-02,2020,06,02,0.15353161,0.028359026,5.380952380952381,0.54952455,0.18350562,0.39677373,0.09055166,0.12693486
3012,2020-06-03,2020,06,03,0.12897637,0.03209869,88.61904761904762,0.60094666,0.2615743,0.41693527,0.12693198,0.10557424
3013,2020-06-04,2020,06,04,0.13493295,0.021668175,33.166666666666664,0.76764977,0.20598911,0.49436995,0.093915895,0.1032747
3014,2020-06-05,2020,06,05,0.18579113,0.013014279,8.785714285714286,0.49389797,0.1434365,0.36179814,0.07131367,0.15266484
3015,2020-06-06,2020,06,06,0.08013722,0.013661684,0.2619047619047619,1.0148358,0.64962167,0.57395065,0.2805633,0.058326162
3016,2020-06-07,2020,06,07,,,0.0,,,,,
3017,2020-06-08,2020,06,08,0.12375797,0.022207685,13.119047619047619,0.041707467,0.03768683,0.12528306,0.02262981,0.118782975
3018,2020-06-09,2020,06,09,0.115593866,0.019597692,284.23809523809524,0.040230654,0.038005114,0.12385489,0.024229506,0.11103543
3019,2020-06-10,2020,06,10,0.09443897,0.016198723,164.45238095238096,0.17178826,0.080379106,0.19740225,0.048581365,0.086838715
3020,2020-06-11,2020,06,11,0.06651472,0.010823106,79.5952380952381,0.636271,0.17663163,0.42656237,0.08424549,0.053448733
3021,2020-06-12,2020,06,12,,,0.0,,,,,
3022,2020-06-13,2020,06,13,0.10948577,0.01767257,35.785714285714285,0.43393055,0.146428,0.33859462,0.0733107,0.09358418
3023,2020-06-14,2020,06,14,0.09405631,0.016643336,6.880952380952381,0.8561353,0.2571297,0.5267357,0.1097111,0.07127195
3024,2020-06-15,2020,06,15,0.1305099,0.018618545,18.69047619047619,0.13391805,0.10430298,0.16988327,0.06280283,0.12240648
3025,2020-06-16,2020,06,16,0.11679179,0.01274542,9.476190476190476,0.39598182,0.15010223,0.29984573,0.07664929,0.10148979
3026,2020-06-17,2020,06,17,0.13012521,0.009815845,0.30952380952380953,0.005642758,0.014049538,0.10357899,0.008470253,0.12592302
3027,2020-06-18,2020,06,18,,,0.0,,,,,
3028,2020-06-19,2020,06,19,0.14840926,0.018489087,11.0,0.43957058,0.115399,0.3465383,0.05945939,0.12540086
3029,2020-06-20,2020,06,20,0.100776955,0.009408546,49.333333333333336,0.736824,0.15267569,0.48682812,0.071252026,0.076868065
3030,2020-06-21,2020,06,21,0.09936904,0.017133377,7.714285714285714,0.8343841,0.34377456,0.50238526,0.15883501,0.07883839
3031,2020-06-22,2020,06,22,,,0.0,,,,,
3032,2020-06-23,2020,06,23,0.24985461,0.018290062,0.16666666666666666,0.30043426,0.06966577,0.2620263,0.04805453,0.21736142
3033,2020-06-24,2020,06,24,0.13637929,0.038465936,30.357142857142858,0.19384617,0.13458078,0.20673804,0.084108196,0.12602685
3034,2020-06-25,2020,06,25,0.10877979,0.010447262,0.8809523809523809,1.3182153,0.12813194,0.7176646,0.047183033,0.070302
3035,2020-06-26,2020,06,26,,,0.023809523809523808,,,,,
3036,2020-06-27,2020,06,27,,,0.047619047619047616,,,,,
3037,2020-06-28,2020,06,28,,,0.0,,,,,
3038,2020-06-29,2020,06,29,0.17101729,0.020796616,0.7142857142857143,0.6383441,0.098916635,0.43609816,0.043703176,0.13726015
3039,2020-06-30,2020,06,30,0.15645729,0.01028514,0.16666666666666666,0.63936806,0.109286085,0.44581982,0.052375827,0.12403512
3040,2020-07-01,2020,07,01,0.13512266,0.017838355,0.9523809523809523,0.7596067,0.23295414,0.4945547,0.10682867,0.10357745
3041,2020-07-02,2020,07,02,0.108112335,0.0050347387,1.6666666666666667,0.93064994,0.25131574,0.5659015,0.11383084,0.07815405
3042,2020-07-03,2020,07,03,0.068526894,0.006268835,1.119047619047619,0.3578242,0.34008375,0.29046744,0.16545239,0.058891747
3043,2020-07-04,2020,07,04,0.16088043,0.020328077,1.6428571428571428,0.56043786,0.14773622,0.3973042,0.07951043,0.13267772
3044,2020-07-05,2020,07,05,0.13497154,0.024331646,94.07142857142857,0.4035734,0.15343906,0.31090924,0.07891704,0.120268896
3045,2020-07-06,2020,07,06,0.13274957,0.019315444,226.0952380952381,0.053736355,0.05851094,0.12871666,0.039999813,0.12695985
3046,2020-07-07,2020,07,07,0.17202333,0.03178978,1.9761904761904763,-0.011656506,0.033114985,0.08636154,0.034433026,0.16786501
3047,2020-07-08,2020,07,08,,,0.0,,,,,
3048,2020-07-09,2020,07,09,,,0.0,,,,,
3049,2020-07-10,2020,07,10,,,0.0,,,,,
3050,2020-07-11,2020,07,11,0.16525324,0.029471733,37.30952380952381,0.11550816,0.111472085,0.16361241,0.06592706,0.15591075
3051,2020-07-12,2020,07,12,0.17685953,0.03733325,29.023809523809526,-0.008231455,0.08427776,0.07455374,0.06606881,0.17272885
3052,2020-07-13,2020,07,13,0.15444452,0.045386653,15.523809523809524,0.054963764,0.13083047,0.1074469,0.08242242,0.14961135
3053,2020-07-14,2020,07,14,,,0.0,,,,,
3054,2020-07-15,2020,07,15,0.13819131,0.017506326,2.7857142857142856,0.20137219,0.13233571,0.21547566,0.072919965,0.12743595
3055,2020-07-16,2020,07,16,0.11658936,0.01893284,13.523809523809524,0.21441674,0.11594648,0.22298327,0.06388658,0.10626046
3056,2020-07-17,2020,07,17,0.09778283,0.016721519,10.380952380952381,1.2695314,0.22099514,0.6878328,0.09166203,0.06541679
3057,2020-07-18,2020,07,18,0.09761715,0.019825969,11.476190476190476,1.1492082,0.24829972,0.6290841,0.10788911,0.07647696
3058,2020-07-19,2020,07,19,0.18415453,0.04281668,7.619047619047619,0.9938864,0.045163345,0.53106266,0.020438788,0.17524588
3059,2020-07-20,2020,07,20,,,0.07142857142857142,,,,,
3060,2020-07-21,2020,07,21,0.13409065,0.019124573,0.2857142857142857,0.96474206,0.21180893,0.5842413,0.08500722,0.09637225
3061,2020-07-22,2020,07,22,0.106981106,0.009189811,0.19047619047619047,1.3243777,0.21423262,0.7208128,0.07367254,0.0699858
3062,2020-07-23,2020,07,23,0.07854467,0.013221974,3.857142857142857,1.3203605,0.28442037,0.7077742,0.11601769,0.05164862
3063,2020-07-24,2020,07,24,0.080664426,0.011095174,0.5952380952380952,1.1681385,0.4704553,0.64637065,0.20657504,0.054890934
3064,2020-07-25,2020,07,25,0.15458092,0.027634628,3.761904761904762,0.92265695,0.25607973,0.56192493,0.10975196,0.1124239
3065,2020-07-26,2020,07,26,0.13646345,0.018648956,3.2857142857142856,1.0424993,0.21496442,0.60931396,0.09086452,0.09614042
3066,2020-07-27,2020,07,27,0.12623301,0.006440198,0.5952380952380952,0.70792246,0.17804354,0.47411388,0.08894187,0.09744756
3067,2020-07-28,2020,07,28,0.074539155,0.008041994,1.6666666666666667,1.4075915,0.09806704,0.74892324,0.034897115,0.04789353
3068,2020-07-29,2020,07,29,0.05595851,0.009836636,1.6666666666666667,1.4834582,0.03916723,0.7741328,0.014955522,0.034931324
3069,2020-07-30,2020,07,30,0.06474652,0.027929302,0.21428571428571427,1.3605605,0.21853143,0.73243135,0.07630335,0.042363606
3070,2020-07-31,2020,07,31,,,0.047619047619047616,,,,,
3071,2020-08-01,2020,08,01,0.14092669,0.029601783,65.0,0.2715189,0.19243225,0.24324168,0.10305898,0.1293306
3072,2020-08-02,2020,08,02,0.1595106,0.025061471,65.28571428571429,0.3513423,0.18206605,0.28405142,0.102203935,0.13898313
3073,2020-08-03,2020,08,03,0.13407364,0.018799057,85.61904761904762,0.5011224,0.12716943,0.35731894,0.07021767,0.11342026
3074,2020-08-04,2020,08,04,,,0.0,,,,,
3075,2020-08-05,2020,08,05,0.104798175,0.017602718,1.880952380952381,1.0176878,0.19972035,0.6049913,0.07837934,0.07389277
3076,2020-08-06,2020,08,06,0.08724199,0.037081245,10.071428571428571,1.1367799,0.3530655,0.63699496,0.14701322,0.0639422
3077,2020-08-07,2020,08,07,0.08082271,0.016704727,93.5,0.53194135,0.26060382,0.36188468,0.12274016,0.06912345
3078,2020-08-08,2020,08,08,0.10409606,0.008902383,17.285714285714285,0.2298623,0.1271905,0.22698931,0.06884392,0.09371429
3079,2020-08-09,2020,08,09,,,0.07142857142857142,,,,,
3080,2020-08-10,2020,08,10,0.15742932,0.023377597,6.238095238095238,0.5434909,0.12367858,0.39715198,0.059819013,0.12866905
3081,2020-08-11,2020,08,11,0.104413465,0.014684137,11.5,0.8476068,0.19951677,0.53368616,0.08825071,0.07832452
3082,2020-08-12,2020,08,12,0.063854344,0.011233091,14.30952380952381,1.2555016,0.31198403,0.68970877,0.124532364,0.04267573
3083,2020-08-13,2020,08,13,0.107431084,0.020592354,5.4523809523809526,0.7062529,0.29124144,0.45585236,0.13415997,0.0875276
3084,2020-08-14,2020,08,14,0.07910035,0.016756482,46.69047619047619,0.7555112,0.2993041,0.47065026,0.14293292,0.063333474
3085,2020-08-15,2020,08,15,0.12433807,0.043132097,4.714285714285714,0.88713676,0.30873862,0.51509285,0.13812272,0.1063929
3086,2020-08-16,2020,08,16,0.18096763,0.029660633,9.166666666666666,0.56008595,0.15650967,0.4007638,0.0789177,0.14819151
3087,2020-08-17,2020,08,17,0.16326596,0.037495937,123.57142857142857,0.82482165,0.268312,0.5116873,0.12055924,0.12651744
3088,2020-08-18,2020,08,18,0.18888132,0.03891193,231.52380952380952,0.8081921,0.3040703,0.5023843,0.15260859,0.13797385
3089,2020-08-19,2020,08,19,0.44464523,0.13053653,89.5952380952381,1.2444186,0.21669142,0.7017921,0.09772026,0.2787762
3090,2020-08-20,2020,08,20,0.66348237,0.21691951,13.023809523809524,1.4138305,0.26242512,0.7573118,0.10506523,0.3706917
3091,2020-08-21,2020,08,21,0.6041086,0.16032693,5.142857142857143,1.3053594,0.15428716,0.73815155,0.066250935,0.38198134
3092,2020-08-22,2020,08,22,0.2863207,0.04362378,21.61904761904762,0.9171147,0.24873617,0.55503446,0.11876084,0.2064292
3093,2020-08-23,2020,08,23,0.28706613,0.06776824,10.452380952380953,1.2590538,0.19622204,0.71472675,0.08178171,0.18370304
3094,2020-08-24,2020,08,24,0.18371132,0.029652428,18.928571428571427,1.0513842,0.1524376,0.6137887,0.06684285,0.1273741
3095,2020-08-25,2020,08,25,0.18511468,0.027467415,0.9047619047619048,1.7065085,0.35895157,0.8673443,0.13562876,0.10378729
3096,2020-08-26,2020,08,26,,,0.0,,,,,
3097,2020-08-27,2020,08,27,0.2348213,0.0168771,5.023809523809524,0.89262885,0.19220763,0.5419436,0.08718234,0.17164752
3098,2020-08-28,2020,08,28,0.15266924,0.015556103,9.595238095238095,0.24938162,0.096373565,0.24166325,0.05406063,0.13619655
3099,2020-08-29,2020,08,29,0.11660458,0.0091686165,6.166666666666667,0.5277625,0.11320244,0.3869985,0.057395864,0.09472596
3100,2020-08-30,2020,08,30,0.19198261,0.033396408,0.6428571428571429,1.5742933,0.10895895,0.8247304,0.04344672,0.110601075
3101,2020-08-31,2020,08,31,,,0.0,,,,,
3102,2020-09-01,2020,09,01,0.19296983,0.04362672,2.6904761904761907,1.1589415,0.4119358,0.6475022,0.17771126,0.13490725
3103,2020-09-02,2020,09,02,0.136746,0.015977038,44.19047619047619,1.1517907,0.21746908,0.6541653,0.08803009,0.093430676
3104,2020-09-03,2020,09,03,0.08749337,0.013038199,10.69047619047619,1.3237456,0.21502838,0.7143401,0.08827564,0.057922695
3105,2020-09-04,2020,09,04,0.12442811,0.012351946,8.380952380952381,0.56092554,0.19195402,0.39821997,0.09321756,0.100499734
3106,2020-09-05,2020,09,05,0.15825674,0.018045465,29.547619047619047,0.31670937,0.14594725,0.2699866,0.07635147,0.14230973
3107,2020-09-06,2020,09,06,0.1922799,0.026257124,21.11904761904762,0.16168381,0.12732644,0.18980296,0.07775647,0.17904459
3108,2020-09-07,2020,09,07,0.20613445,0.025560165,161.38095238095238,0.32085845,0.13351756,0.27110147,0.07826457,0.18102515
3109,2020-09-08,2020,09,08,0.2286107,0.03683569,263.3333333333333,0.79975796,0.18393783,0.5088415,0.09254728,0.16591345
3110,2020-09-09,2020,09,09,0.8601979,0.044219304,0.3333333333333333,1.6605868,0.06325826,0.8798789,0.019994646,0.49173018
3111,2020-09-10,2020,09,10,1.2142895,0.21134739,13.571428571428571,1.5607141,0.055046532,0.84846425,0.017827308,0.71498716
3112,2020-09-11,2020,09,11,0.22231852,0.04660036,8.333333333333334,1.6486348,0.20383434,0.8405696,0.07716544,0.12110136
3113,2020-09-12,2020,09,12,0.7313367,0.14952123,114.26190476190476,1.4997287,0.12127917,0.8157897,0.04749585,0.42833236
3114,2020-09-13,2020,09,13,0.61820626,0.12006752,124.07142857142857,1.4615065,0.16574404,0.7974902,0.06717648,0.36413205
3115,2020-09-14,2020,09,14,0.46989593,0.08817666,68.71428571428571,1.5874398,0.12191687,0.84341586,0.04872208,0.27210858
3116,2020-09-15,2020,09,15,0.43561754,0.05031246,55.69047619047619,1.381145,0.1392524,0.76412815,0.05513068,0.2674293
3117,2020-09-16,2020,09,16,0.27395543,0.04902175,16.333333333333332,0.5835689,0.07929224,0.3596987,0.04136715,0.2217981
3118,2020-09-17,2020,09,17,0.1543503,0.028774047,38.023809523809526,0.7955059,0.25748911,0.49949107,0.11254223,0.12142653
3119,2020-09-18,2020,09,18,0.11403481,0.020900132,192.6904761904762,0.96802616,0.27044725,0.5738521,0.12030927,0.08317706
3120,2020-09-19,2020,09,19,0.120780945,0.017792698,139.47619047619048,0.46356702,0.21219344,0.34709865,0.11322354,0.10164635
3121,2020-09-20,2020,09,20,0.10618683,0.012810856,68.5952380952381,0.4747421,0.16129568,0.35373664,0.084789306,0.089128636
3122,2020-09-21,2020,09,21,0.2546926,0.03372046,1.5714285714285714,0.9801506,0.16035411,0.6073245,0.07537328,0.17734078
3123,2020-09-22,2020,09,22,0.20183533,0.01740607,6.714285714285714,1.3029252,0.1505772,0.7178767,0.06276348,0.13112399
3124,2020-09-23,2020,09,23,0.13672562,0.026322262,50.976190476190474,0.2330631,0.143586,0.23123936,0.08135291,0.12454063
3125,2020-09-24,2020,09,24,0.12661222,0.029102853,57.166666666666664,0.1987896,0.15279284,0.20773144,0.08729036,0.117333494
3126,2020-09-25,2020,09,25,0.08749422,0.020989582,69.52380952380952,0.33782148,0.15685065,0.27691033,0.08161201,0.078339316
3127,2020-09-26,2020,09,26,0.14214428,0.013237414,0.7142857142857143,0.44669047,0.15007795,0.34325066,0.08700174,0.11976478
3128,2020-09-27,2020,09,27,0.106200315,0.015320703,1.1904761904761905,0.9942886,0.23814392,0.5901564,0.09522155,0.07640198
3129,2020-09-28,2020,09,28,0.07840877,0.019992692,3.0714285714285716,1.2184181,0.29102668,0.6774755,0.109382205,0.053286694
3130,2020-09-29,2020,09,29,0.099604495,0.013224899,73.21428571428571,1.2149409,0.1986652,0.6765608,0.07830565,0.067957625
3131,2020-09-30,2020,09,30,0.081001975,0.012713919,94.92857142857143,1.0062729,0.22236192,0.5851641,0.09853728,0.060820013
3132,2020-10-01,2020,10,01,0.15739952,0.016419962,40.95238095238095,0.3914049,0.14650486,0.31658813,0.080872335,0.1359725
3133,2020-10-02,2020,10,02,0.1293935,0.0476432,68.78571428571429,1.1683747,0.22709747,0.64123434,0.09798033,0.09434978
3134,2020-10-03,2020,10,03,0.1704978,0.041007295,141.5,0.96249187,0.18941836,0.57939035,0.07893481,0.12279082
3135,2020-10-04,2020,10,04,0.27324834,0.05260578,49.142857142857146,0.79583895,0.18553926,0.50746,0.08887508,0.19829129
3136,2020-10-05,2020,10,05,0.38807368,0.05331501,19.142857142857142,0.96282166,0.18218438,0.57881135,0.086345315,0.26918903
3137,2020-10-06,2020,10,06,0.23443936,0.037567113,23.928571428571427,0.96949714,0.27823684,0.57711583,0.13223049,0.16787945
3138,2020-10-07,2020,10,07,0.10365635,0.011178504,19.738095238095237,0.96584684,0.18295044,0.5771327,0.07728224,0.07553455
3139,2020-10-08,2020,10,08,0.15962821,0.037107505,14.0,0.6775218,0.23423836,0.4423237,0.11055085,0.13058323
3140,2020-10-09,2020,10,09,0.0950881,0.009053542,31.071428571428573,0.85980994,0.14121522,0.5376088,0.061033916,0.07097588
3141,2020-10-10,2020,10,10,0.06399351,0.010765781,122.64285714285714,0.8171991,0.2097944,0.49725738,0.09651269,0.04866762
3142,2020-10-11,2020,10,11,0.14160816,0.034772575,31.452380952380953,0.13997522,0.17838469,0.1575347,0.101120085,0.13348153
3143,2020-10-12,2020,10,12,0.16289265,0.019897161,58.642857142857146,0.08934987,0.07520396,0.14560872,0.048059132,0.15536882
3144,2020-10-13,2020,10,13,0.15330856,0.02310043,144.88095238095238,0.19323543,0.0869836,0.20891728,0.049650908,0.14183779
3145,2020-10-14,2020,10,14,0.14288233,0.021347256,196.83333333333334,0.17188507,0.090790205,0.1992872,0.0532476,0.13139395
3146,2020-10-15,2020,10,15,0.16569921,0.024318727,86.0952380952381,0.40695822,0.14991876,0.3172275,0.075161986,0.14474772
3147,2020-10-16,2020,10,16,0.12826109,0.015965315,101.5952380952381,0.74476975,0.23268647,0.48147187,0.10984295,0.10040607
3148,2020-10-17,2020,10,17,0.102680035,0.01690383,153.26190476190476,0.7190974,0.23639938,0.47184166,0.112349495,0.08054189
3149,2020-10-18,2020,10,18,0.17318809,0.03189935,49.476190476190474,0.48216859,0.20747092,0.35293233,0.10179953,0.14682497
3150,2020-10-19,2020,10,19,0.12260559,0.020417608,36.76190476190476,0.39039072,0.15936266,0.31362033,0.080632456,0.10741498
3151,2020-10-20,2020,10,20,,,0.023809523809523808,,,,,
3152,2020-10-21,2020,10,21,,,0.0,,,,,
3153,2020-10-22,2020,10,22,0.069948986,0.013097968,0.42857142857142855,1.4545896,0.23280932,0.7624017,0.08949214,0.04406854
3154,2020-10-23,2020,10,23,,,0.0,,,,,
3155,2020-10-24,2020,10,24,0.13455988,0.027173687,0.8571428571428571,0.43243054,0.095833175,0.34405863,0.050158642,0.1140724
3156,2020-10-25,2020,10,25,0.08781239,0.017450482,66.30952380952381,0.5607312,0.19393383,0.39957222,0.090803325,0.07284273
3157,2020-10-26,2020,10,26,0.09459184,0.0156005435,3.7142857142857144,0.7357514,0.23704028,0.47326285,0.10795565,0.074107155
3158,2020-10-27,2020,10,27,0.12407499,0.017404847,85.71428571428571,0.4780431,0.13228706,0.35986722,0.06461245,0.10248821
3159,2020-10-28,2020,10,28,0.16364864,0.024151495,93.26190476190476,0.6377451,0.1401683,0.43870887,0.06912801,0.12809713
3160,2020-10-29,2020,10,29,0.12610249,0.017739171,128.78571428571428,0.57532424,0.12134868,0.41171163,0.05970534,0.10224393
3161,2020-10-30,2020,10,30,0.116919436,0.012431741,38.92857142857143,0.44942293,0.114026785,0.345601,0.05828752,0.100449
3162,2020-10-31,2020,10,31,0.09456839,0.006481086,3.0238095238095237,0.57779807,0.11011398,0.4143908,0.053098463,0.07630534
3163,2020-11-01,2020,11,01,0.09642615,0.006925819,2.261904761904762,0.7733476,0.13477962,0.50297827,0.061782733,0.07282798
3164,2020-11-02,2020,11,02,0.11144098,0.018218145,43.95238095238095,0.7022233,0.14968777,0.46688744,0.07162741,0.08843605
3165,2020-11-03,2020,11,03,0.1533208,0.01921403,34.69047619047619,0.5080754,0.115287445,0.373287,0.05740115,0.12796886
3166,2020-11-04,2020,11,04,0.14534432,0.021236613,98.73809523809524,0.3541652,0.13766703,0.29685238,0.07419919,0.12694913
3167,2020-11-05,2020,11,05,0.16197288,0.013625364,2.619047619047619,0.6900586,0.14793599,0.46395388,0.07123736,0.12680127
3168,2020-11-06,2020,11,06,0.123612374,0.014192047,5.309523809523809,1.005574,0.19228078,0.5912555,0.07681755,0.08864475
3169,2020-11-07,2020,11,07,0.09887208,0.012946968,60.45238095238095,0.19338968,0.11691044,0.21027587,0.06381444,0.09036062
3170,2020-11-08,2020,11,08,0.12638505,0.01822288,65.21428571428571,0.36884466,0.12829337,0.30352968,0.06500853,0.111005254
3171,2020-11-09,2020,11,09,0.1898227,0.01605209,24.047619047619047,0.23052147,0.059595916,0.23512489,0.03343456,0.1710467
3172,2020-11-10,2020,11,10,0.13249457,0.011948545,2.2142857142857144,0.35419095,0.09080693,0.2996827,0.050798755,0.11433417
3173,2020-11-11,2020,11,11,0.06336144,0.0131562585,10.785714285714286,0.7655812,0.30903417,0.4822227,0.13698998,0.05002406
3174,2020-11-12,2020,11,12,0.047045827,0.008873148,87.54761904761905,1.0661776,0.25493467,0.6167859,0.10532229,0.033212177
3175,2020-11-13,2020,11,13,0.069790356,0.011367205,114.73809523809524,0.5164333,0.21613984,0.3691837,0.10279916,0.060497012
3176,2020-11-14,2020,11,14,0.09772592,0.017057981,28.166666666666668,0.5231147,0.1851925,0.37749475,0.08664681,0.08331762
3177,2020-11-15,2020,11,15,0.082214974,0.010549823,181.47619047619048,0.009290853,0.013813618,0.10577848,0.008327954,0.079698905
3178,2020-11-16,2020,11,16,0.069519505,0.01576557,247.23809523809524,0.12825322,0.09910374,0.17488718,0.05655516,0.06514574
3179,2020-11-17,2020,11,17,0.07151327,0.007776987,78.83333333333333,0.47258392,0.15755458,0.36125785,0.08137989,0.059065424
3180,2020-11-18,2020,11,18,0.06915935,0.013941596,88.57142857142857,0.78296787,0.24495763,0.49517208,0.111004986,0.053785507
3181,2020-11-19,2020,11,19,0.10041438,0.024924025,38.92857142857143,0.49959052,0.18262777,0.3632853,0.086928666,0.086594805
3182,2020-11-20,2020,11,20,0.12402357,0.029673193,52.80952380952381,0.08583077,0.054578733,0.15036936,0.031887855,0.11769365
3183,2020-11-21,2020,11,21,0.094787054,0.01673105,120.57142857142857,0.09228551,0.05816524,0.1529478,0.032497495,0.08916498
3184,2020-11-22,2020,11,22,0.07379974,0.010248291,217.52380952380952,0.15033272,0.08579202,0.18854398,0.049871713,0.06801543
3185,2020-11-23,2020,11,23,0.092988,0.0075501925,20.5,0.5676544,0.1051945,0.3872582,0.047348443,0.07760605
3186,2020-11-24,2020,11,24,0.11457908,0.0148716625,21.0,0.50663847,0.13783033,0.37181875,0.06510333,0.09669095
3187,2020-11-25,2020,11,25,0.08061172,0.014531001,7.214285714285714,0.7695071,0.19600783,0.5000044,0.08486801,0.06179638
3188,2020-11-26,2020,11,26,0.13222773,0.012871209,9.261904761904763,0.020303046,0.026747609,0.11241752,0.016125672,0.127648
3189,2020-11-27,2020,11,27,0.066020116,0.0066945395,51.69047619047619,0.18023562,0.09351274,0.2058577,0.053764462,0.060240082
3190,2020-11-28,2020,11,28,0.07813177,0.011108877,34.357142857142854,0.7363432,0.13120347,0.48509786,0.059249453,0.05959273
3191,2020-11-29,2020,11,29,0.089032754,0.025890494,91.80952380952381,0.49474308,0.16517068,0.365839,0.082201056,0.07583951
3192,2020-11-30,2020,11,30,0.16020362,0.024800144,25.571428571428573,0.107751384,0.054948695,0.15721147,0.036544174,0.1509536
3193,2020-12-01,2020,12,01,0.07191935,0.008874567,229.6904761904762,0.027404126,0.024332501,0.116618276,0.014599903,0.06932434
3194,2020-12-02,2020,12,02,0.083865486,0.01869959,161.38095238095238,0.02821293,0.041117854,0.11687218,0.02414126,0.08090538
3195,2020-12-03,2020,12,03,0.103055775,0.017425658,44.523809523809526,0.07916167,0.06260726,0.14615947,0.036542702,0.09760679
3196,2020-12-04,2020,12,04,0.08597487,0.013411976,120.11904761904762,0.3489554,0.1445328,0.29142818,0.07501901,0.074948475
3197,2020-12-05,2020,12,05,0.06874017,0.011919069,203.04761904761904,0.59275097,0.16814406,0.4132087,0.07973494,0.05569039
3198,2020-12-06,2020,12,06,0.07551055,0.011889565,72.57142857142857,0.27723736,0.10962754,0.25576767,0.058037784,0.06793762
3199,2020-12-07,2020,12,07,0.084718466,0.009250365,32.26190476190476,0.14824195,0.07377536,0.18484679,0.038879104,0.07903845
3200,2020-12-08,2020,12,08,0.15102789,0.04623557,107.61904761904762,0.2904224,0.16255337,0.25758666,0.082479075,0.12628344
3201,2020-12-09,2020,12,09,0.10464686,0.01663508,123.30952380952381,0.47299653,0.18009366,0.3531698,0.0882816,0.08652916
3202,2020-12-10,2020,12,10,0.1372435,0.0113556385,43.833333333333336,0.09400733,0.03165058,0.15434441,0.017584233,0.13032568
3203,2020-12-11,2020,12,11,0.111867175,0.016958995,78.0,0.0073608723,0.010555022,0.10461492,0.006363442,0.10853424
3204,2020-12-12,2020,12,12,0.060646486,0.013440446,144.52380952380952,0.074479125,0.07517825,0.14318033,0.042475164,0.057786126
3205,2020-12-13,2020,12,13,0.060489938,0.013428037,47.54761904761905,0.25601795,0.1536555,0.24289685,0.08217356,0.055005584
3206,2020-12-14,2020,12,14,0.1319619,0.027516482,11.69047619047619,0.18917358,0.096890815,0.20011605,0.05056683,0.12207293
3207,2020-12-15,2020,12,15,0.13289343,0.010979806,89.45238095238095,0.020605661,0.01473525,0.11252918,0.008793618,0.12855294
3208,2020-12-16,2020,12,16,0.090942204,0.012190047,172.61904761904762,0.040944453,0.03061657,0.12451541,0.018024012,0.087495975
3209,2020-12-17,2020,12,17,0.10362922,0.017546523,27.023809523809526,0.04297991,0.028355129,0.12591828,0.016945584,0.09919212
3210,2020-12-18,2020,12,18,0.12663339,0.006005288,0.09523809523809523,0.13458514,0.047406826,0.18113565,0.02836037,0.11762995
3211,2020-12-19,2020,12,19,0.058639787,0.0109436875,69.52380952380952,0.18078057,0.12656152,0.20503847,0.071427956,0.053935654
3212,2020-12-20,2020,12,20,0.113022566,0.020870445,65.5952380952381,0.22573087,0.12927085,0.2206049,0.074282646,0.103836164
3213,2020-12-21,2020,12,21,0.11782649,0.044623554,20.285714285714285,0.27252665,0.20142454,0.24877298,0.109757446,0.106616
3214,2020-12-22,2020,12,22,0.079878174,0.02534001,10.119047619047619,0.24089476,0.13910367,0.23860064,0.0790474,0.073097475
3215,2020-12-23,2020,12,23,,,0.0,,,,,
3216,2020-12-24,2020,12,24,0.05832931,0.012166102,94.5952380952381,0.7303273,0.26024294,0.46647686,0.117651954,0.04693351
3217,2020-12-25,2020,12,25,0.05134524,0.01173462,43.88095238095238,1.0299567,0.2942811,0.5909249,0.12866902,0.037418522
3218,2020-12-26,2020,12,26,0.11585919,0.01943713,28.833333333333332,0.39845988,0.1330761,0.30762196,0.06574431,0.10348974
3219,2020-12-27,2020,12,27,0.08622028,0.013728602,54.45238095238095,0.3271137,0.12599567,0.28506616,0.06580593,0.07592807
3220,2020-12-28,2020,12,28,0.09363507,0.017826227,77.54761904761905,0.13263929,0.094449185,0.17716199,0.0529681,0.0875556
3221,2020-12-29,2020,12,29,0.08846402,0.014751958,52.19047619047619,0.10675723,0.08278221,0.16292566,0.04763351,0.08300264
3222,2020-12-30,2020,12,30,0.06239673,0.009941665,138.64285714285714,0.15185794,0.08603657,0.18680328,0.047882695,0.058241524
3223,2020-12-31,2020,12,31,0.13485314,0.012845343,25.11904761904762,0.10085156,0.04635572,0.15935883,0.026492734,0.12683374
3224,2021-01-01,2021,01,01,0.16763839,0.017844427,6.261904761904762,0.06368089,0.0339138,0.13430558,0.02352134,0.15958352
3225,2021-01-02,2021,01,02,0.08905802,0.01783148,32.166666666666664,0.21862336,0.11520127,0.22633646,0.063849784,0.0815136
3226,2021-01-03,2021,01,03,0.046931375,0.009296165,85.76190476190476,0.6286534,0.2708149,0.42076057,0.12678115,0.038520493
3227,2021-01-04,2021,01,04,0.06606395,0.012880662,36.07142857142857,1.0728973,0.24754936,0.61723334,0.10422821,0.048044126
3228,2021-01-05,2021,01,05,0.13230623,0.014707728,21.11904761904762,0.5135205,0.13917193,0.3699399,0.0717535,0.11145055
3229,2021-01-06,2021,01,06,0.15298611,0.023652688,119.35714285714286,0.20740458,0.10179512,0.20356451,0.055705894,0.14351133
3230,2021-01-07,2021,01,07,0.09618468,0.017518913,71.28571428571429,0.34202874,0.12299761,0.27586865,0.059627086,0.08766947
3231,2021-01-08,2021,01,08,0.06410604,0.008869819,89.02380952380952,0.3937084,0.1700337,0.31548053,0.08768782,0.054731354
3232,2021-01-09,2021,01,09,0.06584316,0.011710288,119.52380952380952,0.2301939,0.13401093,0.22560434,0.071842805,0.05932257
3233,2021-01-10,2021,01,10,0.13542774,0.024788309,99.14285714285714,0.074266225,0.08555703,0.1326222,0.05594786,0.12936898
3234,2021-01-11,2021,01,11,0.14789115,0.019517345,52.642857142857146,0.20412439,0.079965815,0.21103977,0.04265779,0.13665576
3235,2021-01-12,2021,01,12,0.11498158,0.018664222,16.952380952380953,0.12149543,0.07104661,0.17209417,0.04125269,0.10785966
3236,2021-01-13,2021,01,13,0.06422036,0.01624668,91.33333333333333,0.08533061,0.061037876,0.15032336,0.035664007,0.06120928
3237,2021-01-14,2021,01,14,0.07525089,0.016087709,40.57142857142857,0.1625312,0.09192427,0.18481228,0.048193585,0.071391776
3238,2021-01-15,2021,01,15,0.070256986,0.0147747705,144.3095238095238,0.28167745,0.13645972,0.25671956,0.072020054,0.06377849
3239,2021-01-16,2021,01,16,0.1216393,0.018267438,239.04761904761904,0.20396905,0.078278944,0.20849691,0.042193133,0.11559182
3240,2021-01-17,2021,01,17,0.13588426,0.018047545,238.02380952380952,0.0026578095,0.007998682,0.10151659,0.005821853,0.13210936
3241,2021-01-18,2021,01,18,0.1125617,0.017613472,220.35714285714286,0.02879142,0.038246106,0.11717159,0.023424879,0.10879456
3242,2021-01-19,2021,01,19,0.1614351,0.01804197,128.07142857142858,0.058596425,0.037100043,0.13333736,0.023738999,0.15388401
3243,2021-01-20,2021,01,20,0.09087229,0.012621324,136.28571428571428,0.1735673,0.08835827,0.19978637,0.048772734,0.08301612
3244,2021-01-21,2021,01,21,0.052502938,0.007212139,242.73809523809524,0.2892272,0.09986906,0.26282802,0.05286494,0.047020596
3245,2021-01-22,2021,01,22,0.10905101,0.026041958,82.69047619047619,0.31549278,0.10639661,0.27811536,0.056755923,0.096563935
3246,2021-01-23,2021,01,23,0.12630561,0.017848471,40.57142857142857,0.19594583,0.08655087,0.21352427,0.04768086,0.11625234
3247,2021-01-24,2021,01,24,0.09881641,0.020149289,29.61904761904762,0.30286363,0.13035803,0.27118918,0.06995063,0.087758556
3248,2021-01-25,2021,01,25,0.11512099,0.01723784,67.66666666666667,0.14962226,0.09267495,0.18825541,0.053099394,0.10627296
3249,2021-01-26,2021,01,26,0.103808336,0.014073697,118.92857142857143,0.16152264,0.088403605,0.19405778,0.05037412,0.095475174
3250,2021-01-27,2021,01,27,0.16427536,0.030606931,40.5,0.33811414,0.11380349,0.2882238,0.06256719,0.14412025
3251,2021-01-28,2021,01,28,0.11179224,0.024024667,61.476190476190474,0.31731203,0.14455496,0.27640873,0.073751844,0.100080706
3252,2021-01-29,2021,01,29,0.084655195,0.018994631,144.21428571428572,0.09626738,0.08637816,0.15646137,0.049154896,0.07993871
3253,2021-01-30,2021,01,30,0.1004489,0.025670383,28.61904761904762,0.08273323,0.06520834,0.14718737,0.039154615,0.095256
3254,2021-01-31,2021,01,31,,,0.023809523809523808,,,,,
3255,2021-02-01,2021,02,01,0.090731494,0.026152564,94.23809523809524,0.3477645,0.23261137,0.28441396,0.121205136,0.08210741
3256,2021-02-02,2021,02,02,0.09195161,0.040449522,47.0,0.5150951,0.35072657,0.36696166,0.16860342,0.080840595
3257,2021-02-03,2021,02,03,0.08082037,0.02938949,23.80952380952381,0.36892623,0.17635685,0.29495704,0.08904917,0.0720149
3258,2021-02-04,2021,02,04,0.089556,0.023437852,134.11904761904762,0.15354167,0.085683405,0.18351567,0.0485329,0.08255177
3259,2021-02-05,2021,02,05,0.09274222,0.017564151,52.38095238095238,0.042435836,0.049182218,0.124595866,0.029632688,0.08912463
3260,2021-02-06,2021,02,06,0.16166553,0.015762497,34.595238095238095,-0.0016651065,0.007904027,0.09811013,0.0077857017,0.15727457
3261,2021-02-07,2021,02,07,,,0.047619047619047616,,,,,
3262,2021-02-08,2021,02,08,,,0.0,,,,,
3263,2021-02-09,2021,02,09,0.07761876,0.011469018,7.857142857142857,0.36662388,0.1840923,0.3006596,0.09471927,0.06728409
3264,2021-02-10,2021,02,10,0.05880734,0.009765827,18.547619047619047,0.88240075,0.28568423,0.5300529,0.1298249,0.044184636
3265,2021-02-11,2021,02,11,0.088569805,0.029426105,21.285714285714285,0.50892943,0.3438004,0.35888213,0.16798884,0.07587974
3266,2021-02-12,2021,02,12,0.13671422,0.023326412,30.952380952380953,0.4094328,0.15335846,0.3144152,0.07432975,0.12005409
3267,2021-02-13,2021,02,13,0.15515327,0.025947688,12.904761904761905,0.36745584,0.15686853,0.28300056,0.07986451,0.13949774
3268,2021-02-14,2021,02,14,0.108083,0.02130226,122.0952380952381,0.0634563,0.0559432,0.13299069,0.03258042,0.103891596
3269,2021-02-15,2021,02,15,0.08269767,0.016635483,27.88095238095238,0.47450763,0.22654156,0.33890605,0.111626096,0.0705117
3270,2021-02-16,2021,02,16,0.09855447,0.01894245,87.38095238095238,0.07159806,0.09092808,0.13870962,0.05356581,0.09402202
3271,2021-02-17,2021,02,17,0.12104028,0.018054163,122.0,0.12993169,0.06807492,0.1700338,0.034595475,0.113567844
3272,2021-02-18,2021,02,18,0.10626787,0.012784754,210.88095238095238,0.041414596,0.019898325,0.12492833,0.011871105,0.10248474
3273,2021-02-19,2021,02,19,0.04867016,0.007595084,281.54761904761904,0.28976762,0.11133343,0.2640915,0.05770914,0.043658394
3274,2021-02-20,2021,02,20,0.14103682,0.016454887,28.976190476190474,0.10376767,0.07211195,0.16037042,0.042502012,0.13226838
3275,2021-02-21,2021,02,21,0.1291921,0.012953777,65.28571428571429,0.018410647,0.027367849,0.10584391,0.018353777,0.12473263
3276,2021-02-22,2021,02,22,0.114385664,0.022823978,102.95238095238095,0.09959728,0.0827822,0.14543678,0.050041758,0.10934411
3277,2021-02-23,2021,02,23,0.17936118,0.029737845,52.142857142857146,0.15545659,0.09207559,0.18273532,0.052044243,0.1665714
3278,2021-02-24,2021,02,24,0.17788307,0.025267953,80.38095238095238,0.095957756,0.053456098,0.15329657,0.034651246,0.16805594
3279,2021-02-25,2021,02,25,0.14744477,0.016785895,141.47619047619048,0.06804213,0.054237403,0.14000867,0.032608792,0.14023119
3280,2021-02-26,2021,02,26,0.17227371,0.016391968,17.0,0.14875461,0.07977217,0.18489812,0.048339028,0.15917344
3281,2021-02-27,2021,02,27,0.20743299,0.0076000066,0.11904761904761904,0.07453205,0.01887986,0.14511105,0.011382364,0.19654748
3282,2021-02-28,2021,02,28,0.18366595,0.01213362,20.761904761904763,0.15454885,0.05208187,0.18682931,0.030540599,0.1701565
3283,2021-03-01,2021,03,01,0.13862373,0.01742957,28.952380952380953,0.40949675,0.123394,0.32507595,0.062130794,0.12022255
3284,2021-03-02,2021,03,02,0.13230409,0.021867989,73.21428571428571,0.5169326,0.13070387,0.38332933,0.06581727,0.10999955
3285,2021-03-03,2021,03,03,0.11758468,0.02720777,133.8095238095238,0.30631775,0.1384649,0.27358547,0.07501787,0.103873074
3286,2021-03-04,2021,03,04,0.09451811,0.016047461,130.0952380952381,0.5679089,0.16603252,0.40564817,0.08116075,0.0768044
3287,2021-03-05,2021,03,05,0.09192081,0.02291483,141.47619047619048,0.60338116,0.25109616,0.4018911,0.11437519,0.078586824
3288,2021-03-06,2021,03,06,0.1375816,0.043875467,59.785714285714285,0.48319748,0.23259594,0.34229794,0.11139315,0.12247678
3289,2021-03-07,2021,03,07,0.115409784,0.030659981,33.61904761904762,0.5595607,0.2189436,0.3924409,0.10683732,0.09843402
3290,2021-03-08,2021,03,08,0.17825125,0.035561904,14.738095238095237,0.42548525,0.13913244,0.32916337,0.07360601,0.15150163
3291,2021-03-09,2021,03,09,0.09697221,0.012708396,138.73809523809524,0.8244024,0.17012116,0.5226446,0.07511001,0.073246345
3292,2021-03-10,2021,03,10,0.09503201,0.016879667,95.80952380952381,0.5627593,0.14818801,0.38945678,0.071462505,0.07951754
3293,2021-03-11,2021,03,11,0.10794709,0.019175272,21.0,0.63733405,0.0910841,0.4106459,0.04338467,0.09506193
3294,2021-03-12,2021,03,12,0.12761924,0.016239235,89.5,0.3374677,0.09624076,0.2910382,0.050803285,0.11219513
3295,2021-03-13,2021,03,13,0.14040431,0.016289016,15.0,0.4222006,0.09651401,0.33639726,0.050905343,0.119614735
3296,2021-03-14,2021,03,14,0.12031803,0.02607415,13.547619047619047,0.43245962,0.21123263,0.3239983,0.116357915,0.10424891
3297,2021-03-15,2021,03,15,0.09127401,0.01163854,13.047619047619047,0.55582833,0.20038499,0.38740644,0.10305025,0.074254856
3298,2021-03-16,2021,03,16,0.12352533,0.014128172,3.5238095238095237,0.5283762,0.13854007,0.36731488,0.067541614,0.100867175
3299,2021-03-17,2021,03,17,0.10452008,0.037339285,34.54761904761905,0.68043464,0.28006685,0.4438088,0.12724511,0.086791515
3300,2021-03-18,2021,03,18,0.098773465,0.016985746,116.42857142857143,0.8506513,0.22453515,0.5262216,0.102490224,0.07680487
3301,2021-03-19,2021,03,19,0.06275314,0.025317835,160.07142857142858,0.8173462,0.42726627,0.49327224,0.1952844,0.051413324
3302,2021-03-20,2021,03,20,0.18074642,0.027404163,13.857142857142858,0.2676278,0.11093514,0.23856255,0.0648854,0.1596601
3303,2021-03-21,2021,03,21,0.2810088,0.035888355,0.11904761904761904,0.18158205,0.07853982,0.18816042,0.05155532,0.25603098
3304,2021-03-22,2021,03,22,0.19857614,0.017807037,0.19047619047619047,1.1683052,0.17929108,0.66520596,0.065223254,0.1349172
3305,2021-03-23,2021,03,23,0.18151022,0.0223901,5.761904761904762,0.69692916,0.117011845,0.46986294,0.053390697,0.14149983
3306,2021-03-24,2021,03,24,0.18908615,0.022783443,38.357142857142854,0.19318213,0.08714102,0.21257867,0.0503895,0.17230706
3307,2021-03-25,2021,03,25,0.17603981,0.01135796,7.642857142857143,0.53622806,0.10111058,0.39215088,0.051103152,0.1438431
3308,2021-03-26,2021,03,26,0.11140724,0.015520006,21.071428571428573,0.88912755,0.24311405,0.53728825,0.10375454,0.08328288
3309,2021-03-27,2021,03,27,0.13699843,0.01877925,33.023809523809526,0.38203618,0.21980968,0.29854247,0.10774891,0.11934564
3310,2021-03-28,2021,03,28,0.10982111,0.022261946,104.23809523809524,0.5605611,0.15406819,0.38895407,0.072916985,0.095155
3311,2021-03-29,2021,03,29,0.16464092,0.02901906,89.47619047619048,0.14728592,0.108342886,0.18153109,0.066808045,0.15336391
3312,2021-03-30,2021,03,30,0.1998854,0.019302556,6.928571428571429,0.42854968,0.11608712,0.3392155,0.059916917,0.16886812
3313,2021-03-31,2021,03,31,0.1851742,0.021608897,43.904761904761905,0.5579128,0.107053325,0.40446463,0.053428754,0.15011978
3314,2021-04-01,2021,04,01,0.12196235,0.009079382,32.5,0.65264744,0.1695541,0.44516432,0.078465424,0.09681885
3315,2021-04-02,2021,04,02,0.22286749,0.03878505,14.571428571428571,0.3662844,0.10210328,0.29937717,0.05778509,0.19280459
3316,2021-04-03,2021,04,03,0.15268499,0.028596465,11.404761904761905,0.49632612,0.225122,0.36989352,0.1141078,0.12742566
3317,2021-04-04,2021,04,04,0.13478483,0.019756751,9.380952380952381,0.56344354,0.19279878,0.38025776,0.09882082,0.11285917
3318,2021-04-05,2021,04,05,0.2845886,0.054937884,1.1428571428571428,0.44794148,0.12405288,0.328175,0.06954434,0.23467274
3319,2021-04-06,2021,04,06,0.31568557,0.081368886,4.642857142857143,0.25255406,0.099916875,0.22517537,0.061123032,0.27729002
3320,2021-04-07,2021,04,07,0.15305938,0.041245125,30.476190476190474,0.43117642,0.25779605,0.3245749,0.12835117,0.1342333
3321,2021-04-08,2021,04,08,0.09353336,0.025924508,255.66666666666666,0.43718177,0.18237884,0.3249362,0.08855003,0.08415229
3322,2021-04-09,2021,04,09,0.2183381,0.046240497,93.35714285714286,0.28156215,0.08180837,0.24970552,0.04623264,0.19184913
3323,2021-04-10,2021,04,10,0.27505025,0.033374406,3.7857142857142856,0.2242287,0.08018232,0.20804842,0.04867651,0.24522755
3324,2021-04-11,2021,04,11,0.11849414,0.018579863,94.95238095238095,0.04455233,0.061129805,0.12251989,0.043044567,0.113773815
3325,2021-04-12,2021,04,12,0.21149021,0.02737043,0.5714285714285714,0.1636555,0.07084431,0.17908289,0.050271954,0.1943713
3326,2021-04-13,2021,04,13,0.21438912,0.025624368,50.38095238095238,0.098490365,0.06725066,0.14461254,0.045118913,0.20066692
3327,2021-04-14,2021,04,14,0.1918983,0.045348383,31.19047619047619,0.15590096,0.1162969,0.17217451,0.07139409,0.17779198
3328,2021-04-15,2021,04,15,0.22565608,0.04906575,5.833333333333333,0.27008507,0.14093457,0.23776822,0.08172496,0.19891128
3329,2021-04-16,2021,04,16,0.07158364,0.006103774,149.16666666666666,0.59114265,0.17646411,0.41244042,0.08683486,0.057927847
3330,2021-04-17,2021,04,17,,,0.0,,,,,
3331,2021-04-18,2021,04,18,0.116505705,0.043828223,26.976190476190474,0.6350046,0.33432278,0.41650584,0.14919591,0.10076762
3332,2021-04-19,2021,04,19,0.18598016,0.03498549,98.26190476190476,0.44160712,0.13762788,0.33529198,0.06854445,0.15766086
3333,2021-04-20,2021,04,20,0.16335161,0.02197912,0.30952380952380953,0.27681777,0.3048895,0.24918824,0.1545925,0.14629388
3334,2021-04-21,2021,04,21,,,0.0,,,,,
3335,2021-04-22,2021,04,22,0.16302367,0.009942433,4.071428571428571,1.0030589,0.107651755,0.5954469,0.042517763,0.11552379
3336,2021-04-23,2021,04,23,0.23254544,0.04146851,0.2857142857142857,0.3778081,0.08741987,0.31059772,0.04777643,0.19968261
3337,2021-04-24,2021,04,24,0.13494094,0.02374165,4.095238095238095,0.7776488,0.20105226,0.5035984,0.0896982,0.103089616
3338,2021-04-25,2021,04,25,0.14443453,0.025648661,25.69047619047619,0.7357119,0.22958007,0.4751155,0.104913756,0.11337115
3339,2021-04-26,2021,04,26,0.14013432,0.023893114,68.5,0.5296319,0.2262765,0.33401936,0.10902021,0.12495643
3340,2021-04-27,2021,04,27,0.076971106,0.01196568,45.42857142857143,0.2550937,0.18658729,0.23814265,0.099373795,0.0688063
3341,2021-04-28,2021,04,28,0.07242738,0.0038187476,1.2142857142857142,0.15453404,0.15089509,0.18978927,0.08548328,0.06688925
3342,2021-04-29,2021,04,29,0.13582362,0.02967516,159.16666666666666,0.2575374,0.14192231,0.24299099,0.069750056,0.1245162
3343,2021-04-30,2021,04,30,0.08657665,0.018798735,368.4047619047619,0.33743185,0.11516441,0.28587118,0.05979771,0.07747358
3344,2021-05-01,2021,05,01,0.10436337,0.011664445,2.9523809523809526,0.5148035,0.15602753,0.35614935,0.07913537,0.08870598
3345,2021-05-02,2021,05,02,0.14444725,0.02329925,12.095238095238095,0.01294982,0.071728475,0.0956487,0.056362525,0.13961111
3346,2021-05-03,2021,05,03,,,0.0,,,,,
3347,2021-05-04,2021,05,04,0.1375749,0.033191938,2.761904761904762,0.5315719,0.32317752,0.36912674,0.1499164,0.12034333
3348,2021-05-05,2021,05,05,0.17142636,0.033293292,16.833333333333332,0.17178872,0.15724142,0.19130313,0.09593448,0.1589621
3349,2021-05-06,2021,05,06,0.1602763,0.013450218,0.7380952380952381,0.49372512,0.14204621,0.37286127,0.07209732,0.13330507
3350,2021-05-07,2021,05,07,0.15590891,0.021893563,17.047619047619047,0.169796,0.10695266,0.19301163,0.06522138,0.14284417
3351,2021-05-08,2021,05,08,0.18998154,0.013399541,2.738095238095238,0.056368038,0.06396096,0.13405512,0.038240522,0.18037216
3352,2021-05-09,2021,05,09,,,0.0,,,,,
3353,2021-05-10,2021,05,10,,,0.0,,,,,
3354,2021-05-11,2021,05,11,,,0.0,,,,,
3355,2021-05-12,2021,05,12,0.15414374,0.0048661674,0.47619047619047616,0.5981066,0.09026227,0.4197459,0.047004696,0.12431704
3356,2021-05-13,2021,05,13,,,0.0,,,,,
3357,2021-05-14,2021,05,14,,,0.0,,,,,
3358,2021-05-15,2021,05,15,0.2049646,0.01482781,0.5714285714285714,0.9676997,0.1278324,0.5813126,0.050829727,0.14906351
3359,2021-05-16,2021,05,16,0.1714074,0.013361673,0.9047619047619048,0.7472954,0.108704545,0.48665032,0.05000165,0.1330016
3360,2021-05-17,2021,05,17,0.21703757,0.024358455,0.38095238095238093,0.8383424,0.027989289,0.47140378,0.018523915,0.18732247
3361,2021-05-18,2021,05,18,0.1324772,0.027069554,0.5238095238095238,-0.028308284,0.03536547,0.064997256,0.028125118,0.13018303
3362,2021-05-19,2021,05,19,0.16255648,0.05086563,2.2142857142857144,0.12309899,0.12983038,0.16152091,0.073935814,0.15086225
3363,2021-05-20,2021,05,20,,,0.07142857142857142,,,,,
3364,2021-05-21,2021,05,21,0.16385727,0.022703853,6.095238095238095,0.36704105,0.11910329,0.3007528,0.06087802,0.14370465
3365,2021-05-22,2021,05,22,0.15230013,0.01737637,25.833333333333332,0.52174723,0.14220291,0.3839382,0.07298154,0.12492756
3366,2021-05-23,2021,05,23,0.13180763,0.016643435,15.047619047619047,0.23128995,0.1375996,0.21831244,0.07874136,0.119244106
3367,2021-05-24,2021,05,24,0.11827503,0.0143845985,0.2619047619047619,-0.0026795815,0.0071572503,0.09430439,0.017086867,0.11501888
3368,2021-05-25,2021,05,25,0.21553926,0.045936476,0.4523809523809524,0.17708573,0.060323317,0.19929166,0.031172752,0.19817097
3369,2021-05-26,2021,05,26,0.122617245,0.017989479,7.119047619047619,0.3295441,0.13047597,0.28095815,0.067765,0.10882805
3370,2021-05-27,2021,05,27,0.10129086,0.02261543,74.80952380952381,0.36298642,0.22455107,0.29749778,0.11673396,0.089847
3371,2021-05-28,2021,05,28,0.08241194,0.014053004,13.80952380952381,0.18099636,0.17289743,0.19641083,0.093863815,0.07577521
3372,2021-05-29,2021,05,29,,,0.0,,,,,
3373,2021-05-30,2021,05,30,,,0.0,,,,,
3374,2021-05-31,2021,05,31,0.16222875,0.01957403,2.2857142857142856,0.22128248,0.059677515,0.22908409,0.033646706,0.14738819
3375,2021-06-01,2021,06,01,0.16704997,0.013986927,1.0476190476190477,0.76227385,0.15972513,0.49222013,0.07128132,0.12942515
3376,2021-06-02,2021,06,02,,,0.16666666666666666,,,,,
3377,2021-06-03,2021,06,03,0.09975115,0.008465305,1.4523809523809523,0.34916428,0.22136517,0.29378006,0.113589965,0.085881986
3378,2021-06-04,2021,06,04,,,0.0,,,,,
3379,2021-06-05,2021,06,05,0.1202126,0.026727717,24.523809523809526,0.4633413,0.13714561,0.33721724,0.06703304,0.107563615
3380,2021-06-06,2021,06,06,0.17916174,0.011698656,2.142857142857143,0.5880413,0.1325604,0.41818422,0.06292135,0.14406106
3381,2021-06-07,2021,06,07,0.1199608,0.01619798,21.952380952380953,0.54358923,0.18440199,0.39184105,0.09043661,0.09878469
3382,2021-06-08,2021,06,08,0.07787253,0.013913752,77.52380952380952,0.5543884,0.30354485,0.38497925,0.14922723,0.06474316
3383,2021-06-09,2021,06,09,0.06643439,0.02059079,55.19047619047619,0.7365648,0.38974822,0.4527714,0.18185113,0.05466
3384,2021-06-10,2021,06,10,0.11947485,0.020997616,9.238095238095237,0.21640606,0.16326283,0.22199135,0.08233383,0.109792314
3385,2021-06-11,2021,06,11,0.06915557,0.018151186,91.0,0.54254276,0.28983024,0.37589017,0.13685003,0.059808962
3386,2021-06-12,2021,06,12,0.07530465,0.019831477,159.57142857142858,0.60582596,0.3124675,0.40594995,0.14823349,0.06344077
3387,2021-06-13,2021,06,13,0.055943727,0.007946776,104.76190476190476,0.8695621,0.3448287,0.527003,0.15785512,0.041698955
3388,2021-06-14,2021,06,14,0.0964587,0.016851425,14.547619047619047,1.0548475,0.1964233,0.59964705,0.080922976,0.06773866
3389,2021-06-15,2021,06,15,,,0.0,,,,,
3390,2021-06-16,2021,06,16,0.24719644,0.031345047,20.523809523809526,0.54992753,0.16374609,0.37195346,0.0894618,0.20065907
3391,2021-06-17,2021,06,17,0.25535318,0.029765837,102.66666666666667,0.4023356,0.1384365,0.30674785,0.06931366,0.21602075
3392,2021-06-18,2021,06,18,,,0.0,,,,,
3393,2021-06-19,2021,06,19,,,0.0,,,,,
3394,2021-06-20,2021,06,20,,,0.0,,,,,
3395,2021-06-21,2021,06,21,0.13430801,0.021409396,9.80952380952381,0.6780351,0.18031916,0.45699018,0.08284095,0.10671734
3396,2021-06-22,2021,06,22,0.092059284,0.019426571,40.523809523809526,1.0104358,0.30577973,0.5959981,0.12579687,0.066344194
3397,2021-06-23,2021,06,23,0.073027104,0.012109647,24.095238095238095,1.3499706,0.23759975,0.7244681,0.091286175,0.047550045
3398,2021-06-24,2021,06,24,0.06146277,0.009569807,6.0476190476190474,1.0260572,0.32370797,0.5843135,0.13910308,0.04478685
3399,2021-06-25,2021,06,25,,,0.0,,,,,
3400,2021-06-26,2021,06,26,0.16207518,0.013849277,0.07142857142857142,0.8657374,0.06072473,0.5472367,0.025647454,0.11898097
3401,2021-06-27,2021,06,27,,,0.0,,,,,
3402,2021-06-28,2021,06,28,0.20306432,0.013992967,0.38095238095238093,0.5447297,0.14495493,0.39615923,0.07336056,0.16536741
3403,2021-06-29,2021,06,29,,,0.0,,,,,
3404,2021-06-30,2021,06,30,0.15822522,0.009528184,0.11904761904761904,1.367028,0.05763641,0.7369767,0.019147303,0.100751884
3405,2021-07-01,2021,07,01,,,0.0,,,,,
3406,2021-07-02,2021,07,02,0.20893663,0.0047704545,0.23809523809523808,0.99649304,0.06472715,0.6011641,0.0262126,0.1480399
3407,2021-07-03,2021,07,03,0.13534845,0.0075373603,0.14285714285714285,1.4350762,0.07861606,0.759583,0.026116947,0.08458404
3408,2021-07-04,2021,07,04,,,0.023809523809523808,,,,,
3409,2021-07-05,2021,07,05,,,0.0,,,,,
3410,2021-07-06,2021,07,06,,,0.0,,,,,
3411,2021-07-07,2021,07,07,,,0.0,,,,,
3412,2021-07-08,2021,07,08,,,0.0,,,,,
3413,2021-07-09,2021,07,09,0.1002871,0.013984898,1.8095238095238095,1.4674532,0.12969515,0.7696067,0.046721548,0.062382746
3414,2021-07-10,2021,07,10,0.071527116,0.0103480015,4.904761904761905,1.085188,0.33574358,0.61384493,0.13863222,0.04971272
3415,2021-07-11,2021,07,11,0.09939837,0.023096574,23.80952380952381,0.2632516,0.25537276,0.21360755,0.123090856,0.095044434
3416,2021-07-12,2021,07,12,0.042266358,0.015550836,1.8095238095238095,1.3367476,0.13366772,0.71885204,0.051171012,0.0296271
3417,2021-07-13,2021,07,13,,,0.0,,,,,
3418,2021-07-14,2021,07,14,0.23278475,0.035115033,2.380952380952381,1.2480667,0.24021384,0.6918679,0.09872412,0.15263897
3419,2021-07-15,2021,07,15,0.20021929,0.032386478,23.404761904761905,1.5065426,0.2563162,0.7928232,0.102575116,0.119959235
3420,2021-07-16,2021,07,16,0.14828746,0.019855784,4.261904761904762,1.177473,0.34325087,0.65246516,0.15186308,0.09802339
3421,2021-07-17,2021,07,17,,,0.0,,,,,
3422,2021-07-18,2021,07,18,0.19610746,0.020692695,0.7857142857142857,1.0859944,0.13960534,0.6266138,0.055679556,0.13698608
3423,2021-07-19,2021,07,19,,,0.0,,,,,
3424,2021-07-20,2021,07,20,,,0.047619047619047616,,,,,
3425,2021-07-21,2021,07,21,0.13771982,0.018914927,0.5952380952380952,0.19309054,0.14438842,0.20570965,0.09109292,0.1256882
3426,2021-07-22,2021,07,22,,,0.0,,,,,
3427,2021-07-23,2021,07,23,0.0824365,0.01677635,1.9285714285714286,0.6684738,0.25001854,0.45266515,0.11660156,0.06574488
3428,2021-07-24,2021,07,24,,,0.0,,,,,
3429,2021-07-25,2021,07,25,0.17937665,0.031897433,6.214285714285714,1.5274273,0.19932246,0.7983718,0.07735246,0.10808577
3430,2021-07-26,2021,07,26,0.116037846,0.026173899,10.214285714285714,1.4104251,0.22250433,0.74653214,0.08888186,0.0738103
3431,2021-07-27,2021,07,27,0.12351455,0.049386404,9.69047619047619,1.0805027,0.3609538,0.5992755,0.15800509,0.10044187
3432,2021-07-28,2021,07,28,0.13965029,0.06214593,8.952380952380953,0.86654216,0.3848237,0.5231489,0.16704781,0.111715935
3433,2021-07-29,2021,07,29,0.08066598,0.05030313,70.0952380952381,1.2573136,0.3005106,0.6793326,0.12832153,0.06287225
3434,2021-07-30,2021,07,30,0.059201494,0.031999864,191.4047619047619,1.2608125,0.34167638,0.6845715,0.14278954,0.04144758
3435,2021-07-31,2021,07,31,0.051628828,0.009647552,163.6904761904762,1.3267835,0.23974976,0.712663,0.09776467,0.034817297
3436,2021-08-01,2021,08,01,0.04222398,0.007744575,45.5,1.0580505,0.24973525,0.6011477,0.11006724,0.031454016
3437,2021-08-02,2021,08,02,,,0.0,,,,,
3438,2021-08-03,2021,08,03,,,0.0,,,,,
3439,2021-08-04,2021,08,04,0.08394245,0.017882744,4.738095238095238,0.70708764,0.26151538,0.468809,0.1274699,0.06522553
3440,2021-08-05,2021,08,05,0.12214772,0.017539531,0.2619047619047619,0.17783526,0.18008988,0.19966754,0.10231206,0.11204786
3441,2021-08-06,2021,08,06,,,0.0,,,,,
3442,2021-08-07,2021,08,07,,,0.023809523809523808,,,,,
3443,2021-08-08,2021,08,08,,,0.047619047619047616,,,,,
3444,2021-08-09,2021,08,09,0.13300356,0.018779168,1.9523809523809523,1.2373716,0.21707825,0.68800545,0.08247167,0.088793345
3445,2021-08-10,2021,08,10,0.10005432,0.009901489,0.3333333333333333,1.529798,0.03232686,0.79105026,0.010739212,0.061048277
3446,2021-08-11,2021,08,11,0.10835322,0.011431468,7.4523809523809526,1.0298427,0.1487904,0.60990417,0.063870154,0.07610299
3447,2021-08-12,2021,08,12,0.145343,0.045168865,0.19047619047619047,0.14124694,0.26358438,0.16165352,0.1710745,0.13632725
3448,2021-08-13,2021,08,13,,,0.0,,,,,
3449,2021-08-14,2021,08,14,0.1356429,0.06681617,31.547619047619047,0.65283066,0.38315886,0.4116993,0.185614,0.12007468
3450,2021-08-15,2021,08,15,0.15858515,0.029242564,19.738095238095237,0.73951584,0.26001015,0.46324348,0.12106361,0.1259217
3451,2021-08-16,2021,08,16,0.19380632,0.03176391,19.904761904761905,0.4530759,0.26352108,0.32150593,0.13753097,0.16358376
3452,2021-08-17,2021,08,17,0.21809831,0.009668285,0.7857142857142857,0.8774091,0.13666269,0.54841626,0.058119126,0.16016816
3453,2021-08-18,2021,08,18,,,0.0,,,,,
3454,2021-08-19,2021,08,19,0.34918246,0.016534727,0.07142857142857142,1.1458255,0.004570324,0.7010047,0.001740081,0.23428895
3455,2021-08-20,2021,08,20,0.11054361,0.0054275785,0.07142857142857142,1.4109286,0.057252254,0.75156087,0.019019704,0.07013212
3456,2021-08-21,2021,08,21,0.523206,0.116179034,16.5,1.7169445,0.16021502,0.8782715,0.061804008,0.28861755
3457,2021-08-22,2021,08,22,0.4805491,0.054769177,11.452380952380953,1.6983747,0.07923015,0.87792856,0.029191395,0.26480752
3458,2021-08-23,2021,08,23,0.36948955,0.039847553,4.5476190476190474,1.4664505,0.1093686,0.8030674,0.044787135,0.22429323
3459,2021-08-24,2021,08,24,0.27283424,0.024142802,0.5476190476190477,1.1960523,0.09739502,0.6911215,0.059968743,0.18095876
3460,2021-08-25,2021,08,25,0.19984461,0.015997766,5.523809523809524,0.8312415,0.14429444,0.520758,0.066545166,0.15078054
3461,2021-08-26,2021,08,26,0.19995566,0.02729095,38.666666666666664,0.17323452,0.17879547,0.18900234,0.10744511,0.18451257
3462,2021-08-27,2021,08,27,0.18560585,0.031383652,21.30952380952381,-0.034752678,0.06474671,0.048231155,0.0489334,0.18249747
3463,2021-08-28,2021,08,28,,,0.0,,,,,
3464,2021-08-29,2021,08,29,,,0.0,,,,,
3465,2021-08-30,2021,08,30,,,0.0,,,,,
3466,2021-08-31,2021,08,31,0.11149706,0.010712849,0.6428571428571429,1.18852,0.07911443,0.66326225,0.034755934,0.0787133
3467,2021-09-01,2021,09,01,0.11174549,0.014893773,5.9523809523809526,1.090917,0.22895607,0.6238775,0.099475265,0.08191135
3468,2021-09-02,2021,09,02,0.104529485,0.010050686,1.5238095238095237,0.8881428,0.24482274,0.5443525,0.12094656,0.07839298
3469,2021-09-03,2021,09,03,0.05283395,0.057615392,0.23809523809523808,1.3500279,0.32495898,0.724952,0.119458586,0.03686767
3470,2021-09-04,2021,09,04,0.08731416,0.025304189,60.42857142857143,0.6773296,0.2684456,0.4471023,0.12171447,0.07056312
3471,2021-09-05,2021,09,05,0.12634337,0.02047786,78.5,0.7045678,0.22278735,0.46445823,0.10937628,0.10119592
3472,2021-09-06,2021,09,06,0.15970203,0.02322267,19.761904761904763,0.8605565,0.25108513,0.5322171,0.11658077,0.11920877
3473,2021-09-07,2021,09,07,0.12952156,0.012820815,89.5,0.83273077,0.16910556,0.52133584,0.07684144,0.09934602
3474,2021-09-08,2021,09,08,0.12833455,0.03134019,53.30952380952381,0.69074893,0.30853492,0.4236873,0.13942902,0.11567786
3475,2021-09-09,2021,09,09,0.14101313,0.029746015,59.88095238095238,0.3734853,0.17477839,0.29307336,0.08613599,0.12844168
3476,2021-09-10,2021,09,10,0.08137468,0.00978872,32.476190476190474,0.6781915,0.18747322,0.45631558,0.086662054,0.06441965
3477,2021-09-11,2021,09,11,0.07182229,0.014260455,113.0952380952381,0.3979639,0.22297639,0.3138481,0.11509063,0.062734075
3478,2021-09-12,2021,09,12,0.14087059,0.023948567,12.476190476190476,0.050947838,0.071561635,0.119925365,0.052439313,0.13563567
3479,2021-09-13,2021,09,13,,,0.0,,,,,
3480,2021-09-14,2021,09,14,,,0.0,,,,,
3481,2021-09-15,2021,09,15,,,0.047619047619047616,,,,,
3482,2021-09-16,2021,09,16,0.119240254,0.013281512,3.761904761904762,1.286658,0.24234109,0.7024806,0.094215006,0.078864284
3483,2021-09-17,2021,09,17,0.10893109,0.015237867,2.261904761904762,1.5002918,0.15259933,0.78173447,0.056726128,0.06689348
3484,2021-09-18,2021,09,18,0.11013391,0.0065719304,1.6428571428571428,0.66376144,0.064342804,0.42048046,0.028490493,0.09210062
3485,2021-09-19,2021,09,19,0.21860188,0.026402252,2.0238095238095237,0.18534072,0.06360039,0.20661122,0.040034484,0.2016439
3486,2021-09-20,2021,09,20,0.12251994,0.019496407,45.76190476190476,0.18971945,0.09858715,0.20279923,0.049525034,0.11394963
3487,2021-09-21,2021,09,21,0.12779418,0.017240746,38.5,0.61754966,0.14104839,0.43290517,0.06765857,0.101568505
3488,2021-09-22,2021,09,22,0.123583004,0.018432884,101.61904761904762,0.48177364,0.21504101,0.35799733,0.10967192,0.10477143
3489,2021-09-23,2021,09,23,0.12014814,0.01466736,23.047619047619047,0.30084285,0.22239603,0.26290163,0.12044247,0.1067963
3490,2021-09-24,2021,09,24,0.09082782,0.011099239,7.976190476190476,0.6932124,0.32490835,0.4584764,0.15274373,0.07132721
3491,2021-09-25,2021,09,25,0.19814502,0.028299468,3.3095238095238093,1.1355563,0.13384543,0.65947425,0.052926462,0.13073513
3492,2021-09-26,2021,09,26,0.21039638,0.030206086,8.523809523809524,1.3558373,0.17847335,0.74020004,0.0697014,0.13345861
3493,2021-09-27,2021,09,27,0.19473472,0.0404426,37.166666666666664,1.4264915,0.24500263,0.75911385,0.10032049,0.11785533
3494,2021-09-28,2021,09,28,0.15855801,0.030050846,28.285714285714285,0.9460086,0.18754718,0.5445093,0.08241304,0.110374205
3495,2021-09-29,2021,09,29,0.13702054,0.011226453,21.071428571428573,0.03302134,0.02549908,0.11641878,0.021344915,0.13178402
3496,2021-09-30,2021,09,30,0.113863155,0.014518298,10.095238095238095,0.32258928,0.09510954,0.2836067,0.050817944,0.10038034
3497,2021-10-01,2021,10,01,0.17023279,0.021270756,28.928571428571427,0.3696388,0.0999759,0.30528468,0.053510156,0.14786012
3498,2021-10-02,2021,10,02,0.18073957,0.024088755,25.357142857142858,0.5699158,0.15770562,0.39751095,0.07690825,0.14806037
3499,2021-10-03,2021,10,03,0.13891208,0.015027384,62.214285714285715,0.9519744,0.13943444,0.57798034,0.060397997,0.10018369
3500,2021-10-04,2021,10,04,0.13185744,0.017837266,103.4047619047619,0.91213274,0.15118717,0.559301,0.06517017,0.09708899
3501,2021-10-05,2021,10,05,0.11416122,0.030343542,123.76190476190476,0.8215881,0.2983205,0.5082395,0.12723786,0.090868175
3502,2021-10-06,2021,10,06,0.22776876,0.037573453,1.7619047619047619,0.5206917,0.114756756,0.37504014,0.054460183,0.18673734
3503,2021-10-07,2021,10,07,0.20087469,0.019617189,4.0,0.48797822,0.12976496,0.36579695,0.068036936,0.16682474
3504,2021-10-08,2021,10,08,0.16000438,0.043304443,2.738095238095238,0.42066398,0.22655551,0.31757182,0.1120371,0.13947974
3505,2021-10-09,2021,10,09,0.069917135,0.007925484,21.952380952380953,0.24476232,0.14864115,0.2289141,0.077125534,0.064449206
3506,2021-10-10,2021,10,10,0.13208188,0.02282827,4.619047619047619,0.3044621,0.13269037,0.2684412,0.06778182,0.11672296
3507,2021-10-11,2021,10,11,0.17219085,0.017041592,3.5476190476190474,0.2651661,0.07685453,0.2524395,0.040451206,0.15454009
3508,2021-10-12,2021,10,12,0.16790481,0.013427495,37.95238095238095,0.051876575,0.021831539,0.13077933,0.01266901,0.16059841
3509,2021-10-13,2021,10,13,0.12661996,0.018888103,21.333333333333332,0.30555555,0.14342013,0.2610498,0.072498605,0.11447918
3510,2021-10-14,2021,10,14,0.13085385,0.012733845,12.976190476190476,0.27468804,0.118513405,0.23971502,0.059516657,0.11851006
3511,2021-10-15,2021,10,15,0.15282194,0.017547298,44.0,0.33345768,0.1098091,0.2854832,0.059448235,0.13488919
3512,2021-10-16,2021,10,16,0.097116135,0.020561632,56.904761904761905,0.8275991,0.25478694,0.5175576,0.10718733,0.07501932
3513,2021-10-17,2021,10,17,0.13697766,0.020778362,13.928571428571429,0.5468365,0.17886005,0.39457497,0.088284194,0.11357222
3514,2021-10-18,2021,10,18,0.070449896,0.01419527,130.5,0.59464216,0.21101864,0.40938017,0.098260574,0.057608753
3515,2021-10-19,2021,10,19,0.08071803,0.021128595,82.16666666666667,0.79150933,0.29267627,0.48988274,0.1336938,0.06428582
3516,2021-10-20,2021,10,20,0.043604024,0.013345924,156.97619047619048,0.95744306,0.3194821,0.56558293,0.13793083,0.032985628
3517,2021-10-21,2021,10,21,0.073355384,0.020111863,100.14285714285714,0.740373,0.24835576,0.4623008,0.109971315,0.060807377
3518,2021-10-22,2021,10,22,0.04659265,0.012936777,108.88095238095238,0.8628018,0.25994968,0.5303298,0.11267552,0.03622294
3519,2021-10-23,2021,10,23,0.06375981,0.012282851,129.76190476190476,0.55449647,0.2077345,0.38576946,0.0987003,0.05308379
3520,2021-10-24,2021,10,24,0.062958315,0.008961437,65.0,0.9855882,0.23948222,0.5836631,0.102192335,0.044959337
3521,2021-10-25,2021,10,25,0.081601374,0.013177623,41.0,0.7448343,0.15534872,0.45035982,0.069197014,0.067148164
3522,2021-10-26,2021,10,26,0.12706602,0.012172168,87.85714285714286,0.07436211,0.03584868,0.1413024,0.019962912,0.12144236
3523,2021-10-27,2021,10,27,0.14009918,0.020834833,65.04761904761905,0.0064059156,0.014455584,0.10347636,0.01094377,0.13609573
3524,2021-10-28,2021,10,28,0.09848767,0.022229742,14.0,0.13748556,0.108100414,0.17136301,0.055662144,0.09385713
3525,2021-10-29,2021,10,29,,,0.0,,,,,
3526,2021-10-30,2021,10,30,0.26880017,0.024251945,0.35714285714285715,0.88431996,0.17270468,0.52932847,0.06365639,0.2162218
3527,2021-10-31,2021,10,31,0.10612637,0.028422527,19.428571428571427,0.80575466,0.27797133,0.49039873,0.13159399,0.088062964
3528,2021-11-01,2021,11,01,0.06371499,0.02458407,50.26190476190476,0.94319624,0.29469365,0.5623633,0.12823391,0.048349224
3529,2021-11-02,2021,11,02,0.04084844,0.013602057,77.5952380952381,1.0641767,0.34454185,0.6047964,0.1506279,0.029718688
3530,2021-11-03,2021,11,03,0.031165818,0.007928716,40.42857142857143,1.2846295,0.3142643,0.6979598,0.12764397,0.020953774
3531,2021-11-04,2021,11,04,0.07842195,0.00981433,5.071428571428571,0.90988517,0.1992589,0.5523097,0.08553768,0.058589205
3532,2021-11-05,2021,11,05,0.14068957,0.013535063,4.619047619047619,0.32963783,0.095685005,0.2868222,0.05033763,0.12323585
3533,2021-11-06,2021,11,06,0.13836916,0.021854972,9.642857142857142,0.35767892,0.10443282,0.2986325,0.054611463,0.12083747
3534,2021-11-07,2021,11,07,0.11352526,0.0125979325,46.714285714285715,0.35994396,0.10799712,0.294889,0.053023547,0.10177868
3535,2021-11-08,2021,11,08,0.06915421,0.013722838,149.1904761904762,0.27740774,0.14072213,0.25276107,0.07359076,0.06156716
3536,2021-11-09,2021,11,09,0.056038454,0.009855048,71.19047619047619,0.47272706,0.123716354,0.33754373,0.06586285,0.047421455
3537,2021-11-10,2021,11,10,0.08279443,0.019760212,3.238095238095238,0.2143407,0.15309368,0.22108912,0.08498969,0.07534662
3538,2021-11-11,2021,11,11,0.16944492,0.022271322,178.66666666666666,0.020525396,0.02939577,0.108093895,0.023385936,0.1637045
3539,2021-11-12,2021,11,12,0.17279786,0.033592917,26.11904761904762,0.11055439,0.069176875,0.15849724,0.04250706,0.16179107
3540,2021-11-13,2021,11,13,0.09479887,0.02455646,49.214285714285715,0.1185193,0.071697496,0.16904378,0.040755183,0.08948894
3541,2021-11-14,2021,11,14,0.06838315,0.013873944,43.476190476190474,0.5742264,0.25769177,0.4039098,0.1285721,0.055847414
3542,2021-11-15,2021,11,15,0.06339405,0.011064162,27.595238095238095,1.0783035,0.2677267,0.6220145,0.114106484,0.04432215
3543,2021-11-16,2021,11,16,0.073994905,0.011035172,16.714285714285715,0.9350103,0.20500149,0.56581247,0.08611788,0.054057043
3544,2021-11-17,2021,11,17,,,0.0,,,,,
3545,2021-11-18,2021,11,18,0.058304265,0.008325497,9.095238095238095,1.09241,0.20548926,0.62670726,0.08214564,0.04142942
3546,2021-11-19,2021,11,19,0.13536772,0.026269743,2.738095238095238,0.63327205,0.13892236,0.43379632,0.067106895,0.10829319
3547,2021-11-20,2021,11,20,0.1220869,0.01607043,0.9285714285714286,0.50887805,0.17697188,0.36306614,0.09885411,0.10433555
3548,2021-11-21,2021,11,21,0.15156016,0.030697698,2.1666666666666665,0.444985,0.15517601,0.33817437,0.077785805,0.12871553
3549,2021-11-22,2021,11,22,0.114627056,0.013960318,18.714285714285715,0.4739419,0.13892077,0.3539357,0.06848345,0.09753796
3550,2021-11-23,2021,11,23,0.10869302,0.011667315,51.80952380952381,0.25681704,0.081420526,0.2426151,0.04146368,0.09850179
3551,2021-11-24,2021,11,24,0.10656562,0.010707394,16.30952380952381,0.19157648,0.07370663,0.20953694,0.040354613,0.098025225
3552,2021-11-25,2021,11,25,0.077477865,0.008034857,127.52380952380952,0.16521665,0.08138254,0.19623834,0.04653482,0.07120156
3553,2021-11-26,2021,11,26,0.06386421,0.011301984,226.76190476190476,0.25312528,0.09895235,0.24650624,0.054725677,0.05740433
3554,2021-11-27,2021,11,27,0.05865523,0.009520701,255.61904761904762,0.51654845,0.13646686,0.37901476,0.06650325,0.04957796
3555,2021-11-28,2021,11,28,0.04753158,0.008739544,147.95238095238096,0.42440966,0.14364494,0.3350423,0.07488747,0.040787306
3556,2021-11-29,2021,11,29,0.040234827,0.01150481,168.97619047619048,0.5250529,0.26727328,0.375749,0.13101956,0.03427123
3557,2021-11-30,2021,11,30,0.052779786,0.012486398,34.833333333333336,0.36166382,0.21231014,0.29717442,0.10955933,0.04660367
3558,2021-12-01,2021,12,01,0.04203618,0.0060747513,27.047619047619047,1.1188191,0.24759234,0.63881004,0.100471824,0.029279381
3559,2021-12-02,2021,12,02,0.07475866,0.02904316,5.309523809523809,0.9312463,0.33700952,0.55028135,0.1480495,0.059062533
3560,2021-12-03,2021,12,03,0.08360315,0.028587753,0.21428571428571427,0.43001938,0.26733407,0.33690926,0.13996576,0.069005124
3561,2021-12-04,2021,12,04,0.05981648,0.012659021,48.595238095238095,0.8660581,0.21860805,0.534815,0.095166236,0.046108123
3562,2021-12-05,2021,12,05,0.07135711,0.0072774603,1.0,0.5050057,0.13574766,0.37870282,0.06939463,0.058568336
3563,2021-12-06,2021,12,06,0.11609103,0.016027885,8.214285714285714,0.044788282,0.028082227,0.12564416,0.016622178,0.111235745
3564,2021-12-07,2021,12,07,0.12063384,0.015282709,0.9523809523809523,0.6464991,0.12601823,0.44101152,0.059023526,0.09730019
3565,2021-12-08,2021,12,08,0.080638364,0.013916646,68.9047619047619,0.56870025,0.1627434,0.39266974,0.07514307,0.06829886
3566,2021-12-09,2021,12,09,0.059266184,0.01629111,22.571428571428573,0.7998376,0.25104,0.502883,0.10988772,0.046256162
3567,2021-12-10,2021,12,10,0.09349992,0.01216566,16.452380952380953,0.29966795,0.10953398,0.26669103,0.058119535,0.0838618
3568,2021-12-11,2021,12,11,0.07503678,0.008612865,15.30952380952381,0.35140878,0.12895268,0.29283303,0.068290934,0.06465326
3569,2021-12-12,2021,12,12,0.09744017,0.021204814,12.952380952380953,0.8037143,0.22523141,0.49527726,0.10473403,0.07845853
3570,2021-12-13,2021,12,13,0.09456104,0.031587053,86.02380952380952,0.46175167,0.21408409,0.3488902,0.10513742,0.08124815
3571,2021-12-14,2021,12,14,0.1157436,0.024643688,30.214285714285715,0.26082176,0.123315044,0.24620469,0.065057464,0.10493302
3572,2021-12-15,2021,12,15,0.053026475,0.011422547,53.833333333333336,0.152487,0.08105653,0.18855414,0.046266753,0.048715293
3573,2021-12-16,2021,12,16,0.06614079,0.005308805,0.47619047619047616,0.9701562,0.19986832,0.5863271,0.08465713,0.04739071
3574,2021-12-17,2021,12,17,0.06015749,0.008410849,19.69047619047619,0.79827917,0.2775249,0.5028312,0.1234971,0.04655461
3575,2021-12-18,2021,12,18,0.08057371,0.010532133,26.523809523809526,0.46669355,0.16709346,0.3536987,0.084178485,0.068096414
3576,2021-12-19,2021,12,19,0.12023655,0.02984889,6.404761904761905,0.56022066,0.13720174,0.38887122,0.06635507,0.10290852
3577,2021-12-20,2021,12,20,0.12830201,0.024495665,1.4761904761904763,0.2223303,0.12070714,0.2268391,0.066498846,0.116500504
3578,2021-12-21,2021,12,21,,,0.0,,,,,
3579,2021-12-22,2021,12,22,0.10959731,0.022803238,4.476190476190476,0.35250413,0.25209734,0.28943264,0.13302968,0.09668673
3580,2021-12-23,2021,12,23,0.1281058,0.02851304,6.9523809523809526,0.2867034,0.16035247,0.25985497,0.0899449,0.11393772
3581,2021-12-24,2021,12,24,0.16665591,0.02840582,31.30952380952381,0.099332266,0.07396822,0.15407439,0.04752553,0.15696603
3582,2021-12-25,2021,12,25,0.13502935,0.045363847,8.071428571428571,0.32840607,0.13332054,0.28443724,0.07056985,0.11917706
3583,2021-12-26,2021,12,26,0.11214808,0.021117738,18.142857142857142,0.122554764,0.07764285,0.17184976,0.044667874,0.1052012
3584,2021-12-27,2021,12,27,0.052265834,0.01090205,41.714285714285715,0.6960085,0.2847056,0.452499,0.12988862,0.042147107
3585,2021-12-28,2021,12,28,0.04186977,0.012179021,69.88095238095238,0.9678481,0.32625484,0.5708618,0.14257081,0.031325016
3586,2021-12-29,2021,12,29,0.058246393,0.019309986,62.61904761904762,0.9624247,0.31380734,0.57076675,0.1359287,0.04406836
3587,2021-12-30,2021,12,30,0.10397458,0.012765408,43.76190476190476,0.37041226,0.113571666,0.29802316,0.054912865,0.09248049
3588,2021-12-31,2021,12,31,0.08382535,0.012356272,21.738095238095237,0.28254074,0.123154275,0.25872466,0.0647162,0.07518374
3589,2022-01-01,2022,01,01,0.06628437,0.009544646,13.80952380952381,0.86914736,0.2439339,0.5356725,0.10350703,0.049477853
3590,2022-01-02,2022,01,02,0.049096085,0.01567311,16.642857142857142,1.0619813,0.41037637,0.6086023,0.175418,0.035945855
3591,2022-01-03,2022,01,03,0.07405141,0.037550062,32.476190476190474,0.94903445,0.37701282,0.55064285,0.16446272,0.062502645
3592,2022-01-04,2022,01,04,0.067052364,0.010415559,21.642857142857142,0.66557425,0.14937231,0.43365374,0.06717618,0.055285994
3593,2022-01-05,2022,01,05,0.10664721,0.013229934,9.642857142857142,0.40452722,0.11443626,0.3068535,0.05108203,0.09703171
3594,2022-01-06,2022,01,06,0.084206164,0.015009955,1.0,0.49167922,0.14150646,0.3571431,0.06701058,0.072111614
3595,2022-01-07,2022,01,07,0.06552457,0.01903108,1.8571428571428572,0.8277306,0.34555444,0.50273186,0.15987235,0.050898094
3596,2022-01-08,2022,01,08,,,0.0,,,,,
3597,2022-01-09,2022,01,09,0.079324655,0.033431094,6.785714285714286,0.5970322,0.40873638,0.40275532,0.18771203,0.067003645
3598,2022-01-10,2022,01,10,0.06483481,0.016981425,43.095238095238095,0.6419135,0.26818398,0.4308547,0.123983175,0.053597894
3599,2022-01-11,2022,01,11,0.051424224,0.011917141,358.6190476190476,0.3089868,0.14942119,0.27165064,0.078218356,0.04531231
3600,2022-01-12,2022,01,12,0.10306106,0.016403113,9.047619047619047,0.5216384,0.2386915,0.375751,0.117146544,0.086832106
3601,2022-01-13,2022,01,13,0.07042078,0.017986663,49.11904761904762,0.6150508,0.23785025,0.41865897,0.11339991,0.05846781
3602,2022-01-14,2022,01,14,0.095835365,0.015281216,14.238095238095237,0.50609386,0.16332412,0.37630948,0.08293194,0.079995796
3603,2022-01-15,2022,01,15,0.074621774,0.022937363,23.428571428571427,0.82964027,0.3025043,0.5146397,0.13455127,0.058426045
3604,2022-01-16,2022,01,16,0.056441765,0.018090514,62.19047619047619,0.8857515,0.3655033,0.53771275,0.16050862,0.043742154
3605,2022-01-17,2022,01,17,0.06660873,0.020865584,55.666666666666664,0.8311946,0.32688212,0.50729823,0.14649889,0.053930823
3606,2022-01-18,2022,01,18,0.10501609,0.022337144,13.80952380952381,0.5616272,0.26479813,0.3719403,0.12236288,0.091140464
3607,2022-01-19,2022,01,19,0.21023874,0.025171408,2.5476190476190474,0.4737397,0.15055123,0.3464847,0.07770474,0.17629263
3608,2022-01-20,2022,01,20,,,0.023809523809523808,,,,,
3609,2022-01-21,2022,01,21,0.08776208,0.025124572,3.261904761904762,0.2953844,0.19403009,0.26478007,0.10392237,0.07871296
3610,2022-01-22,2022,01,22,0.11242521,0.01742254,66.0952380952381,0.065548286,0.06042197,0.13558172,0.035349485,0.10737976
3611,2022-01-23,2022,01,23,0.09877845,0.021956475,67.9047619047619,0.22376348,0.12980413,0.2227802,0.07186672,0.09049242
3612,2022-01-24,2022,01,24,0.08407062,0.027200872,189.97619047619048,0.48379093,0.2094506,0.34231305,0.10438446,0.07557933
3613,2022-01-25,2022,01,25,0.14873794,0.039646566,105.35714285714286,0.29415044,0.16096158,0.2561982,0.09337065,0.134496
3614,2022-01-26,2022,01,26,0.09138259,0.021061964,58.57142857142857,0.3050788,0.16657452,0.2704958,0.091996476,0.08247132
3615,2022-01-27,2022,01,27,0.090661414,0.017306844,66.23809523809524,0.31336847,0.14424008,0.2746982,0.076212324,0.08100386
3616,2022-01-28,2022,01,28,0.06457671,0.0137093365,29.61904761904762,0.736917,0.27015173,0.46873355,0.12470446,0.05054777
3617,2022-01-29,2022,01,29,0.06586071,0.02012382,92.23809523809524,0.6133532,0.2819277,0.41622773,0.13433325,0.05515368
3618,2022-01-30,2022,01,30,0.11367321,0.03471157,127.21428571428571,0.18142235,0.09755592,0.2018015,0.055979956,0.10501796
3619,2022-01-31,2022,01,31,0.09575679,0.030642856,83.80952380952381,0.23908676,0.1577409,0.23568827,0.087201916,0.08752297
3620,2022-02-01,2022,02,01,0.12997235,0.016889472,42.214285714285715,0.060129635,0.050606452,0.13537571,0.029176366,0.124605685
3621,2022-02-02,2022,02,02,0.13807777,0.011995398,80.83333333333333,0.0016545494,0.004415144,0.10117458,0.0026618182,0.13420926
3622,2022-02-03,2022,02,03,0.08835034,0.0101576345,90.07142857142857,0.11244912,0.06004252,0.16574556,0.034051385,0.08368141
3623,2022-02-04,2022,02,04,0.09704134,0.010131957,39.523809523809526,0.32864675,0.101474315,0.2815414,0.052500658,0.08546245
3624,2022-02-05,2022,02,05,0.09228237,0.0117196,98.85714285714286,0.27114785,0.081787534,0.25413275,0.043932185,0.08320898
3625,2022-02-06,2022,02,06,0.06367569,0.010477404,102.52380952380952,0.26937765,0.11013283,0.2540744,0.060279675,0.0564983
3626,2022-02-07,2022,02,07,0.05954518,0.017763125,215.35714285714286,0.23791601,0.13049413,0.23619805,0.072113454,0.054687124
3627,2022-02-08,2022,02,08,0.09221176,0.027682181,84.0952380952381,0.1358748,0.13736852,0.17640159,0.08035937,0.086143665
3628,2022-02-09,2022,02,09,0.10566764,0.02219284,126.26190476190476,0.2889558,0.17600864,0.24892364,0.09577742,0.097751975
3629,2022-02-10,2022,02,10,0.10191242,0.02003712,224.88095238095238,0.24971408,0.09982145,0.2413734,0.055100005,0.09283952
3630,2022-02-11,2022,02,11,0.16482711,0.034173496,15.857142857142858,0.19046582,0.08144103,0.20855667,0.04662466,0.150916
3631,2022-02-12,2022,02,12,0.05324575,0.018954627,337.95238095238096,0.59262973,0.28723004,0.40801594,0.13574924,0.045435783
3632,2022-02-13,2022,02,13,0.03949578,0.010185797,244.3095238095238,0.92700756,0.31641978,0.5586314,0.13750076,0.030036498
3633,2022-02-14,2022,02,14,0.06207367,0.017298691,48.26190476190476,0.4326214,0.23104186,0.32266444,0.11401956,0.05477585
3634,2022-02-15,2022,02,15,0.12720081,0.017579032,2.880952380952381,0.5637151,0.14861031,0.40004665,0.070857964,0.104943775
3635,2022-02-16,2022,02,16,0.20459035,0.016608171,13.357142857142858,0.20737056,0.05684811,0.22052257,0.031774215,0.18628305
3636,2022-02-17,2022,02,17,0.15352546,0.011728681,1.8095238095238095,0.2520723,0.058883686,0.24785526,0.033135768,0.13730231
3637,2022-02-18,2022,02,18,0.09850886,0.013342916,84.69047619047619,0.46370438,0.15871905,0.3456569,0.08180081,0.083050884
3638,2022-02-19,2022,02,19,0.1015749,0.008297081,8.928571428571429,0.7168011,0.115385376,0.4695688,0.05149298,0.079181865
3639,2022-02-20,2022,02,20,0.11132231,0.017642729,33.714285714285715,0.46317104,0.1666408,0.35010117,0.08378649,0.09512265
3640,2022-02-21,2022,02,21,0.18514116,0.030369684,6.690476190476191,0.5597999,0.14272916,0.40131342,0.06929919,0.15120132
3641,2022-02-22,2022,02,22,0.09782177,0.018428905,14.047619047619047,0.78493816,0.21299885,0.5024866,0.0925086,0.07529933
3642,2022-02-23,2022,02,23,0.122737646,0.020889428,19.19047619047619,0.54651046,0.1875823,0.39038214,0.0902656,0.10204491
3643,2022-02-24,2022,02,24,0.11719201,0.013627835,3.6904761904761907,0.69880813,0.16760552,0.46236446,0.077805385,0.09277557
3644,2022-02-25,2022,02,25,0.14682531,0.016542977,0.2619047619047619,0.51994836,0.1147148,0.38267997,0.056699328,0.12284408
3645,2022-02-26,2022,02,26,0.10756122,0.014523619,5.928571428571429,0.013778571,0.027786054,0.10800248,0.019020507,0.1039371
3646,2022-02-27,2022,02,27,0.11875163,0.026996545,88.47619047619048,0.3032916,0.120015405,0.2667963,0.064909615,0.10764445
3647,2022-02-28,2022,02,28,0.0530899,0.01115157,353.26190476190476,0.47688657,0.16495638,0.35975885,0.08212517,0.0453427
3648,2022-03-01,2022,03,01,0.06926159,0.016809374,233.42857142857142,0.6944839,0.21688728,0.45033455,0.10065222,0.058079384
3649,2022-03-02,2022,03,02,0.06288592,0.02183092,154.07142857142858,0.7701102,0.32787722,0.48441213,0.15196604,0.050694045
3650,2022-03-03,2022,03,03,0.058825463,0.015787268,70.76190476190476,0.9556339,0.25612086,0.5534163,0.107348904,0.048277907
3651,2022-03-04,2022,03,04,0.18759649,0.013180901,9.976190476190476,0.16420826,0.0511297,0.19734825,0.029181927,0.17305902
3652,2022-03-05,2022,03,05,0.14015788,0.023403121,40.69047619047619,0.30468184,0.10826441,0.2725518,0.05809211,0.12478772
3653,2022-03-06,2022,03,06,0.19561376,0.017737022,1.3095238095238095,0.28038886,0.090832435,0.25161716,0.050971657,0.1727195
3654,2022-03-07,2022,03,07,0.107166484,0.01274132,2.0476190476190474,0.36966908,0.09020065,0.3092846,0.048645444,0.0913252
3655,2022-03-08,2022,03,08,0.099406034,0.00787255,33.476190476190474,0.19833979,0.076584384,0.21436384,0.04345827,0.091178454
3656,2022-03-09,2022,03,09,0.1250359,0.017652761,74.5952380952381,0.05170246,0.028633688,0.13109723,0.017183559,0.11961573
3657,2022-03-10,2022,03,10,0.19462466,0.032365598,10.261904761904763,0.047372617,0.0574918,0.11719177,0.03811038,0.18509749
3658,2022-03-11,2022,03,11,0.12900774,0.020276401,20.61904761904762,0.188585,0.11177859,0.20145397,0.062357653,0.1181488
3659,2022-03-12,2022,03,12,0.08055256,0.020065852,153.14285714285714,0.33546245,0.21944503,0.28278717,0.120195456,0.07111481
3660,2022-03-13,2022,03,13,0.06223626,0.013809443,121.97619047619048,0.27818266,0.15905882,0.23771454,0.07927726,0.057762884
3661,2022-03-14,2022,03,14,0.112637594,0.042402595,8.261904761904763,0.26610392,0.25535682,0.23076263,0.1276874,0.105779946
3662,2022-03-15,2022,03,15,0.108161986,0.0239194,25.833333333333332,0.34138024,0.19781835,0.2860553,0.10166085,0.09659918
3663,2022-03-16,2022,03,16,0.1355019,0.021670412,35.57142857142857,0.22317016,0.10649663,0.22294998,0.058170922,0.12344695
3664,2022-03-17,2022,03,17,0.09600983,0.018014932,260.14285714285717,0.15323515,0.08519076,0.18799384,0.05096377,0.08915541
3665,2022-03-18,2022,03,18,0.10747043,0.023560047,118.02380952380952,0.15570687,0.10239949,0.17989376,0.062848225,0.10030859
3666,2022-03-19,2022,03,19,0.106458776,0.024745723,6.285714285714286,0.23267286,0.18597382,0.22434354,0.10071348,0.0968949
3667,2022-03-20,2022,03,20,0.14966235,0.015832324,22.595238095238095,0.3133999,0.10012583,0.26861906,0.052795023,0.13378055
3668,2022-03-21,2022,03,21,0.13883823,0.016599258,311.6666666666667,0.10517504,0.04503383,0.16284145,0.02730591,0.1308088
3669,2022-03-22,2022,03,22,0.13227884,0.021197012,12.785714285714286,0.057728857,0.089808926,0.12916347,0.058995727,0.12654214
3670,2022-03-23,2022,03,23,0.12968381,0.027962353,10.976190476190476,0.23982668,0.19324948,0.22402354,0.11274295,0.11777071
3671,2022-03-24,2022,03,24,0.33148146,0.008440899,0.14285714285714285,0.06788858,0.050216846,0.10905,0.03354297,0.31127948
3672,2022-03-25,2022,03,25,0.19911127,0.02616893,2.1666666666666665,0.034517642,0.039723728,0.11881853,0.02664325,0.19174519
3673,2022-03-26,2022,03,26,0.1649199,0.02303577,1.4523809523809523,0.2861175,0.17683454,0.24867566,0.10125139,0.14882258
3674,2022-03-27,2022,03,27,0.14699857,0.026162913,21.238095238095237,0.46530482,0.18339403,0.3499553,0.093658224,0.12426596
3675,2022-03-28,2022,03,28,0.14819676,0.030292159,95.0952380952381,0.22054122,0.12635307,0.22235928,0.07204811,0.13377751
3676,2022-03-29,2022,03,29,0.12484535,0.0210457,31.61904761904762,0.12460205,0.08774801,0.1711276,0.05378364,0.11592362
3677,2022-03-30,2022,03,30,,,0.07142857142857142,,,,,
3678,2022-03-31,2022,03,31,0.14687505,0.021840336,5.119047619047619,0.67295945,0.14073011,0.44688326,0.06301425,0.11573595
3679,2022-04-01,2022,04,01,,,0.023809523809523808,,,,,
3680,2022-04-02,2022,04,02,0.1661701,0.01254818,3.4285714285714284,0.48044315,0.10612215,0.36711994,0.05376449,0.13770446
3681,2022-04-03,2022,04,03,0.16773957,0.008137604,23.023809523809526,0.5198932,0.09430314,0.37749633,0.0486326,0.13985403
3682,2022-04-04,2022,04,04,0.13895924,0.010428702,29.976190476190474,0.31952798,0.11805745,0.282668,0.06384166,0.12200345
3683,2022-04-05,2022,04,05,0.15231195,0.03220542,8.761904761904763,0.4108414,0.17405468,0.3272163,0.08903391,0.1308718
3684,2022-04-06,2022,04,06,0.18856603,0.021447813,326.57142857142856,0.15804379,0.042574268,0.19175532,0.026803331,0.17417291
3685,2022-04-07,2022,04,07,0.21801059,0.031757075,20.80952380952381,0.26966846,0.10661554,0.24731186,0.061375074,0.19283552
3686,2022-04-08,2022,04,08,0.13565,0.01628864,59.023809523809526,0.36083117,0.16903631,0.29938182,0.09396926,0.11902534
3687,2022-04-09,2022,04,09,0.20457211,0.023901816,58.92857142857143,0.19238727,0.068557695,0.2122706,0.041160233,0.18686189
3688,2022-04-10,2022,04,10,0.09829212,0.020076172,1.619047619047619,0.4540429,0.20729296,0.33784506,0.0972747,0.08905692
3689,2022-04-11,2022,04,11,0.20144698,0.011784172,0.35714285714285715,0.21869642,0.069516845,0.22841108,0.038871933,0.18272555
3690,2022-04-12,2022,04,12,0.18011697,0.022727277,22.785714285714285,0.08410512,0.044102736,0.14195926,0.026096221,0.17024636
3691,2022-04-13,2022,04,13,0.13982877,0.015129089,0.9047619047619048,0.18729123,0.11362478,0.19844541,0.06859942,0.12681141
3692,2022-04-14,2022,04,14,0.078044295,0.008301474,23.857142857142858,0.26153803,0.112453625,0.2336117,0.05619485,0.07203037
3693,2022-04-15,2022,04,15,0.058242068,0.007979778,1.0714285714285714,1.1590198,0.30818117,0.6557047,0.12844476,0.039562006
3694,2022-04-16,2022,04,16,0.09380183,0.02350952,19.571428571428573,0.4673204,0.22003394,0.34891975,0.10988707,0.080582
3695,2022-04-17,2022,04,17,0.115669526,0.029358195,22.285714285714285,0.6017386,0.28481355,0.41122457,0.13590996,0.09604431
3696,2022-04-18,2022,04,18,0.091147184,0.031903822,71.66666666666667,0.5170681,0.25532255,0.3618295,0.1268207,0.07939779
3697,2022-04-19,2022,04,19,0.07536874,0.023050137,78.19047619047619,0.6416725,0.29771826,0.41186443,0.14198048,0.06370056
3698,2022-04-20,2022,04,20,0.07422389,0.020063397,27.857142857142858,0.7807321,0.3570581,0.48851794,0.15511714,0.058594637
3699,2022-04-21,2022,04,21,0.16819428,0.02897946,57.785714285714285,0.38030106,0.15084569,0.3029586,0.0752756,0.14916395
3700,2022-04-22,2022,04,22,0.12246273,0.02369254,134.8095238095238,0.33392486,0.14282572,0.2857094,0.0735747,0.10774781
3701,2022-04-23,2022,04,23,0.15509145,0.019571094,28.38095238095238,0.53683656,0.15970352,0.390334,0.0793255,0.12697957
3702,2022-04-24,2022,04,24,0.15442151,0.017132206,14.5,0.26033384,0.1203278,0.24445121,0.07277839,0.13767152
3703,2022-04-25,2022,04,25,0.12776065,0.023941055,43.142857142857146,0.17431673,0.14239752,0.19100508,0.08535762,0.11751951
3704,2022-04-26,2022,04,26,0.14624262,0.029221985,0.5,0.75925285,0.19271317,0.4970566,0.08415748,0.11297381
3705,2022-04-27,2022,04,27,0.20573373,0.025002189,5.214285714285714,0.49610892,0.11989596,0.37463295,0.06196965,0.17025681
3706,2022-04-28,2022,04,28,0.18082646,0.025411109,13.071428571428571,0.6188702,0.16784742,0.42489043,0.08005619,0.14424956
3707,2022-04-29,2022,04,29,0.12752794,0.015532386,28.38095238095238,0.37841952,0.1341852,0.30813652,0.07208638,0.109686
3708,2022-04-30,2022,04,30,0.27631235,0.06625287,0.5952380952380952,0.12878062,0.08841711,0.15360987,0.04788623,0.25540006
3709,2022-05-01,2022,05,01,,,0.0,,,,,
3710,2022-05-02,2022,05,02,,,0.07142857142857142,,,,,
3711,2022-05-03,2022,05,03,0.21515363,0.017760236,1.7857142857142858,0.45242792,0.09856871,0.34037676,0.048736766,0.18071905
3712,2022-05-04,2022,05,04,,,0.0,,,,,
3713,2022-05-05,2022,05,05,0.099767156,0.01766974,12.952380952380953,0.22120517,0.17316134,0.22194313,0.102284364,0.090633914
3714,2022-05-06,2022,05,06,0.10176507,0.006632308,3.3095238095238093,1.1277509,0.3893274,0.63461727,0.1715763,0.07088164
3715,2022-05-07,2022,05,07,0.123547584,0.023477847,0.47619047619047616,1.1116996,0.3501674,0.63261217,0.13986766,0.08779978
3716,2022-05-08,2022,05,08,0.17425941,0.025414322,3.119047619047619,0.5856928,0.19585954,0.41638023,0.095144086,0.14015737
3717,2022-05-09,2022,05,09,0.16587582,0.022745928,31.047619047619047,0.28887415,0.11860109,0.25839463,0.065489754,0.14700316
3718,2022-05-10,2022,05,10,0.11894469,0.02490165,30.166666666666668,0.41542086,0.21818931,0.3221449,0.114669174,0.1016249
3719,2022-05-11,2022,05,11,0.109654725,0.0090655405,11.261904761904763,0.2108461,0.1171147,0.20699163,0.056922577,0.09956024
3720,2022-05-12,2022,05,12,,,0.0,,,,,
3721,2022-05-13,2022,05,13,0.19422865,0.033376735,21.0,0.16137321,0.12929785,0.1817085,0.07489074,0.17904136
3722,2022-05-14,2022,05,14,0.16285695,0.026011443,46.166666666666664,0.21818684,0.13958932,0.22041161,0.08234395,0.14755613
3723,2022-05-15,2022,05,15,0.12400167,0.022738611,68.64285714285714,0.2652409,0.16526054,0.2388247,0.09440217,0.11116121
3724,2022-05-16,2022,05,16,0.09048785,0.015811153,12.166666666666666,0.5158837,0.12112437,0.3409835,0.058770802,0.079960406
3725,2022-05-17,2022,05,17,,,0.0,,,,,
3726,2022-05-18,2022,05,18,0.15844065,0.016316254,2.8333333333333335,0.23445891,0.07129377,0.23560317,0.04011996,0.14358817
3727,2022-05-19,2022,05,19,0.15989386,0.027940197,71.69047619047619,0.17116998,0.11378361,0.19646709,0.06937672,0.14742714
3728,2022-05-20,2022,05,20,0.16987063,0.013957528,191.3095238095238,0.02285348,0.028388882,0.11324376,0.019840017,0.16391565
3729,2022-05-21,2022,05,21,,,0.0,,,,,
3730,2022-05-22,2022,05,22,,,0.0,,,,,
3731,2022-05-23,2022,05,23,0.08508094,0.020830413,23.547619047619047,0.5051246,0.1902021,0.3419248,0.084257774,0.07921456
3732,2022-05-24,2022,05,24,0.13870391,0.031085689,43.80952380952381,0.15168841,0.13244352,0.18732397,0.0778819,0.12970735
3733,2022-05-25,2022,05,25,0.1998927,0.029901994,1.7619047619047619,0.059874766,0.07220137,0.11419554,0.055837106,0.19020282
3734,2022-05-26,2022,05,26,0.12090387,0.007829277,1.119047619047619,1.2406502,0.20180449,0.68097574,0.08400615,0.082999066
3735,2022-05-27,2022,05,27,0.105315186,0.015007893,2.5,0.4106029,0.22241461,0.3222114,0.112475954,0.08999493
3736,2022-05-28,2022,05,28,0.11841615,0.038582254,12.380952380952381,0.30896172,0.27740142,0.25584716,0.12956992,0.111470684
3737,2022-05-29,2022,05,29,0.09011597,0.02229583,64.45238095238095,0.60084677,0.23653877,0.40906274,0.112569846,0.074336305
3738,2022-05-30,2022,05,30,0.12983876,0.01958986,182.57142857142858,0.011916669,0.024377728,0.106104046,0.017161055,0.12581192
3739,2022-05-31,2022,05,31,0.122465044,0.021177962,64.88095238095238,-0.005519982,0.023318669,0.09204849,0.02197169,0.11933035
3740,2022-06-01,2022,06,01,0.089690596,0.021099964,24.023809523809526,0.2539683,0.15175897,0.2263235,0.0824853,0.08281749
3741,2022-06-02,2022,06,02,,,0.0,,,,,
3742,2022-06-03,2022,06,03,0.16231324,0.047051065,0.7619047619047619,0.2313497,0.26931816,0.21398605,0.15205143,0.15066418
3743,2022-06-04,2022,06,04,0.097465895,0.025386285,3.6666666666666665,1.0419714,0.32321304,0.6061405,0.13897021,0.069443814
3744,2022-06-05,2022,06,05,0.074269906,0.015186395,3.0952380952380953,1.1916496,0.32413185,0.6548827,0.1384519,0.05119552
3745,2022-06-06,2022,06,06,0.082563065,0.020105388,73.4047619047619,0.24854562,0.18421192,0.22769675,0.09764815,0.076437585
3746,2022-06-07,2022,06,07,,,0.0,,,,,
3747,2022-06-08,2022,06,08,0.112783834,0.029641656,21.333333333333332,0.21355961,0.13745362,0.21910892,0.07374343,0.10506628
3748,2022-06-09,2022,06,09,0.06854185,0.014649823,283.5952380952381,0.29292688,0.16708723,0.26072198,0.08520079,0.06226823
3749,2022-06-10,2022,06,10,0.116262786,0.015150403,64.23809523809524,0.3753962,0.114690974,0.31008777,0.06359362,0.10115541
3750,2022-06-11,2022,06,11,0.1543986,0.03475104,0.14285714285714285,0.70416224,0.41045418,0.45469794,0.22586708,0.12253682
3751,2022-06-12,2022,06,12,,,0.0,,,,,
3752,2022-06-13,2022,06,13,,,0.0,,,,,
3753,2022-06-14,2022,06,14,0.15338786,0.018818265,54.04761904761905,0.14082415,0.07043172,0.1833932,0.041345797,0.14255479
3754,2022-06-15,2022,06,15,0.14672856,0.024470715,178.14285714285714,0.23590346,0.1240593,0.23499075,0.06967383,0.1321613
3755,2022-06-16,2022,06,16,0.13015383,0.023548739,12.047619047619047,0.43508974,0.16905655,0.32153925,0.08821801,0.114676975
3756,2022-06-17,2022,06,17,0.063775174,0.010834114,27.595238095238095,0.72528696,0.17759655,0.44081944,0.08130686,0.05071259
3757,2022-06-18,2022,06,18,,,0.0,,,,,
3758,2022-06-19,2022,06,19,0.16172121,0.020828355,5.119047619047619,0.5318893,0.19620502,0.38403103,0.09335357,0.1346583
3759,2022-06-20,2022,06,20,0.1660985,0.022140065,9.547619047619047,0.19698581,0.08088134,0.21256888,0.045186557,0.15194276
3760,2022-06-21,2022,06,21,,,0.0,,,,,
3761,2022-06-22,2022,06,22,,,0.0,,,,,
3762,2022-06-23,2022,06,23,,,0.023809523809523808,,,,,
3763,2022-06-24,2022,06,24,0.11261518,0.018462028,0.6904761904761905,0.97383726,0.15390112,0.58547586,0.06716369,0.0816405
3764,2022-06-25,2022,06,25,0.19403428,0.03804942,5.0476190476190474,0.09622476,0.17142384,0.1481169,0.10219426,0.1850145
3765,2022-06-26,2022,06,26,0.1736076,0.030746823,19.357142857142858,0.13592559,0.16539642,0.17044865,0.09852703,0.16352028
3766,2022-06-27,2022,06,27,0.113047004,0.029290909,54.166666666666664,0.08321053,0.13339575,0.13892888,0.0809244,0.10795491
3767,2022-06-28,2022,06,28,0.1211501,0.030979123,6.071428571428571,0.5085901,0.31741995,0.34279722,0.15728824,0.105797485
3768,2022-06-29,2022,06,29,,,0.0,,,,,
3769,2022-06-30,2022,06,30,0.15567343,0.023186095,1.6428571428571428,0.46280083,0.14127146,0.3527031,0.075273804,0.13370486
3770,2022-07-01,2022,07,01,0.13417862,0.026228057,16.19047619047619,0.3143953,0.17045821,0.26940918,0.09132045,0.120476566
3771,2022-07-02,2022,07,02,0.18458867,0.03447164,0.7619047619047619,0.25846523,0.13566686,0.23359878,0.08361902,0.16535255
3772,2022-07-03,2022,07,03,,,0.023809523809523808,,,,,
3773,2022-07-04,2022,07,04,,,0.0,,,,,
3774,2022-07-05,2022,07,05,0.078706004,0.027459374,46.523809523809526,0.6064299,0.25522494,0.4046514,0.11940303,0.0669405
3775,2022-07-06,2022,07,06,0.06599986,0.020563357,51.833333333333336,1.173562,0.36617824,0.65381694,0.15129596,0.046709508
3776,2022-07-07,2022,07,07,0.04220538,0.01431577,64.4047619047619,1.2360096,0.39663658,0.67297566,0.16843128,0.029111197
3777,2022-07-08,2022,07,08,0.06202796,0.008727902,5.333333333333333,0.56939524,0.22932158,0.3782136,0.10490197,0.05277448
3778,2022-07-09,2022,07,09,,,0.0,,,,,
3779,2022-07-10,2022,07,10,0.044994645,0.02417498,0.6666666666666666,1.4644115,0.16167879,0.76720655,0.057910968,0.028412685
3780,2022-07-11,2022,07,11,0.07795542,0.0051691416,0.14285714285714285,1.3738457,0.21351942,0.73750603,0.0730825,0.048890788
3781,2022-07-12,2022,07,12,0.08725465,0.010085819,1.5476190476190477,1.2729844,0.18905593,0.69476783,0.07160516,0.057807736
3782,2022-07-13,2022,07,13,0.072667584,0.009316555,4.0476190476190474,1.3324528,0.26793256,0.7127447,0.10928059,0.047232505
3783,2022-07-14,2022,07,14,0.022721086,0.012001244,0.4523809523809524,1.5456755,0.032285675,0.79632485,0.010725568,0.0138906455
3784,2022-07-15,2022,07,15,,,0.0,,,,,
3785,2022-07-16,2022,07,16,,,0.07142857142857142,,,,,
3786,2022-07-17,2022,07,17,,,0.0,,,,,
3787,2022-07-18,2022,07,18,0.1274669,0.0046730493,0.14285714285714285,0.5642126,0.057923593,0.4108779,0.027753519,0.10303006
3788,2022-07-19,2022,07,19,0.13949952,0.00973269,2.4047619047619047,0.867228,0.13645105,0.54587823,0.061623067,0.10292999
3789,2022-07-20,2022,07,20,,,0.0,,,,,
3790,2022-07-21,2022,07,21,0.26614338,0.030376082,4.619047619047619,0.21661456,0.096527874,0.17065334,0.04391538,0.25629672
3791,2022-07-22,2022,07,22,0.14660722,0.033573378,23.357142857142858,0.4886208,0.20983253,0.34735668,0.105945505,0.12789574
3792,2022-07-23,2022,07,23,0.14814037,0.021954931,5.166666666666667,0.3777896,0.15670551,0.28081062,0.077087276,0.13291204
3793,2022-07-24,2022,07,24,,,0.047619047619047616,,,,,
3794,2022-07-25,2022,07,25,,,0.0,,,,,
3795,2022-07-26,2022,07,26,,,0.0,,,,,
3796,2022-08-10,2022,08,10,0.10114151,0.03676353,17.071428571428573,0.03412638,0.10990381,0.11135538,0.07005531,0.09698906
3797,2022-08-11,2022,08,11,0.10104962,0.01854886,28.928571428571427,0.62556106,0.20644316,0.42892003,0.09300572,0.082814634
3798,2022-08-12,2022,08,12,0.1157399,0.019990543,59.23809523809524,0.67093796,0.22377057,0.44924876,0.10414193,0.09258477
3799,2022-08-13,2022,08,13,0.14015354,0.009184095,3.9047619047619047,0.8883375,0.13632196,0.5521362,0.058897782,0.10318434
3800,2022-08-14,2022,08,14,0.14533386,0.018318618,0.3333333333333333,0.25202733,0.06236083,0.23171812,0.0334258,0.1282367
3801,2022-08-15,2022,08,15,,,0.0,,,,,
3802,2022-08-16,2022,08,16,0.08908925,0.024113366,0.4523809523809524,1.3898062,0.22388603,0.740969,0.08085019,0.057899397
3803,2022-08-17,2022,08,17,0.11213259,0.015777852,2.7142857142857144,0.90143216,0.16739078,0.5578363,0.07148981,0.08239915
3804,2022-08-18,2022,08,18,0.1316418,0.019139197,1.0,0.88043576,0.26279193,0.5388671,0.10660985,0.09812968
3805,2022-08-19,2022,08,19,,,0.0,,,,,
3806,2022-08-20,2022,08,20,,,0.07142857142857142,,,,,
3807,2022-08-21,2022,08,21,,,0.0,,,,,
3808,2022-08-22,2022,08,22,,,0.14285714285714285,,,,,
3809,2022-08-23,2022,08,23,0.111148305,0.0130274305,1.3095238095238095,0.5590076,0.26255617,0.3992878,0.13217527,0.09048055
3810,2022-08-24,2022,08,24,0.094474405,0.010752646,1.9047619047619047,1.2089685,0.24304006,0.67328143,0.09837488,0.06373539
3811,2022-08-25,2022,08,25,0.09978149,0.012553669,1.7619047619047619,1.0000293,0.26667035,0.5859677,0.11303648,0.07094337
3812,2022-08-26,2022,08,26,0.06305189,0.004190612,0.5476190476190477,0.9052396,0.27952564,0.5570293,0.11936458,0.04607312
3813,2022-08-27,2022,08,27,0.12517703,0.016282465,0.7857142857142857,1.0131531,0.11862312,0.6003882,0.04671011,0.09015098
3814,2022-08-28,2022,08,28,0.08677154,0.017038843,42.785714285714285,0.726607,0.2605246,0.4731378,0.11833421,0.06769589
3815,2022-08-29,2022,08,29,0.10457719,0.01750576,97.21428571428571,0.56933904,0.18690434,0.40392482,0.09310713,0.08580889
3816,2022-08-30,2022,08,30,0.07858579,0.009803324,74.64285714285714,0.70032775,0.18739757,0.46873313,0.087378666,0.060987957
3817,2022-08-31,2022,08,31,0.062055808,0.010432292,12.0,1.1301517,0.209815,0.63067603,0.08479927,0.044488918
3818,2022-09-01,2022,09,01,0.016454643,0.015896596,13.428571428571429,1.4678457,0.20014882,0.76620424,0.07979392,0.011273153
3819,2022-09-02,2022,09,02,0.16270491,0.029850345,29.38095238095238,0.16591063,0.123688266,0.18964244,0.07448573,0.15289043
3820,2022-09-03,2022,09,03,0.15360376,0.020691745,204.33333333333334,0.24547562,0.09753046,0.23922333,0.056160524,0.13881314
3821,2022-09-04,2022,09,04,0.18236661,0.023892675,8.619047619047619,0.0977801,0.08729,0.15389061,0.055165272,0.17147034
3822,2022-09-05,2022,09,05,0.13424872,0.027352344,46.04761904761905,0.6678721,0.22825755,0.43289936,0.109324306,0.11234718
3823,2022-09-06,2022,09,06,0.13409805,0.054103654,11.523809523809524,0.4684612,0.33479676,0.32130975,0.15685344,0.12485635
3824,2022-09-07,2022,09,07,0.08606583,0.026669944,32.904761904761905,0.88081783,0.3164213,0.53176004,0.14151011,0.06807012
3825,2022-09-08,2022,09,08,0.18107523,0.021517633,15.071428571428571,0.559565,0.23867686,0.38682628,0.11790915,0.14898461
3826,2022-09-09,2022,09,09,0.3111613,0.046734188,1.0714285714285714,0.75409335,0.10769675,0.47142228,0.046501767,0.2477328
3827,2022-09-10,2022,09,10,0.30581933,0.029421983,46.38095238095238,0.8702439,0.18232007,0.55643487,0.09137897,0.22140361
3828,2022-09-11,2022,09,11,0.20158218,0.018904623,3.238095238095238,0.5855425,0.13029015,0.41784117,0.064694166,0.16268928
3829,2022-09-12,2022,09,12,0.16357999,0.025110546,1.880952380952381,1.0302114,0.23694558,0.6038732,0.0959348,0.118073575
3830,2022-09-13,2022,09,13,0.12633553,0.018739771,51.404761904761905,0.7744312,0.19807024,0.5005031,0.08861316,0.09660832
3831,2022-09-14,2022,09,14,0.05437801,0.010918711,139.23809523809524,0.97308296,0.30709368,0.57326037,0.13631481,0.040055573
3832,2022-09-15,2022,09,15,0.045782097,0.01135066,123.0952380952381,0.80372256,0.36095986,0.49345976,0.16519463,0.035464663
3833,2022-09-16,2022,09,16,0.09864869,0.0088715665,21.904761904761905,0.6765124,0.15958296,0.45210478,0.076145194,0.07797089
3834,2022-09-17,2022,09,17,0.06935957,0.025073215,32.285714285714285,0.8583276,0.35371143,0.5223354,0.14877546,0.054903474
3835,2022-09-18,2022,09,18,0.07691441,0.023340117,120.88095238095238,0.6070193,0.26961187,0.41094604,0.12513995,0.06491257
3836,2022-09-19,2022,09,19,0.07080096,0.017244767,158.66666666666666,0.626735,0.2920576,0.42350942,0.13820794,0.05832706
3837,2022-09-20,2022,09,20,0.06078127,0.010246011,162.0,0.6413943,0.25113288,0.43435833,0.121332,0.048725557
3838,2022-09-21,2022,09,21,0.07508322,0.008324186,101.0952380952381,0.23478721,0.13076997,0.2318428,0.07142283,0.06789826
3839,2022-09-22,2022,09,22,0.052857637,0.0075179683,8.928571428571429,0.6756228,0.094658166,0.41157842,0.048483323,0.049486317
3840,2022-09-23,2022,09,23,0.13835715,0.016611243,34.523809523809526,0.30811155,0.08064367,0.2774796,0.044198237,0.12165371
3841,2022-09-24,2022,09,24,0.11092509,0.016838899,80.69047619047619,0.39448074,0.16543703,0.31986156,0.08787253,0.09597592
3842,2022-09-25,2022,09,25,0.102795735,0.018177154,40.404761904761905,0.46795663,0.18221064,0.35155317,0.093166836,0.08865597
3843,2022-09-26,2022,09,26,0.09318503,0.011650202,9.785714285714286,0.95255005,0.17282207,0.57884246,0.070410244,0.066462345
3844,2022-09-27,2022,09,27,0.05144127,0.01270409,0.4523809523809524,0.9919388,0.26159847,0.5838639,0.10402599,0.03962649
3845,2022-09-28,2022,09,28,0.071558975,0.010803542,4.785714285714286,0.47180948,0.13523778,0.3601765,0.06919029,0.059661884
3846,2022-09-29,2022,09,29,0.1071206,0.020526482,11.523809523809524,0.22131261,0.14091752,0.22236872,0.07391033,0.09892813
3847,2022-09-30,2022,09,30,0.10999046,0.008026216,2.2142857142857144,0.78488266,0.14048383,0.50494367,0.0628632,0.08321756
3848,2022-10-01,2022,10,01,0.079835266,0.007708727,4.285714285714286,1.1261207,0.1298086,0.6460537,0.050282534,0.054729085
3849,2022-10-02,2022,10,02,0.08762027,0.030662978,29.404761904761905,0.6453288,0.30054218,0.4247434,0.13816735,0.073766254
3850,2022-10-03,2022,10,03,0.06852002,0.035838045,6.523809523809524,0.84867984,0.27069324,0.511579,0.12252618,0.05665929
3851,2022-10-04,2022,10,04,0.057078898,0.015829893,29.904761904761905,0.5996032,0.30133936,0.41373956,0.14466837,0.046165284
3852,2022-10-05,2022,10,05,0.08640467,0.01082172,5.142857142857143,0.7458506,0.23616758,0.48700014,0.108607665,0.06627827
3853,2022-10-06,2022,10,06,0.07171236,0.012324065,24.357142857142858,0.95531476,0.260467,0.57347035,0.115144305,0.05207514
3854,2022-10-07,2022,10,07,0.0799629,0.012169185,37.904761904761905,0.6452228,0.17853346,0.43234393,0.08374633,0.06439448
3855,2022-10-08,2022,10,08,0.12364388,0.020102363,43.54761904761905,0.4957971,0.14639224,0.3518972,0.0674004,0.1092101
3856,2022-10-09,2022,10,09,0.12859315,0.013587154,21.595238095238095,0.38943297,0.11640972,0.31874734,0.06072881,0.11034652
3857,2022-10-10,2022,10,10,0.11756407,0.016226506,11.380952380952381,0.82915205,0.19771856,0.52555853,0.08787872,0.08816481
3858,2022-10-11,2022,10,11,0.10000236,0.011318163,83.5,0.8025415,0.15420613,0.51502675,0.070933856,0.07447663
3859,2022-10-12,2022,10,12,0.09285295,0.012902474,86.11904761904762,0.942501,0.15440719,0.5714115,0.067771055,0.06731808
3860,2022-10-13,2022,10,13,0.11977186,0.024320763,29.61904761904762,0.8977086,0.23156536,0.5498987,0.096548714,0.0880761
3861,2022-10-14,2022,10,14,0.080551475,0.015806349,0.19047619047619047,0.80617565,0.09392578,0.52117056,0.04117096,0.06059125
3862,2022-10-15,2022,10,15,0.09502931,0.015505538,54.595238095238095,0.7111133,0.23753534,0.46765012,0.10764754,0.07547663
3863,2022-10-16,2022,10,16,0.0481072,0.010209121,115.92857142857143,1.12316,0.28741077,0.6382432,0.11924645,0.034124102
3864,2022-10-17,2022,10,17,0.034290627,0.007824203,88.28571428571429,1.2801877,0.25373274,0.6964882,0.103635006,0.023187809
3865,2022-10-18,2022,10,18,0.06555938,0.022786586,63.80952380952381,1.0478605,0.24781147,0.6016534,0.103999846,0.050025206
3866,2022-10-19,2022,10,19,0.109113514,0.029722445,30.833333333333332,0.71845,0.2548139,0.46418655,0.11604037,0.0890798
3867,2022-10-20,2022,10,20,0.08141271,0.0138918795,68.64285714285714,0.8777983,0.22347872,0.5368797,0.09720803,0.0635023
3868,2022-10-21,2022,10,21,0.10282408,0.015468207,65.28571428571429,0.77488977,0.19333865,0.5004735,0.08822966,0.07871274
3869,2022-10-22,2022,10,22,0.10795158,0.012101817,50.69047619047619,0.8611435,0.16372079,0.54129934,0.072524846,0.079581685
3870,2022-10-23,2022,10,23,0.13636583,0.016774066,35.19047619047619,0.15857226,0.098304376,0.18274385,0.051277135,0.12921223
3871,2022-10-24,2022,10,24,0.1715107,0.018731799,54.904761904761905,0.09725134,0.042145155,0.15651035,0.025407037,0.1620313
3872,2022-10-25,2022,10,25,0.104490675,0.012983152,61.714285714285715,0.16078478,0.068825476,0.19272721,0.037554488,0.096818015
3873,2022-10-26,2022,10,26,0.08288258,0.013032742,32.666666666666664,0.3236618,0.11903297,0.27270833,0.059446033,0.07479034
3874,2022-10-27,2022,10,27,0.08213197,0.010615061,32.166666666666664,0.25789425,0.09433268,0.24081664,0.048065074,0.07359054
3875,2022-10-28,2022,10,28,0.06089839,0.007989258,25.047619047619047,0.8506421,0.18746711,0.53127825,0.081296675,0.04572877
3876,2022-10-29,2022,10,29,0.15785576,0.023958998,1.7380952380952381,0.3713885,0.078448355,0.295404,0.040567875,0.14116113
3877,2022-10-30,2022,10,30,0.1448166,0.0127062285,3.761904761904762,0.1447178,0.04388755,0.1821644,0.026649382,0.1355354
3878,2022-10-31,2022,10,31,0.08113543,0.009316586,0.23809523809523808,0.27726865,0.12411971,0.26072922,0.06907089,0.07148481
3879,2022-11-01,2022,11,01,0.07636175,0.018632555,35.88095238095238,0.55126387,0.274122,0.3852901,0.13198125,0.063912585
3880,2022-11-02,2022,11,02,0.07415363,0.010649194,79.57142857142857,0.054688677,0.052095808,0.13165921,0.029320689,0.07021564
3881,2022-11-03,2022,11,03,0.082369894,0.01773581,110.47619047619048,0.117804304,0.1027351,0.16790462,0.05886791,0.07728808
3882,2022-11-04,2022,11,04,0.11030445,0.01552602,64.78571428571429,0.22246678,0.07416275,0.21621633,0.03547124,0.1029146
3883,2022-11-05,2022,11,05,0.1141917,0.01101438,1.119047619047619,0.46477935,0.16738647,0.34682664,0.07878667,0.09890093
3884,2022-11-06,2022,11,06,0.051390998,0.009040318,21.547619047619047,0.7667803,0.2907776,0.485042,0.13261412,0.038745064
3885,2022-11-07,2022,11,07,0.048236102,0.011602835,49.76190476190476,0.91006994,0.28514495,0.5480793,0.12259735,0.03621936
3886,2022-11-08,2022,11,08,0.07185079,0.013873151,88.73809523809524,0.46920294,0.18998134,0.34995416,0.09370707,0.06159364
3887,2022-11-09,2022,11,09,0.118734896,0.023707602,94.02380952380952,0.13502543,0.08580024,0.17744096,0.049152806,0.110709965
3888,2022-11-10,2022,11,10,0.07542976,0.016930677,64.54761904761905,0.29568124,0.119906336,0.26827154,0.0641799,0.06736413
3889,2022-11-11,2022,11,11,0.07931027,0.019036205,24.857142857142858,0.4426797,0.2176863,0.3409503,0.11017339,0.06775707
3890,2022-11-12,2022,11,12,0.0797713,0.010623207,3.142857142857143,0.7898222,0.22881162,0.48715958,0.09823685,0.06304827
3891,2022-11-13,2022,11,13,0.07050865,0.010478815,13.80952380952381,0.698149,0.18677376,0.45733193,0.08341977,0.055121105
3892,2022-11-14,2022,11,14,0.11344162,0.041842025,4.833333333333333,0.8045751,0.27566484,0.50555074,0.12110542,0.088334985
3893,2022-11-15,2022,11,15,0.09640447,0.015937934,4.285714285714286,0.9116245,0.17790127,0.5567486,0.073754236,0.071334325
3894,2022-11-16,2022,11,16,0.0653286,0.01043595,100.64285714285714,0.2782859,0.102877006,0.25940272,0.056661606,0.05813397
3895,2022-11-17,2022,11,17,0.04533225,0.0071122968,267.35714285714283,0.14471065,0.10032954,0.18227969,0.05543682,0.04180529
3896,2022-11-18,2022,11,18,0.05799827,0.006505181,113.95238095238095,0.024628386,0.034680866,0.114889614,0.0205915,0.05538207
3897,2022-11-19,2022,11,19,0.14861223,0.016334878,17.833333333333332,0.1274238,0.049595263,0.17523421,0.028456427,0.13934785
3898,2022-11-20,2022,11,20,0.11260043,0.025131777,55.07142857142857,0.36355424,0.10425991,0.30502838,0.055301465,0.09817394
3899,2022-11-21,2022,11,21,0.056078065,0.010858365,155.83333333333334,0.5197568,0.14326455,0.3849829,0.07198489,0.046336673
3900,2022-11-22,2022,11,22,0.049846888,0.008150555,152.1904761904762,0.49299365,0.15318382,0.3700043,0.078410335,0.04154282
3901,2022-11-23,2022,11,23,0.054996647,0.010157374,87.02380952380952,0.19847965,0.12307023,0.21456377,0.069445685,0.04988575
3902,2022-11-24,2022,11,24,0.06764535,0.013025094,40.523809523809526,0.33110973,0.1657072,0.28733757,0.089853786,0.058810037
3903,2022-11-25,2022,11,25,0.08106153,0.023614721,148.16666666666666,0.2765709,0.119787596,0.2573089,0.064972416,0.07293672
3904,2022-11-26,2022,11,26,0.045517445,0.009785484,144.21428571428572,0.29550287,0.13936052,0.2656641,0.07413244,0.040922526
3905,2022-11-27,2022,11,27,0.038464412,0.008398082,85.4047619047619,0.29117686,0.2041852,0.258855,0.10583292,0.03441496
3906,2022-11-28,2022,11,28,0.13025197,0.0053884923,0.40476190476190477,0.41877013,0.04379592,0.33787498,0.022448702,0.109682925
3907,2022-11-29,2022,11,29,0.0661586,0.012609826,26.523809523809526,0.76336473,0.27668956,0.48477465,0.12307252,0.052256387
3908,2022-11-30,2022,11,30,0.050357208,0.014430971,112.9047619047619,0.79618984,0.270366,0.5030419,0.11905027,0.039129622
3909,2022-12-01,2022,12,01,0.15740347,0.037138686,65.78571428571429,1.0422708,0.26050055,0.6118158,0.10781997,0.11092818
3910,2022-12-02,2022,12,02,0.12212721,0.025842413,41.42857142857143,0.75172657,0.22718905,0.47543716,0.10089629,0.09360833
3911,2022-12-03,2022,12,03,0.06799654,0.01733487,97.26190476190476,0.55415887,0.2608688,0.386786,0.12830822,0.053791326
3912,2022-12-04,2022,12,04,0.052659743,0.014456358,89.11904761904762,1.0578586,0.3937641,0.60470915,0.1690941,0.037149098
3913,2022-12-05,2022,12,05,0.07570128,0.023851272,84.5952380952381,0.9691414,0.31858614,0.5612104,0.14166683,0.05504003
3914,2022-12-06,2022,12,06,0.0755269,0.0215895,22.785714285714285,0.82107234,0.2760256,0.5113296,0.123566106,0.057659507
3915,2022-12-07,2022,12,07,0.04737063,0.011916374,100.11904761904762,0.39953628,0.16335472,0.32256177,0.084896035,0.04053082
3916,2022-12-08,2022,12,08,0.031970967,0.01103694,173.1904761904762,0.57392925,0.29806253,0.40206394,0.14422993,0.02646951
3917,2022-12-09,2022,12,09,0.03122128,0.0060900887,98.71428571428571,0.9055834,0.29221615,0.54987,0.12505244,0.023131741
3918,2022-12-10,2022,12,10,0.088181295,0.019986965,33.57142857142857,0.47255284,0.24046914,0.34597042,0.11628581,0.07794472
3919,2022-12-11,2022,12,11,0.10560138,0.022643946,56.76190476190476,0.46864164,0.1567901,0.35187984,0.07806553,0.08968303
3920,2022-12-12,2022,12,12,0.12349638,0.01848737,33.76190476190476,0.24763593,0.0881631,0.24177139,0.04738059,0.112207115
3921,2022-12-13,2022,12,13,0.108398534,0.017687947,12.071428571428571,0.94543123,0.24715304,0.56966025,0.10153997,0.07973136
3922,2022-12-14,2022,12,14,0.11830064,0.018481042,1.0238095238095237,0.66603374,0.1437583,0.43809685,0.0685979,0.09815016
3923,2022-12-15,2022,12,15,0.1461537,0.029049834,11.833333333333334,0.6694943,0.21779604,0.4385496,0.10369413,0.11833395
3924,2022-12-16,2022,12,16,0.11655264,0.025635913,64.76190476190476,0.8771323,0.26244152,0.5324683,0.113340236,0.0905024
3925,2022-12-17,2022,12,17,0.07772624,0.013553856,61.19047619047619,1.100484,0.24581817,0.6266611,0.09888171,0.054633945
3926,2022-12-18,2022,12,18,0.09370686,0.020998392,37.07142857142857,0.8052993,0.20755224,0.49432883,0.09399807,0.0735666
3927,2022-12-19,2022,12,19,0.06703318,0.011760499,101.4047619047619,1.169181,0.26174524,0.6579567,0.104337126,0.046081662
3928,2022-12-20,2022,12,20,0.055559378,0.010388175,50.88095238095238,1.1890491,0.2890161,0.6642859,0.11809121,0.037835963
3929,2022-12-21,2022,12,21,0.10162617,0.025593555,97.83333333333333,0.5490211,0.23452786,0.3870846,0.11348491,0.0843059
3930,2022-12-22,2022,12,22,0.13011165,0.032194413,52.857142857142854,0.42595872,0.17981058,0.32636195,0.08679077,0.11395207
3931,2022-12-23,2022,12,23,0.04620369,0.0091748675,35.5,0.9624375,0.362411,0.5687263,0.15728387,0.03446765
3932,2022-12-24,2022,12,24,0.0613491,0.00756138,0.2857142857142857,0.6392327,0.07580912,0.40502873,0.030737441,0.05256245
3933,2022-12-25,2022,12,25,0.054011907,0.0202901,54.69047619047619,0.34141076,0.2763213,0.28323227,0.14182824,0.04790838
3934,2022-12-26,2022,12,26,0.08038072,0.037935864,70.9047619047619,0.3695033,0.28343046,0.2979319,0.14508078,0.072570875
3935,2022-12-27,2022,12,27,0.097158,0.03755182,29.476190476190474,0.2506875,0.21301886,0.24008898,0.11476771,0.08899321
3936,2022-12-28,2022,12,28,0.079967186,0.020011464,8.238095238095237,0.6787264,0.22603025,0.45245126,0.1012467,0.06479042
3937,2022-12-29,2022,12,29,0.062466588,0.01973423,6.785714285714286,0.37007648,0.27916485,0.29535338,0.14020556,0.056462128
3938,2022-12-30,2022,12,30,0.051569767,0.01136487,24.142857142857142,0.9603609,0.2924284,0.56244403,0.12264202,0.03935605
3939,2022-12-31,2022,12,31,0.0620331,0.014458982,20.69047619047619,0.76104397,0.31492558,0.47614366,0.14431724,0.049590398
3940,2023-01-01,2023,01,01,0.09417921,0.010516236,92.02380952380952,0.09797241,0.052934784,0.15857701,0.031029483,0.08860022
3941,2023-01-02,2023,01,02,,,0.0,,,,,
3942,2023-01-03,2023,01,03,0.079073824,0.012690602,2.380952380952381,0.576673,0.20863627,0.40505078,0.09951414,0.065623574
3943,2023-01-04,2023,01,04,0.08783652,0.012911884,47.45238095238095,0.21439572,0.1218875,0.2208151,0.067702025,0.07987833
3944,2023-01-05,2023,01,05,0.11169479,0.017562022,179.07142857142858,0.050077394,0.04024811,0.12861618,0.024046257,0.107262224
3945,2023-01-06,2023,01,06,0.11654162,0.016389335,90.76190476190476,0.1392424,0.073032744,0.18249671,0.042720597,0.10824656
3946,2023-01-07,2023,01,07,0.11491843,0.02488199,106.69047619047619,0.22903433,0.08413782,0.23196927,0.048883863,0.10425185
3947,2023-01-08,2023,01,08,0.087048136,0.015428955,140.54761904761904,0.2278768,0.105693854,0.22982252,0.057777774,0.08023936
3948,2023-01-09,2023,01,09,0.07811924,0.022973485,62.88095238095238,0.24962984,0.16913709,0.23947622,0.09092713,0.07146371
3949,2023-01-10,2023,01,10,0.121382795,0.021652695,144.57142857142858,0.15155122,0.08057919,0.17676911,0.045151215,0.11588091
3950,2023-01-11,2023,01,11,0.10992636,0.02276152,110.38095238095238,0.18972136,0.13375682,0.20300825,0.069979414,0.102554984
3951,2023-01-12,2023,01,12,0.14838922,0.029371597,22.952380952380953,0.21327038,0.117837176,0.22098471,0.06574908,0.13584653
3952,2023-01-13,2023,01,13,0.07969341,0.021701504,96.14285714285714,0.3059357,0.13416468,0.27135742,0.070939295,0.07199223
3953,2023-01-14,2023,01,14,0.13138507,0.021042377,3.3095238095238093,0.050212424,0.045442905,0.13026331,0.026801147,0.12612224
3954,2023-01-15,2023,01,15,0.15958141,0.027998773,49.95238095238095,0.054500233,0.06066963,0.13010044,0.0382984,0.15280671
3955,2023-01-16,2023,01,16,0.20185438,0.021580236,24.214285714285715,0.15576372,0.08728324,0.18257467,0.05963137,0.18609779
3956,2023-01-17,2023,01,17,0.16640396,0.027161928,21.11904761904762,0.3604753,0.103974044,0.30097768,0.058125034,0.14378634
3957,2023-01-18,2023,01,18,0.10653768,0.024125906,38.833333333333336,0.47710922,0.13504143,0.363027,0.06891389,0.089873575
3958,2023-01-19,2023,01,19,0.07973612,0.009854227,15.404761904761905,0.47440398,0.17167047,0.3616914,0.08748567,0.066280454
3959,2023-01-20,2023,01,20,0.06607201,0.0091246255,15.571428571428571,0.858484,0.21761447,0.53242755,0.09562618,0.049348213
3960,2023-01-21,2023,01,21,0.067276396,0.012447798,20.11904761904762,0.05162921,0.048977617,0.13059634,0.028907426,0.06380621
3961,2023-01-22,2023,01,22,0.11652523,0.011704452,126.5952380952381,0.030171232,0.025172953,0.117978305,0.014701968,0.1125809
3962,2023-01-23,2023,01,23,0.20801236,0.011387386,19.19047619047619,0.04136066,0.021540241,0.12238178,0.01422748,0.1991866
3963,2023-01-24,2023,01,24,0.1338166,0.032286596,12.047619047619047,0.13086966,0.07532647,0.17225523,0.043173812,0.1251132
3964,2023-01-25,2023,01,25,0.14673391,0.026282927,1.7857142857142858,0.12053249,0.04620577,0.16408657,0.028368836,0.1361948
3965,2023-01-26,2023,01,26,0.10606443,0.034337793,43.45238095238095,0.21568719,0.14907151,0.21808904,0.08379585,0.09650073
3966,2023-01-27,2023,01,27,0.1022133,0.024404794,134.26190476190476,0.2262532,0.11452476,0.2185762,0.05940007,0.09488517
3967,2023-01-28,2023,01,28,0.094867416,0.009327288,79.57142857142857,0.071275614,0.03294507,0.14295055,0.019560577,0.09072704
3968,2023-01-29,2023,01,29,0.11328156,0.01266815,13.30952380952381,0.2706487,0.09180524,0.2558737,0.049182046,0.10094213
3969,2023-01-30,2023,01,30,0.13063699,0.021508414,34.404761904761905,0.22462787,0.11375202,0.22953269,0.062121518,0.118932515
3970,2023-01-31,2023,01,31,0.089736566,0.013021689,62.857142857142854,0.16499649,0.102625564,0.19614361,0.059207357,0.08263238
3971,2023-02-01,2023,02,01,0.09067999,0.020765534,95.69047619047619,0.3274425,0.15921906,0.27829447,0.08871772,0.08028814
3972,2023-02-02,2023,02,02,0.21510856,0.03610319,19.0,0.16336119,0.07721183,0.1862987,0.050979685,0.1978354
3973,2023-02-03,2023,02,03,0.11677824,0.026124535,95.80952380952381,0.3434912,0.11964428,0.29073778,0.064073674,0.10346575
3974,2023-02-04,2023,02,04,0.04746345,0.010260975,210.16666666666666,0.42837626,0.17445406,0.33702245,0.08967595,0.040581115
3975,2023-02-05,2023,02,05,0.15067497,0.016572796,46.54761904761905,0.36040905,0.108802065,0.3020544,0.05761861,0.13097961
3976,2023-02-06,2023,02,06,0.12426565,0.009403732,0.5,0.107615724,0.08058796,0.16457163,0.047709547,0.115752764
3977,2023-02-07,2023,02,07,0.09428119,0.0095983455,30.071428571428573,0.04103124,0.034896247,0.1229685,0.022053247,0.090465054
3978,2023-02-08,2023,02,08,0.11372895,0.02909367,97.30952380952381,0.11966801,0.05965784,0.17050345,0.036032267,0.10693233
3979,2023-02-09,2023,02,09,0.12184515,0.02472527,114.54761904761905,0.12426432,0.07798986,0.17278343,0.046086177,0.11425049
3980,2023-02-10,2023,02,10,0.09663158,0.016245008,173.1904761904762,0.12586266,0.09324606,0.17409305,0.05428055,0.090534605
3981,2023-02-11,2023,02,11,0.14570262,0.011915223,7.023809523809524,0.6233554,0.119752675,0.43559527,0.056965206,0.11591636
3982,2023-02-12,2023,02,12,0.17525257,0.022307072,22.38095238095238,0.20789492,0.082772486,0.2167996,0.045415048,0.15913537
3983,2023-02-13,2023,02,13,0.17932308,0.021546116,2.0714285714285716,0.33481857,0.10455491,0.2873404,0.058840893,0.15742813
3984,2023-02-14,2023,02,14,0.22998692,0.008978899,0.38095238095238093,0.6020869,0.11826902,0.42153955,0.04722881,0.18449616
3985,2023-02-15,2023,02,15,0.1315032,0.021485584,7.238095238095238,0.6363888,0.16808219,0.43216622,0.07607515,0.1064214
3986,2023-02-16,2023,02,16,0.16196842,0.020017738,3.9285714285714284,0.22776549,0.10293683,0.22183396,0.059268568,0.14660473
3987,2023-02-17,2023,02,17,0.107821725,0.01657433,18.023809523809526,0.6196625,0.18732594,0.42780864,0.08859429,0.08721243
3988,2023-02-18,2023,02,18,0.09964909,0.029574992,49.95238095238095,0.6931613,0.27752888,0.44924134,0.12265332,0.08154342
3989,2023-02-19,2023,02,19,0.16895568,0.023857092,39.88095238095238,0.29376513,0.11862561,0.26518542,0.059744876,0.15021951
3990,2023-02-20,2023,02,20,0.14272203,0.019819295,36.595238095238095,0.26944146,0.106771454,0.25368,0.057429776,0.1281465
3991,2023-02-21,2023,02,21,0.16885962,0.017337658,93.61904761904762,0.17304939,0.07527401,0.20083831,0.042831283,0.15576398
3992,2023-02-22,2023,02,22,0.19721383,0.02423544,4.857142857142857,0.23709539,0.094491914,0.23591124,0.05362443,0.1773628
3993,2023-02-23,2023,02,23,0.12958084,0.021315446,46.07142857142857,0.55734444,0.1853454,0.40006337,0.08867554,0.10677926
3994,2023-02-24,2023,02,24,0.11592902,0.025054352,19.952380952380953,0.74900866,0.20022888,0.47245157,0.087205276,0.09512421
3995,2023-02-25,2023,02,25,0.1602216,0.023348996,46.23809523809524,0.16706188,0.108743556,0.19637072,0.05965448,0.14826876
3996,2023-02-26,2023,02,26,0.094336316,0.020052105,93.9047619047619,0.35534224,0.18393414,0.2949049,0.09679687,0.08203145
3997,2023-02-27,2023,02,27,0.08523548,0.024960179,57.357142857142854,0.45175263,0.26122183,0.3331519,0.13059345,0.07367288
3998,2023-02-28,2023,02,28,0.07692637,0.021128232,73.9047619047619,0.7773597,0.2745997,0.4891334,0.124540985,0.06048771
3999,2023-03-01,2023,03,01,0.13404542,0.025781924,21.69047619047619,0.44715112,0.10503199,0.31439635,0.051228434,0.123586744
4000,2023-03-02,2023,03,02,0.16816887,0.011648721,10.166666666666666,0.10935098,0.031028677,0.16526201,0.018226292,0.15856121
4001,2023-03-03,2023,03,03,0.0926603,0.012670448,0.5952380952380952,0.9869266,0.2434379,0.5869914,0.09936884,0.06616414
4002,2023-03-04,2023,03,04,0.13419741,0.028658198,14.833333333333334,0.21751118,0.18622814,0.2043244,0.104080975,0.1231214
4003,2023-03-05,2023,03,05,0.20335363,0.03873316,4.857142857142857,0.28612128,0.12747389,0.2414733,0.076713,0.17935699
4004,2023-03-06,2023,03,06,0.27119988,0.092110515,2.857142857142857,0.34169674,0.15508369,0.27947193,0.0924576,0.23385954
4005,2023-03-07,2023,03,07,0.15490961,0.03375502,35.19047619047619,0.4903513,0.18108079,0.35882488,0.08973643,0.13250545
4006,2023-03-08,2023,03,08,0.07657466,0.020053133,88.28571428571429,0.53764933,0.24467261,0.38531384,0.119483374,0.06415689
4007,2023-03-09,2023,03,09,0.057059355,0.020546922,200.61904761904762,0.5378845,0.31202385,0.3751787,0.15204875,0.049575694
4008,2023-03-10,2023,03,10,0.09217715,0.03555817,67.78571428571429,0.42066544,0.2898469,0.31960815,0.14559548,0.079949245
4009,2023-03-11,2023,03,11,0.061261553,0.040883478,26.571428571428573,0.7485355,0.55622274,0.45786577,0.2538805,0.051869813
4010,2023-03-12,2023,03,12,0.14077792,0.047115393,20.166666666666668,0.635973,0.36728215,0.41177732,0.16875982,0.122389756
4011,2023-03-13,2023,03,13,0.19845359,0.054294128,0.6904761904761905,0.4958259,0.25777116,0.3392389,0.1255314,0.17615081
4012,2023-03-14,2023,03,14,0.18605283,0.022816623,3.4523809523809526,0.13258597,0.10096348,0.16090791,0.064935565,0.17243642
4013,2023-03-15,2023,03,15,0.1232726,0.03344377,1.4523809523809523,0.81243867,0.30914253,0.4890871,0.15078348,0.09830028
4014,2023-03-16,2023,03,16,0.1412315,0.038433522,5.5,0.33730564,0.20561957,0.27493614,0.10886501,0.12757088
4015,2023-03-17,2023,03,17,0.23387448,0.04048451,5.238095238095238,0.15396413,0.092443295,0.16803627,0.056999028,0.21678099
4016,2023-03-18,2023,03,18,0.17788662,0.039953616,6.904761904761905,0.3680705,0.12910624,0.30413002,0.069537275,0.15355583
4017,2023-03-19,2023,03,19,0.14106636,0.025504055,41.166666666666664,0.22350362,0.124397196,0.21560809,0.069014214,0.12945625
4018,2023-03-20,2023,03,20,0.10965345,0.026189983,92.23809523809524,0.2697819,0.18624292,0.239821,0.10157281,0.10009986
4019,2023-03-21,2023,03,21,0.17502445,0.032055065,37.023809523809526,0.13275029,0.09347697,0.1699674,0.054370474,0.16425283
4020,2023-03-22,2023,03,22,0.100573786,0.014620454,28.285714285714285,0.5144373,0.16878031,0.3678029,0.07969433,0.08427855
4021,2023-03-23,2023,03,23,0.15904588,0.019831954,34.54761904761905,0.59506655,0.13487779,0.4208542,0.06193951,0.12864324
4022,2023-03-24,2023,03,24,0.1517373,0.01910799,13.142857142857142,0.51680267,0.13621072,0.38056564,0.06661379,0.12637632
4023,2023-03-25,2023,03,25,0.14504822,0.014549803,16.11904761904762,0.18620147,0.09248597,0.20692807,0.05208985,0.13273726
4024,2023-03-26,2023,03,26,0.20668116,0.028970446,3.0952380952380953,0.2629333,0.09822651,0.24213505,0.0573818,0.18449454
4025,2023-03-27,2023,03,27,0.115951866,0.024423797,32.666666666666664,0.17578897,0.12901151,0.18512642,0.062538825,0.10794609
4026,2023-03-28,2023,03,28,0.112966105,0.031183004,15.738095238095237,0.39183688,0.19546549,0.3107025,0.09240349,0.09952903
4027,2023-03-29,2023,03,29,0.15131398,0.02719208,75.11904761904762,0.51534194,0.146359,0.35559577,0.06818421,0.13395296
4028,2023-03-30,2023,03,30,0.15691559,0.030019384,110.61904761904762,0.27021545,0.13151608,0.25141367,0.07331871,0.13992016
4029,2023-03-31,2023,03,31,0.09104427,0.013631182,78.11904761904762,0.6701905,0.19874352,0.4512516,0.09710019,0.07202466
4030,2023-04-01,2023,04,01,0.094105974,0.0096889315,57.88095238095238,0.58652806,0.18425262,0.40218568,0.08792191,0.07757211
4031,2023-04-02,2023,04,02,0.07963778,0.038846932,3.3333333333333335,1.0054445,0.30416194,0.5760823,0.13019727,0.06079474
4032,2023-04-03,2023,04,03,0.1249839,0.02622395,6.690476190476191,1.0603417,0.17253256,0.61003935,0.071524866,0.091478094
4033,2023-04-04,2023,04,04,0.22816557,0.014943978,0.14285714285714285,0.6051777,0.07942429,0.40267724,0.0077193147,0.18014887
4034,2023-04-05,2023,04,05,0.14802667,0.003908862,0.2857142857142857,0.65255654,0.13123505,0.4488924,0.058654953,0.11705779
4035,2023-04-06,2023,04,06,0.1115522,0.008089875,0.4523809523809524,1.0194805,0.09459165,0.5911695,0.04085908,0.08038701
4036,2023-04-07,2023,04,07,0.20390609,0.08016827,5.785714285714286,0.6641429,0.2996824,0.43442747,0.13975158,0.16452727
4037,2023-04-08,2023,04,08,0.09752839,0.035996187,60.69047619047619,0.57907087,0.30645835,0.38863304,0.14463753,0.08624441
4038,2023-04-09,2023,04,09,0.09525537,0.01747891,19.833333333333332,0.8894341,0.2864487,0.5378386,0.12616758,0.07398468
4039,2023-04-10,2023,04,10,0.07591028,0.019320896,88.16666666666667,0.9300246,0.34710327,0.545853,0.15286162,0.058998175
4040,2023-04-11,2023,04,11,0.14112966,0.030093875,4.5476190476190474,0.4193707,0.3047491,0.30514243,0.15986077,0.12387944
4041,2023-04-12,2023,04,12,0.11194795,0.026296936,0.16666666666666666,0.61318934,0.45534065,0.41251618,0.20440954,0.0914261
4042,2023-04-13,2023,04,13,0.15689632,0.027888838,2.5952380952380953,0.70621234,0.27441204,0.46523848,0.12572777,0.12440051
4043,2023-04-14,2023,04,14,0.137921,0.02183123,14.30952380952381,0.6285326,0.1946899,0.42836905,0.08877216,0.112342216
4044,2023-04-15,2023,04,15,0.09929039,0.024257384,17.404761904761905,0.98305887,0.3273471,0.58092934,0.13873266,0.07271529
4045,2023-04-16,2023,04,16,0.08027255,0.016093727,18.071428571428573,0.675099,0.25143346,0.4450972,0.12164358,0.064084604
4046,2023-04-17,2023,04,17,0.10330994,0.011698646,11.261904761904763,1.0590099,0.17130242,0.60952735,0.071209185,0.07464059
4047,2023-04-18,2023,04,18,0.16463175,0.0058920053,0.09523809523809523,0.6116332,0.07112535,0.4334984,0.033247862,0.13112317
4048,2023-04-19,2023,04,19,0.13057974,0.025880625,23.38095238095238,0.76466644,0.21786635,0.4863143,0.09933177,0.10279889
4049,2023-04-20,2023,04,20,0.13801196,0.019875031,274.7857142857143,0.17185555,0.062732674,0.20208842,0.03661678,0.1268717
4050,2023-04-21,2023,04,21,0.10812453,0.015604937,295.4047619047619,0.08632132,0.06203191,0.1501612,0.03977116,0.102341734
4051,2023-04-22,2023,04,22,0.18237604,0.02868409,1.4285714285714286,-0.05184889,0.049419295,0.037768994,0.044960372,0.17934528
4052,2023-04-23,2023,04,23,,,0.023809523809523808,,,,,
4053,2023-04-24,2023,04,24,,,0.023809523809523808,,,,,
4054,2023-04-25,2023,04,25,0.21954297,0.025610616,0.30952380952380953,0.012260471,0.083346926,0.09112836,0.06987721,0.21120158
4055,2023-04-26,2023,04,26,,,0.0,,,,,
4056,2023-04-27,2023,04,27,,,0.0,,,,,
4057,2023-04-28,2023,04,28,,,0.0,,,,,
4058,2023-04-29,2023,04,29,,,0.0,,,,,
4059,2023-04-30,2023,04,30,0.10719989,0.016800174,7.928571428571429,1.1070254,0.1945115,0.6351459,0.078390524,0.07444408
4060,2023-05-01,2023,05,01,0.16628632,0.021289464,26.404761904761905,0.7817852,0.16950223,0.503713,0.0751002,0.12741004
4061,2023-05-02,2023,05,02,0.16249996,0.023026979,13.80952380952381,0.70559347,0.16934218,0.46676716,0.082117155,0.12730652
4062,2023-05-16,2023,05,16,0.07780072,0.016370106,2.0952380952380953,0.8345363,0.3692251,0.52086014,0.16826431,0.058971304
4063,2023-05-17,2023,05,17,0.06571489,0.00923898,19.952380952380953,0.9373801,0.30432284,0.5612347,0.13504821,0.047766864
4064,2023-05-18,2023,05,18,0.08006431,0.011144766,22.285714285714285,0.43442,0.19486304,0.3207563,0.09595413,0.07017979
4065,2023-05-19,2023,05,19,0.092219606,0.010051384,2.5714285714285716,0.9169128,0.0908077,0.568311,0.038519032,0.06687762
4066,2023-05-20,2023,05,20,,,0.0,,,,,
4067,2023-05-21,2023,05,21,0.20729637,0.017192665,1.8571428571428572,0.54448545,0.12885368,0.39766446,0.06474281,0.16880319
4068,2023-05-22,2023,05,22,,,0.0,,,,,
4069,2023-05-23,2023,05,23,0.16062663,0.009312185,0.9523809523809523,0.31588963,0.11957463,0.28074232,0.065633655,0.14054765
4070,2023-05-24,2023,05,24,,,0.09523809523809523,,,,,
4071,2023-05-25,2023,05,25,,,0.0,,,,,
4072,2023-05-26,2023,05,26,0.14650771,0.0427505,0.47619047619047616,1.0635355,0.37314972,0.6135761,0.1560325,0.10508493
4073,2023-05-27,2023,05,27,0.098067805,0.027039668,5.142857142857143,1.0261972,0.3197512,0.6002768,0.13251147,0.07125444
4074,2023-05-28,2023,05,28,0.13556617,0.013153372,1.3333333333333333,1.0080488,0.3009904,0.5926697,0.13132387,0.097330436
4075,2023-05-29,2023,05,29,0.0786729,0.010324292,73.61904761904762,1.0532488,0.27839988,0.61120784,0.119369484,0.055364054
4076,2023-05-30,2023,05,30,0.06314273,0.013460272,5.142857142857143,1.0610138,0.41300964,0.60139376,0.18371361,0.045438334
4077,2023-05-31,2023,05,31,0.1276117,0.026500281,4.214285714285714,0.6647551,0.2117437,0.44353634,0.09423551,0.104563884
4078,2023-06-01,2023,06,01,0.12522036,0.027133092,12.19047619047619,0.7803115,0.23744489,0.5008002,0.10391875,0.09771
4079,2023-06-02,2023,06,02,0.21209176,0.013410143,0.7619047619047619,0.6640274,0.09113287,0.4522795,0.046043713,0.16659889
4080,2023-06-03,2023,06,03,0.2094984,0.053242724,2.1666666666666665,0.40760964,0.15818377,0.3141284,0.09062455,0.1800506
4081,2023-06-04,2023,06,04,0.13476469,0.028225496,0.42857142857142855,0.216995,0.118152276,0.22218972,0.0676713,0.12218801
4082,2023-06-05,2023,06,05,,,0.0,,,,,
4083,2023-06-06,2023,06,06,0.22376047,0.021393372,1.119047619047619,0.3306603,0.1083612,0.27649724,0.060354106,0.19290611
4084,2023-06-07,2023,06,07,0.26633385,0.015491466,0.9761904761904762,0.40130928,0.05558111,0.31814906,0.030398795,0.22786188
4085,2023-06-08,2023,06,08,0.15649188,0.023893565,18.071428571428573,0.7679424,0.16195796,0.4942932,0.07512897,0.12017332
4086,2023-06-09,2023,06,09,0.13870063,0.024143675,4.571428571428571,0.74833786,0.23276739,0.48520836,0.11810366,0.10806745
4087,2023-06-10,2023,06,10,0.11378883,0.010312678,5.285714285714286,0.14074384,0.08481303,0.18165973,0.047916852,0.105167605
4088,2023-06-11,2023,06,11,0.09872687,0.023049634,16.547619047619047,0.6855185,0.2285226,0.4499376,0.10537271,0.08114759
4089,2023-06-12,2023,06,12,0.106263585,0.020439988,28.357142857142858,0.9645916,0.26996025,0.5778484,0.11366325,0.07726357
4090,2023-06-13,2023,06,13,0.10767226,0.016406383,9.166666666666666,1.372089,0.20547314,0.73364186,0.077390745,0.0694864
4091,2023-06-14,2023,06,14,0.096107304,0.02086299,10.642857142857142,1.5064659,0.19148445,0.78243506,0.073960654,0.05868516
4092,2023-06-15,2023,06,15,0.1054302,0.0289085,3.0476190476190474,1.5283468,0.19249876,0.79253596,0.070658244,0.063297175
4093,2023-06-16,2023,06,16,,,0.0,,,,,
4094,2023-06-17,2023,06,17,0.09384773,0.008156142,0.30952380952380953,1.4382144,0.17346828,0.75768226,0.062725306,0.058986068
4095,2023-06-18,2023,06,18,0.23110226,0.013687387,0.6666666666666666,0.7091607,0.24460846,0.46730587,0.108192615,0.17757213
4096,2023-06-19,2023,06,19,0.12255971,0.025198381,1.5714285714285714,0.3611552,0.15095532,0.29409674,0.0783038,0.10548775
4097,2023-06-20,2023,06,20,0.10357737,0.012232248,29.19047619047619,0.03163675,0.032127604,0.116496295,0.023641072,0.09952775
4098,2023-06-21,2023,06,21,,,0.0,,,,,
4099,2023-06-22,2023,06,22,0.11855282,0.02063949,70.47619047619048,0.63227046,0.19162416,0.43345815,0.088348284,0.09524302
4100,2023-06-23,2023,06,23,0.09387701,0.019901194,192.61904761904762,0.83304083,0.27934244,0.5226612,0.12636513,0.07102883
4101,2023-06-24,2023,06,24,0.083966315,0.013055705,137.83333333333334,0.93486285,0.22239842,0.56833845,0.096560694,0.061106075
4102,2023-06-25,2023,06,25,0.0521681,0.010275609,25.285714285714285,0.80925006,0.24409516,0.49749884,0.109080926,0.04035533
4103,2023-06-26,2023,06,26,,,0.0,,,,,
4104,2023-06-27,2023,06,27,0.0860466,0.030703599,0.07142857142857142,1.2425936,0.27214932,0.6905295,0.09486167,0.05835423
4105,2023-06-28,2023,06,28,,,0.023809523809523808,,,,,
4106,2023-06-29,2023,06,29,0.101641506,0.0077322847,0.07142857142857142,1.1546949,0.41100666,0.65324193,0.15493988,0.07096552
4107,2023-06-30,2023,06,30,,,0.0,,,,,
4108,2023-07-01,2023,07,01,,,0.0,,,,,
4109,2023-07-02,2023,07,02,,,0.047619047619047616,,,,,
4110,2023-07-03,2023,07,03,0.17824703,0.014653172,1.0952380952380953,0.7741212,0.09102265,0.50689524,0.039879378,0.13531314
4111,2023-07-04,2023,07,04,0.13822995,0.0036391905,0.14285714285714285,1.042049,0.15591191,0.61744004,0.061841287,0.096425
4112,2023-07-05,2023,07,05,,,0.0,,,,,
4113,2023-07-06,2023,07,06,,,0.0,,,,,
4114,2023-07-07,2023,07,07,,,0.0,,,,,
4115,2023-07-08,2023,07,08,,,0.0,,,,,
4116,2023-07-09,2023,07,09,0.11524286,0.012877891,1.9761904761904763,0.8634267,0.27571976,0.5396128,0.11500989,0.08564096
4117,2023-07-10,2023,07,10,0.09255049,0.009580091,0.6190476190476191,0.77985495,0.25674275,0.49607924,0.11844503,0.06978884
4118,2023-07-11,2023,07,11,,,0.023809523809523808,,,,,
4119,2023-07-12,2023,07,12,0.1399386,0.022467777,0.6428571428571429,0.23663877,0.25481626,0.23239352,0.13785873,0.12761357
4120,2023-07-13,2023,07,13,0.23609315,0.013352743,0.09523809523809523,0.086929835,0.1510752,0.15114315,0.088582546,0.22353697
4121,2023-07-14,2023,07,14,0.2056845,0.029839627,6.0476190476190474,0.068793215,0.13157468,0.1262192,0.08868834,0.19571336
4122,2023-07-15,2023,07,15,,,0.0,,,,,
4123,2023-07-16,2023,07,16,,,0.0,,,,,
4124,2023-07-17,2023,07,17,,,0.0,,,,,
4125,2023-07-18,2023,07,18,0.2757992,0.027674424,0.2619047619047619,0.6327504,0.13423783,0.4307705,0.05321547,0.21630922
4126,2023-07-19,2023,07,19,,,0.0,,,,,
4127,2023-07-20,2023,07,20,,,0.0,,,,,
4128,2023-07-21,2023,07,21,0.16145337,0.006978115,0.8333333333333334,0.45378968,0.20439306,0.3514126,0.10608133,0.1358848
4129,2023-07-22,2023,07,22,0.15275097,0.040918797,13.595238095238095,0.1048127,0.11666636,0.14494823,0.07393788,0.14261334
4130,2023-07-23,2023,07,23,,,0.0,,,,,
4131,2023-07-24,2023,07,24,0.17916691,0.037120357,15.380952380952381,0.36299452,0.17525314,0.29892066,0.09270656,0.15664993
4132,2023-07-25,2023,07,25,0.16914763,0.044493385,0.35714285714285715,0.08010147,0.111430824,0.14754488,0.06534107,0.16141847
4133,2023-07-26,2023,07,26,0.09695061,0.025345132,106.85714285714286,0.4630793,0.23485893,0.3393666,0.12093455,0.082303695
4134,2023-07-27,2023,07,27,0.14286722,0.03221064,38.095238095238095,0.028253894,0.0874086,0.10137491,0.06090651,0.1382999
4135,2023-07-28,2023,07,28,0.15019883,0.012233348,5.0,0.5352161,0.20289035,0.39201233,0.10095533,0.123222046
4136,2023-07-29,2023,07,29,0.17679925,0.029498741,18.857142857142858,0.2811954,0.18780927,0.24947017,0.10525519,0.15999399
4137,2023-07-30,2023,07,30,0.17115916,0.03030139,172.8095238095238,0.25522053,0.14151046,0.23398682,0.083689794,0.15607327
4138,2023-07-31,2023,07,31,0.18838331,0.032196797,95.5952380952381,0.36196527,0.15851177,0.29482615,0.08543256,0.16231735
4139,2023-08-01,2023,08,01,0.13795234,0.021145448,60.666666666666664,0.1245562,0.097178176,0.16522618,0.06023354,0.12887071
4140,2023-08-02,2023,08,02,0.08610901,0.011695737,5.476190476190476,0.22229071,0.15055937,0.22632948,0.085262954,0.07787984
4141,2023-08-03,2023,08,03,0.21353754,0.018276911,5.738095238095238,0.020583699,0.033435605,0.11087371,0.026160866,0.20632252
4142,2023-08-04,2023,08,04,0.118239336,0.026505657,15.404761904761905,0.28002518,0.12285793,0.2492488,0.061083104,0.1077446
4143,2023-08-05,2023,08,05,0.095735416,0.02220509,224.26190476190476,0.04471419,0.058494188,0.12530103,0.038069427,0.09182608
4144,2023-08-06,2023,08,06,0.16258584,0.03482257,73.85714285714286,-0.01858862,0.04497687,0.07236277,0.039788052,0.15900327
4145,2023-08-07,2023,08,07,0.22858594,0.037629995,2.4761904761904763,0.025887096,0.079181425,0.09876711,0.04799202,0.22222993
4146,2023-08-08,2023,08,08,,,0.023809523809523808,,,,,
4147,2023-08-09,2023,08,09,0.13928434,0.026650736,0.6666666666666666,0.88310975,0.29735112,0.53004587,0.13986744,0.10837766
4148,2023-08-10,2023,08,10,0.09937697,0.021434445,42.07142857142857,1.10597,0.24718931,0.63374776,0.10227123,0.070873156
4149,2023-08-11,2023,08,11,0.055232875,0.010244459,38.666666666666664,1.2421526,0.2563148,0.68154263,0.107455686,0.037674256
4150,2023-08-12,2023,08,12,0.060924005,0.011822772,24.38095238095238,0.8858071,0.31507516,0.5216245,0.14206119,0.04800932
4151,2023-08-13,2023,08,13,0.031674877,0.012443467,2.6904761904761907,1.4291596,0.3464167,0.74733824,0.15122694,0.02074585
4152,2023-08-14,2023,08,14,0.087485455,0.027437532,30.166666666666668,0.69053984,0.32024515,0.45085177,0.1392674,0.07169185
4153,2023-08-15,2023,08,15,0.07603607,0.019701246,43.595238095238095,0.92550695,0.29459822,0.55285954,0.12636296,0.057410087
4154,2023-08-16,2023,08,16,0.081897534,0.011203353,76.02380952380952,1.0750203,0.23327534,0.61394566,0.093306996,0.060048394
4155,2023-08-17,2023,08,17,0.08311162,0.007076729,14.5,1.0268655,0.17368813,0.6035681,0.07117653,0.05840427
4156,2023-08-18,2023,08,18,0.075104944,0.017662214,39.023809523809526,1.2917424,0.21624321,0.7020362,0.08717119,0.05000884
4157,2023-08-19,2023,08,19,0.10683197,0.02987805,0.8809523809523809,1.547248,0.2416925,0.8003592,0.08981123,0.06371501
4158,2023-08-20,2023,08,20,0.16980396,0.02272379,12.761904761904763,0.58361447,0.19053768,0.41175884,0.09304655,0.13588929
4159,2023-08-21,2023,08,21,0.14519255,0.018931769,39.54761904761905,0.7004378,0.21883886,0.45896435,0.101021044,0.1155794
4160,2023-08-22,2023,08,22,0.112908944,0.014151781,30.166666666666668,0.99501455,0.1975722,0.5879787,0.08531844,0.08108756
4161,2023-08-23,2023,08,23,0.098786816,0.015631957,15.476190476190476,1.1405922,0.21786523,0.64500517,0.09005356,0.067807436
4162,2023-08-24,2023,08,24,0.118005,0.035027854,2.261904761904762,0.76720876,0.23022923,0.4729992,0.0991437,0.09673688
4163,2023-08-25,2023,08,25,0.16700594,0.020791432,75.0952380952381,0.8143965,0.14348789,0.52171004,0.06493498,0.12541065
4164,2023-08-26,2023,08,26,0.14099689,0.020588333,101.76190476190476,0.9230811,0.1755946,0.5626422,0.07749511,0.101363
4165,2023-08-27,2023,08,27,0.0790484,0.011551976,3.7142857142857144,0.48099616,0.21673469,0.34773672,0.10406748,0.066811144
4166,2023-08-28,2023,08,28,0.10828962,0.019833123,105.21428571428571,-0.01341005,0.022968562,0.083366156,0.021177055,0.10603364
4167,2023-08-29,2023,08,29,0.08557484,0.007940786,27.023809523809526,0.15721367,0.11999285,0.1903969,0.067738414,0.07874061
4168,2023-08-30,2023,08,30,0.11030409,0.019707806,10.166666666666666,0.18539637,0.09513395,0.20845884,0.054081425,0.100995146
4169,2023-08-31,2023,08,31,0.14458056,0.015803505,11.833333333333334,0.25484964,0.12437002,0.2418833,0.06758204,0.13092056
4170,2023-09-01,2023,09,01,0.07678704,0.012105512,20.19047619047619,0.9066101,0.34969622,0.54767895,0.15254422,0.057602182
4171,2023-09-02,2023,09,02,0.054391187,0.014388484,108.42857142857143,1.0414972,0.37047532,0.5959535,0.16185923,0.03889254
4172,2023-09-03,2023,09,03,0.03392317,0.015235059,44.904761904761905,1.0197259,0.34078234,0.57457596,0.15012802,0.02709553
4173,2023-09-04,2023,09,04,0.03509559,0.020822724,29.0,0.92797095,0.4701545,0.53683716,0.20655234,0.030206501
4174,2023-09-05,2023,09,05,0.07731204,0.022043334,143.5,0.7814921,0.2956896,0.49730375,0.13292539,0.060462452
4175,2023-09-06,2023,09,06,0.07386901,0.016906023,93.54761904761905,0.88398534,0.33319694,0.54084325,0.14823702,0.055627
4176,2023-09-07,2023,09,07,0.1092925,0.024521526,69.85714285714286,0.86816865,0.23539259,0.5274831,0.1059354,0.076740414
4177,2023-09-08,2023,09,08,0.15273431,0.019797452,39.595238095238095,0.52383447,0.14888749,0.36737186,0.076704875,0.12778996
4178,2023-09-09,2023,09,09,,,0.0,,,,,
4179,2023-09-10,2023,09,10,0.34786984,0.074281365,4.428571428571429,0.71440625,0.27920544,0.45245895,0.13076508,0.2641142
4180,2023-09-11,2023,09,11,0.16767228,0.02890916,65.26190476190476,0.6028311,0.20362228,0.39815015,0.099206254,0.14215085
4181,2023-09-12,2023,09,12,0.13656773,0.025933005,67.71428571428571,0.09029889,0.11664754,0.14358495,0.07446917,0.12971675
4182,2023-09-13,2023,09,13,0.10445093,0.012021128,2.8333333333333335,0.2358705,0.136394,0.23482108,0.0770956,0.09361137
4183,2023-09-14,2023,09,14,0.14762196,0.010506008,0.8571428571428571,0.60593784,0.14362319,0.42806,0.068567164,0.117680326
4184,2023-09-15,2023,09,15,0.0871223,0.029168595,40.38095238095238,1.1378634,0.28377783,0.6308328,0.119746596,0.06041537
4185,2023-09-16,2023,09,16,0.083015785,0.02524454,158.92857142857142,0.8261402,0.34872252,0.50497323,0.1581854,0.062326074
4186,2023-09-17,2023,09,17,0.060665432,0.017452324,183.97619047619048,1.0177209,0.35336173,0.5860864,0.15630381,0.043823507
4187,2023-09-18,2023,09,18,0.063704886,0.0111062275,135.02380952380952,0.9673476,0.35806727,0.57034075,0.16032487,0.045860674
4188,2023-09-19,2023,09,19,0.074712224,0.010262581,86.04761904761905,0.96662366,0.24119383,0.57829463,0.10365056,0.053847075
4189,2023-09-20,2023,09,20,0.12079949,0.027859835,36.023809523809526,0.62843895,0.24001016,0.41950285,0.106895335,0.09940939
4190,2023-09-21,2023,09,21,0.17364514,0.019316873,14.857142857142858,0.3175897,0.13395949,0.27875313,0.07147602,0.15343119
4191,2023-09-22,2023,09,22,0.14114909,0.01806343,22.0,0.43155706,0.16849379,0.3369203,0.08741941,0.11984416
4192,2023-09-23,2023,09,23,0.09745012,0.012189077,33.214285714285715,0.67525345,0.18370906,0.4527253,0.08920688,0.075448886
4193,2023-09-24,2023,09,24,0.08687745,0.01278877,41.404761904761905,0.7283364,0.24486983,0.47181144,0.11447894,0.06884747
4194,2023-09-25,2023,09,25,0.10178716,0.035123352,50.07142857142857,0.58599216,0.26478255,0.38758323,0.11816777,0.08956824
4195,2023-09-26,2023,09,26,0.068705164,0.026741022,73.85714285714286,0.80743176,0.31998885,0.4878899,0.14228337,0.059824865
4196,2023-09-27,2023,09,27,0.11201979,0.017210778,96.64285714285714,0.112834975,0.08216206,0.16223274,0.04573237,0.10582907
4197,2023-09-28,2023,09,28,,,0.0,,,,,
4198,2023-09-29,2023,09,29,0.14298789,0.023689698,8.333333333333334,0.45743328,0.15204327,0.34205583,0.07589252,0.12458398
4199,2023-09-30,2023,09,30,0.042090792,0.021475147,36.785714285714285,1.0488418,0.35929263,0.5991212,0.1553748,0.031742986
4200,2023-10-01,2023,10,01,0.13389766,0.024285572,48.61904761904762,0.3038692,0.13444771,0.26961565,0.06767809,0.12009664
4201,2023-10-02,2023,10,02,0.14422734,0.021293893,148.21428571428572,0.17066245,0.07912079,0.20049278,0.04581661,0.13283601
4202,2023-10-03,2023,10,03,0.10255465,0.012219317,147.35714285714286,0.4609895,0.13108683,0.355129,0.06809542,0.08609443
4203,2023-10-04,2023,10,04,0.08104655,0.008698562,76.07142857142857,0.86994076,0.17769328,0.54153526,0.07876295,0.05979205
4204,2023-10-05,2023,10,05,0.0686465,0.020335779,135.04761904761904,0.8815618,0.27269015,0.5284835,0.117135435,0.05545633
4205,2023-10-06,2023,10,06,0.098765105,0.023231987,83.83333333333333,0.5369319,0.21816869,0.36690003,0.09614012,0.0872276
4206,2023-10-07,2023,10,07,0.07439316,0.01439662,68.14285714285714,0.7087779,0.21516737,0.4551691,0.09541215,0.062430806
4207,2023-10-08,2023,10,08,0.06552449,0.011538726,42.23809523809524,1.0176799,0.28751498,0.59312487,0.12444124,0.047891047
4208,2023-10-09,2023,10,09,0.0408549,0.00857003,55.80952380952381,1.1982454,0.30516392,0.66363233,0.1292124,0.028034875
4209,2023-10-10,2023,10,10,0.078185834,0.0137543,41.285714285714285,0.48369044,0.24905716,0.34551817,0.11768021,0.0671879
4210,2023-10-11,2023,10,11,0.1289907,0.019388422,12.571428571428571,0.42098272,0.17993395,0.3202938,0.08490837,0.11343681
4211,2023-10-12,2023,10,12,0.14060393,0.020757327,12.904761904761905,0.3484508,0.12340632,0.29631782,0.06462367,0.12331912
4212,2023-10-13,2023,10,13,0.10135063,0.013594489,25.428571428571427,0.5595984,0.14230402,0.4054913,0.07094579,0.0827206
4213,2023-10-14,2023,10,14,0.094643794,0.008530535,12.404761904761905,0.9051151,0.16742699,0.55101055,0.07560272,0.07074199
4214,2023-10-15,2023,10,15,0.08418472,0.015162976,21.142857142857142,0.8621621,0.17559677,0.53457594,0.082496725,0.06337991
4215,2023-10-16,2023,10,16,0.13207094,0.024897123,11.30952380952381,0.55586135,0.20530127,0.38258743,0.09678256,0.114068754
4216,2023-10-17,2023,10,17,0.07005774,0.020800764,6.9523809523809526,0.9479358,0.19705243,0.56755495,0.085653685,0.053504325
4217,2023-10-18,2023,10,18,0.08006522,0.015836889,49.30952380952381,0.18528414,0.11328115,0.19898014,0.059069306,0.0748203
4218,2023-10-19,2023,10,19,0.07570242,0.012073175,85.85714285714286,0.4516478,0.18409047,0.34645417,0.09597312,0.063824594
4219,2023-10-20,2023,10,20,0.07694699,0.013199173,76.30952380952381,0.63045883,0.21623412,0.41531473,0.10559389,0.06446204
4220,2023-10-21,2023,10,21,0.07698161,0.017328167,80.28571428571429,0.67100906,0.2673517,0.44176096,0.12274442,0.06426144
4221,2023-10-22,2023,10,22,0.0866275,0.025299918,60.11904761904762,0.72608453,0.275861,0.46375725,0.12163234,0.07099087
4222,2023-10-23,2023,10,23,0.117555425,0.01792031,117.66666666666667,0.12493203,0.07738116,0.17332251,0.044117272,0.11048238
4223,2023-10-24,2023,10,24,0.11785663,0.013652257,6.714285714285714,0.54593575,0.16559386,0.39500427,0.08166872,0.097384766
4224,2023-10-25,2023,10,25,0.073469125,0.006753226,0.7857142857142857,1.2219274,0.22783549,0.68136144,0.086266674,0.04861752
4225,2023-10-26,2023,10,26,0.0931249,0.016820151,9.928571428571429,0.8088552,0.23132826,0.5097975,0.10056855,0.07212442
4226,2023-10-27,2023,10,27,0.10129387,0.026381452,23.5,0.6301039,0.24890827,0.42383957,0.10988095,0.08349848
4227,2023-10-28,2023,10,28,0.0925974,0.013007327,5.380952380952381,0.5904884,0.11645727,0.40150335,0.05134543,0.079763174
4228,2023-10-29,2023,10,29,0.055473864,0.010656133,142.92857142857142,0.49703082,0.22496755,0.36034897,0.10605673,0.04674282
4229,2023-10-30,2023,10,30,0.05608218,0.0068398654,250.42857142857142,0.124814905,0.07569626,0.1720219,0.042843632,0.052436795
4230,2023-10-31,2023,10,31,0.08007393,0.024532676,164.11904761904762,0.30214626,0.17246658,0.26249087,0.09243742,0.072007194
4231,2023-11-01,2023,11,01,,,0.0,,,,,
4232,2023-11-02,2023,11,02,0.059585564,0.012171453,215.66666666666666,0.40223747,0.1375331,0.32265234,0.06990229,0.052248236
4233,2023-11-03,2023,11,03,0.036457073,0.006896798,350.8333333333333,0.6254958,0.18011619,0.4322103,0.08450254,0.029389093
4234,2023-11-04,2023,11,04,0.036311407,0.009991466,181.35714285714286,0.80616295,0.33746183,0.50092465,0.1527022,0.02842347
4235,2023-11-05,2023,11,05,0.037370525,0.01265811,75.4047619047619,0.71420723,0.3912958,0.45227832,0.18343037,0.030708672
4236,2023-11-06,2023,11,06,0.07605591,0.01781935,37.23809523809524,0.22770968,0.1201035,0.21888116,0.0615067,0.06979116
4237,2023-11-07,2023,11,07,0.14609051,0.015310597,51.38095238095238,0.17970419,0.08945373,0.19952431,0.045827337,0.13622771
4238,2023-11-08,2023,11,08,0.12065413,0.016717827,74.66666666666667,0.24119306,0.08211612,0.24003892,0.045791946,0.109021194
4239,2023-11-09,2023,11,09,0.101115264,0.010344812,78.42857142857143,0.14434288,0.073668,0.18312025,0.04185903,0.09294971
4240,2023-11-10,2023,11,10,0.06855877,0.0064748614,40.5,0.09641767,0.052543774,0.1545258,0.029822629,0.06444957
4241,2023-11-11,2023,11,11,,,0.0,,,,,
4242,2023-11-12,2023,11,12,0.10494205,0.021625774,55.857142857142854,0.4271893,0.14161746,0.33476284,0.072691485,0.090248436
4243,2023-11-13,2023,11,13,0.07521342,0.016087282,34.023809523809526,0.67082626,0.19902945,0.4515998,0.093803845,0.060724728
4244,2023-11-14,2023,11,14,0.07749364,0.014258245,43.95238095238095,0.5226679,0.20657119,0.38204086,0.10375554,0.065865576
4245,2023-11-15,2023,11,15,0.07142983,0.014126853,119.21428571428571,0.22023813,0.15497617,0.22562236,0.08516336,0.0642459
4246,2023-11-16,2023,11,16,0.07600589,0.012268943,141.97619047619048,0.2478508,0.13907027,0.24014616,0.07517366,0.068158746
4247,2023-11-17,2023,11,17,0.08127567,0.017821375,175.61904761904762,0.24357918,0.12929623,0.23318498,0.067278475,0.074719004
4248,2023-11-18,2023,11,18,0.09505026,0.019874979,104.9047619047619,0.09192439,0.059452135,0.15372229,0.033697106,0.08940314
4249,2023-11-19,2023,11,19,0.09424517,0.0126041295,33.285714285714285,0.11367735,0.05967226,0.16725743,0.034460764,0.08795706
4250,2023-11-20,2023,11,20,0.092186466,0.011434224,86.04761904761905,0.00015459079,0.0015800131,0.100270376,0.0009526193,0.089618966
4251,2023-11-21,2023,11,21,0.097240925,0.018380385,31.071428571428573,0.094092354,0.097798884,0.15193813,0.05832532,0.09157814
4252,2023-11-22,2023,11,22,0.087825075,0.02492227,180.38095238095238,0.20425844,0.12891445,0.21188268,0.06956827,0.08154166
4253,2023-11-23,2023,11,23,0.14177923,0.033654287,25.928571428571427,0.21264814,0.11786285,0.21530028,0.066127084,0.12992081
4254,2023-11-24,2023,11,24,0.09995708,0.011648621,4.666666666666667,0.21513565,0.09018883,0.2216261,0.049622513,0.09269467
4255,2023-11-25,2023,11,25,0.13926663,0.015443918,3.261904761904762,0.506126,0.13971731,0.37812552,0.070512466,0.11532805
4256,2023-11-26,2023,11,26,0.08996421,0.00991455,2.4047619047619047,0.690765,0.117796585,0.45883322,0.05372832,0.070803635
4257,2023-11-27,2023,11,27,0.10906479,0.03448254,23.285714285714285,0.7002166,0.33026913,0.45189965,0.15455605,0.08933503
4258,2023-11-28,2023,11,28,0.064179964,0.020969665,107.78571428571429,0.92206645,0.26368687,0.55419487,0.117085,0.049598817
4259,2023-11-29,2023,11,29,0.085724816,0.0205587,59.095238095238095,0.2727048,0.15294984,0.24960019,0.07851113,0.07836768
4260,2023-11-30,2023,11,30,0.07599134,0.02343541,49.92857142857143,0.14324504,0.12317427,0.18270662,0.069527015,0.071071245
4261,2023-12-01,2023,12,01,0.082493655,0.010088352,79.52380952380952,0.112754785,0.07906669,0.16561808,0.045026746,0.07702994
4262,2023-12-02,2023,12,02,0.095409214,0.013928453,21.857142857142858,0.29559565,0.11994056,0.26783887,0.064634584,0.08450228
4263,2023-12-03,2023,12,03,0.13744295,0.017870141,8.047619047619047,0.24019378,0.061252892,0.23715445,0.034456447,0.12410241
4264,2023-12-04,2023,12,04,0.14277531,0.021220483,4.833333333333333,0.07731349,0.046283904,0.14131795,0.03288791,0.13766745
4265,2023-12-05,2023,12,05,0.0667216,0.007105361,1.3571428571428572,0.5093888,0.14686501,0.37176767,0.0678012,0.055879533
4266,2023-12-06,2023,12,06,0.03079439,0.005631707,53.523809523809526,0.9534148,0.24865074,0.5766155,0.10406377,0.022289915
4267,2023-12-07,2023,12,07,0.09618831,0.010967715,8.428571428571429,0.3519467,0.09998888,0.28774136,0.051099353,0.08477149
4268,2023-12-08,2023,12,08,0.15410838,0.00801216,3.738095238095238,0.08359513,0.035709802,0.15024656,0.021215886,0.14583664
4269,2023-12-09,2023,12,09,0.14643392,0.011353252,32.095238095238095,0.011561231,0.007987988,0.107147016,0.0048153703,0.14185211
4270,2023-12-10,2023,12,10,0.09288285,0.021346997,39.595238095238095,0.14342736,0.06957323,0.18355128,0.039668377,0.087921694
4271,2023-12-11,2023,12,11,0.081017,0.01658491,65.45238095238095,0.03859759,0.04632493,0.12308159,0.027295351,0.077727064
4272,2023-12-12,2023,12,12,0.06445807,0.008550338,11.833333333333334,0.5772368,0.20509763,0.40636897,0.095849976,0.052625325
4273,2023-12-13,2023,12,13,0.058657024,0.014550628,19.071428571428573,0.8904587,0.29925585,0.5404738,0.13077754,0.04445485
4274,2023-12-14,2023,12,14,0.07349605,0.02165997,5.738095238095238,1.1298335,0.25109953,0.6381463,0.102669545,0.05431348
4275,2023-12-15,2023,12,15,0.07178448,0.010087697,30.452380952380953,0.462956,0.11130884,0.35377985,0.056683082,0.060689613
4276,2023-12-16,2023,12,16,0.11471608,0.030982744,19.11904761904762,0.23051457,0.17323302,0.23062947,0.09434376,0.10496754
4277,2023-12-17,2023,12,17,0.09797284,0.018220134,14.785714285714286,0.49032,0.20797396,0.3611786,0.10331683,0.08266344
4278,2023-12-18,2023,12,18,0.0776116,0.021137763,95.83333333333333,0.52550966,0.20592289,0.3694114,0.10078283,0.066100776
4279,2023-12-19,2023,12,19,0.071161255,0.013287833,53.19047619047619,0.49844894,0.155862,0.37484673,0.07863216,0.05905436
4280,2023-12-20,2023,12,20,0.10389215,0.014192385,60.785714285714285,0.3384313,0.10321802,0.2878863,0.05292039,0.09251194
4281,2023-12-21,2023,12,21,0.07364148,0.017137682,85.23809523809524,0.33035457,0.15333481,0.28186992,0.07951545,0.06476015
4282,2023-12-22,2023,12,22,0.070283204,0.010719941,51.92857142857143,0.18040168,0.11573467,0.20484847,0.06502789,0.06411404
4283,2023-12-23,2023,12,23,0.12657519,0.032102264,22.11904761904762,0.27528533,0.13155444,0.2495869,0.07302135,0.11382825
4284,2023-12-24,2023,12,24,0.11605231,0.017866774,28.738095238095237,0.3067083,0.11513754,0.2728739,0.06210317,0.1027497
4285,2023-12-25,2023,12,25,0.08106041,0.011177757,3.3095238095238093,0.81202096,0.13976671,0.51459736,0.060770348,0.061855305
4286,2023-12-26,2023,12,26,0.055282366,0.008600282,13.142857142857142,0.3187026,0.13832447,0.28164834,0.07552911,0.048505194
4287,2023-12-27,2023,12,27,0.08118466,0.013828429,16.166666666666668,0.56373596,0.2184952,0.4005239,0.10834898,0.06702306
4288,2023-12-28,2023,12,28,0.079271786,0.015332842,1.8333333333333333,0.5679234,0.1581187,0.41053292,0.07786943,0.06429494
4289,2023-12-29,2023,12,29,0.0792174,0.025203146,36.0,0.7115368,0.24144092,0.46252167,0.113005355,0.06473889
4290,2023-12-30,2023,12,30,0.09548426,0.018276522,120.35714285714286,0.15415832,0.08296713,0.19091979,0.047566228,0.08840834
4291,2023-12-31,2023,12,31,0.06662959,0.01305667,98.54761904761905,0.39252517,0.13409597,0.31604728,0.06847139,0.058405437
4292,2024-01-01,2024,01,01,0.08274218,0.015592011,97.19047619047619,0.11498007,0.09592086,0.16680205,0.054135904,0.077805966
4293,2024-01-02,2024,01,02,0.06363131,0.009060476,22.523809523809526,0.74767977,0.18298738,0.48153692,0.0822707,0.049348183
4294,2024-01-03,2024,01,03,0.12721512,0.01544178,49.976190476190474,0.25695506,0.10357596,0.24187271,0.05445874,0.11637541
4295,2024-01-04,2024,01,04,0.16048788,0.015324796,11.238095238095237,0.15251905,0.05367016,0.18591683,0.034838878,0.1493787
4296,2024-01-05,2024,01,05,0.14458895,0.0141225755,15.404761904761905,0.2785676,0.0731774,0.25957343,0.039538052,0.1297819
4297,2024-01-06,2024,01,06,0.082335636,0.009423305,30.0,0.23786044,0.07871077,0.23826832,0.043893453,0.07411693
4298,2024-01-07,2024,01,07,0.112787165,0.016439918,6.571428571428571,0.20624022,0.0884884,0.22048943,0.049704053,0.102593385
4299,2024-01-08,2024,01,08,0.12540534,0.009278075,0.47619047619047616,0.25634176,0.12136887,0.24934742,0.0692776,0.11243415
4300,2024-01-09,2024,01,09,0.11969802,0.011460366,9.452380952380953,0.28759083,0.089676045,0.26320022,0.04699862,0.10491601
4301,2024-01-10,2024,01,10,0.12404225,0.014637712,10.023809523809524,0.45993274,0.10322759,0.34788933,0.05079301,0.106711574
4302,2024-01-11,2024,01,11,0.124031544,0.019815821,2.7142857142857144,0.22585891,0.08960605,0.23246418,0.050404906,0.11245712
4303,2024-01-12,2024,01,12,,,0.07142857142857142,,,,,
4304,2024-01-13,2024,01,13,0.05954897,0.012255195,2.8333333333333335,0.0056582764,0.016778251,0.10357234,0.010056077,0.057769664
4305,2024-01-14,2024,01,14,0.048457347,0.006394727,0.7380952380952381,1.1499002,0.2482577,0.6537138,0.10136776,0.032938454
4306,2024-01-15,2024,01,15,,,0.07142857142857142,,,,,
4307,2024-01-16,2024,01,16,0.09992967,0.010290527,0.38095238095238093,0.46206358,0.06668502,0.3527769,0.03430698,0.085509025
4308,2024-01-17,2024,01,17,0.044199426,0.01233697,23.023809523809526,0.9419219,0.31845978,0.5628775,0.13882172,0.033438392
4309,2024-01-18,2024,01,18,0.08522986,0.015134044,5.809523809523809,0.67269003,0.17630301,0.4545034,0.08285193,0.06830114
4310,2024-01-19,2024,01,19,0.12600708,0.029425494,11.928571428571429,0.46242496,0.21553506,0.34400958,0.10940858,0.109314986
4311,2024-01-20,2024,01,20,0.12233083,0.02967649,47.42857142857143,0.22532867,0.122257926,0.22918715,0.06829872,0.11076453
4312,2024-01-21,2024,01,21,0.120008536,0.029549053,42.5,0.11972119,0.07657522,0.16954891,0.04441159,0.11273113
4313,2024-01-22,2024,01,22,0.15327574,0.0224322,128.04761904761904,0.17005812,0.094185635,0.19842115,0.05339948,0.14234178
4314,2024-01-23,2024,01,23,0.141625,0.020938845,80.04761904761905,0.20837046,0.12712248,0.2207469,0.072070606,0.12915978
4315,2024-01-24,2024,01,24,0.080810495,0.009846788,54.714285714285715,0.6711686,0.16610254,0.44742993,0.07872185,0.06446281
4316,2024-01-25,2024,01,25,0.0814519,0.018568734,16.071428571428573,0.8047862,0.2445846,0.5018779,0.10771306,0.063802525
4317,2024-01-26,2024,01,26,0.10381205,0.031833783,126.14285714285714,0.2126,0.11552811,0.2209007,0.06478003,0.09517261
4318,2024-01-27,2024,01,27,0.089145824,0.022177914,70.78571428571429,0.33405596,0.16219658,0.2819499,0.085496955,0.0803002
4319,2024-01-28,2024,01,28,0.038818877,0.009399249,293.85714285714283,0.62888396,0.28379607,0.4278478,0.13528453,0.03176202
4320,2024-01-29,2024,01,29,0.048724897,0.013671062,126.88095238095238,0.80288774,0.29231405,0.5048527,0.13237683,0.037736207
4321,2024-01-30,2024,01,30,0.040946834,0.0099251885,122.0952380952381,1.0521415,0.28213271,0.609189,0.11675219,0.029912418
4322,2024-01-31,2024,01,31,0.0899151,0.021063454,24.857142857142858,0.57734686,0.1766132,0.39954415,0.08214078,0.075420365
4323,2024-02-01,2024,02,01,0.10891582,0.019180546,148.23809523809524,0.03374706,0.04417097,0.12023557,0.026015287,0.10476512
4324,2024-02-02,2024,02,02,0.069642566,0.01307034,239.5,0.03911404,0.04628085,0.12337116,0.02717034,0.06680862
4325,2024-02-03,2024,02,03,0.08128713,0.014969639,32.30952380952381,0.32345954,0.13694394,0.27673802,0.070898585,0.07035171
4326,2024-02-04,2024,02,04,0.0928021,0.013127701,44.142857142857146,0.107967936,0.09392717,0.16331811,0.054096196,0.08687443
4327,2024-02-05,2024,02,05,0.10672292,0.03082771,43.23809523809524,0.68726593,0.24202628,0.4468994,0.106655724,0.088774465
4328,2024-02-06,2024,02,06,0.14834097,0.023512898,67.5952380952381,0.18958084,0.13531058,0.20459028,0.06899268,0.13778664
4329,2024-02-07,2024,02,07,0.111973435,0.020658584,99.97619047619048,0.24902391,0.12685078,0.241542,0.067773335,0.101025276
4330,2024-02-08,2024,02,08,0.09312734,0.017369203,131.07142857142858,0.3341047,0.15471932,0.27708456,0.07725958,0.083314285
4331,2024-02-09,2024,02,09,0.069372654,0.010220764,38.142857142857146,0.8780988,0.21834378,0.5406426,0.09372523,0.05150296
4332,2024-02-10,2024,02,10,0.101144284,0.01472747,22.80952380952381,0.4511894,0.13521086,0.33614364,0.06618121,0.08585827
4333,2024-02-11,2024,02,11,0.11343207,0.016805863,19.142857142857142,0.6531309,0.1553905,0.44654822,0.07192798,0.09013528
4334,2024-02-12,2024,02,12,0.10428477,0.020302948,19.666666666666668,0.6725585,0.1732685,0.45603582,0.08097632,0.082758196
4335,2024-02-13,2024,02,13,0.07659173,0.014223506,62.0,0.7385173,0.22743486,0.4830764,0.1052463,0.059668075
4336,2024-02-14,2024,02,14,0.10978869,0.031420097,11.071428571428571,0.7742077,0.24373424,0.49128765,0.11460588,0.086966395
4337,2024-02-15,2024,02,15,0.04230981,0.008875056,84.26190476190476,1.1989933,0.22656521,0.66586745,0.09060914,0.029334404
4338,2024-02-16,2024,02,16,0.12072781,0.013338006,3.6666666666666665,0.40347135,0.10575201,0.3263459,0.054498468,0.10343161
4339,2024-02-17,2024,02,17,0.0652339,0.014166146,111.61904761904762,0.451731,0.15523078,0.33866116,0.07620928,0.05640009
4340,2024-02-18,2024,02,18,0.07472194,0.01936142,70.35714285714286,0.6070871,0.2747049,0.4197683,0.13265799,0.0615138
4341,2024-02-19,2024,02,19,0.119538836,0.017669348,10.19047619047619,0.39773268,0.11250132,0.29870257,0.048624188,0.10644522
4342,2024-02-20,2024,02,20,0.06496999,0.01469349,84.19047619047619,0.54411936,0.25049874,0.37949324,0.11932531,0.0535889
4343,2024-02-21,2024,02,21,0.08389287,0.025508875,94.26190476190476,0.12762566,0.12862028,0.16996509,0.06761685,0.07881854
4344,2024-02-22,2024,02,22,0.17280434,0.03664413,17.595238095238095,0.28932407,0.11809273,0.26047724,0.067489855,0.153676
4345,2024-02-23,2024,02,23,0.1182853,0.028773038,38.73809523809524,0.36887392,0.19563262,0.30229843,0.10361132,0.10385666
4346,2024-02-24,2024,02,24,0.09999312,0.022591906,133.57142857142858,0.45186034,0.20822184,0.34517652,0.10644336,0.08480104
4347,2024-02-25,2024,02,25,0.12899873,0.013773329,11.476190476190476,0.5384371,0.121364236,0.37957537,0.06031636,0.10619681
4348,2024-02-26,2024,02,26,0.16157705,0.055773437,35.42857142857143,0.26449975,0.16822164,0.23940182,0.08347908,0.14660442
4349,2024-02-27,2024,02,27,0.12563603,0.025241816,63.714285714285715,0.43632188,0.21147503,0.32543743,0.09855323,0.10981201
4350,2024-02-28,2024,02,28,0.11078984,0.016293846,41.714285714285715,0.3955622,0.12708335,0.31929135,0.06482773,0.09622981
4351,2024-02-29,2024,02,29,0.08582652,0.014556527,4.404761904761905,0.9079724,0.25412413,0.55711436,0.11135966,0.06308605
4352,2024-03-01,2024,03,01,0.078729175,0.030069467,20.047619047619047,0.67260563,0.33983922,0.44143754,0.16244298,0.06338524
4353,2024-03-02,2024,03,02,0.09538996,0.022198608,52.404761904761905,0.6190338,0.2764087,0.42008865,0.12947613,0.07691531
4354,2024-03-03,2024,03,03,0.10500592,0.021645496,46.92857142857143,0.49108264,0.22235845,0.36069322,0.105558336,0.08977558
4355,2024-03-04,2024,03,04,0.10138092,0.025462156,60.595238095238095,0.55415785,0.2060465,0.3951588,0.09802997,0.084679134
4356,2024-03-05,2024,03,05,0.13254033,0.030250087,19.547619047619047,0.3699227,0.21021016,0.2989369,0.11083805,0.115986906
4357,2024-03-06,2024,03,06,0.11282737,0.023532456,36.92857142857143,0.18896279,0.10504946,0.20731358,0.059075866,0.10197181
4358,2024-03-07,2024,03,07,0.21256217,0.02733474,11.214285714285714,0.20996161,0.10975145,0.21449845,0.05874149,0.19122705
4359,2024-03-08,2024,03,08,0.24482547,0.026985819,1.3333333333333333,0.34838855,0.14825813,0.2904667,0.08274283,0.2127725
4360,2024-03-09,2024,03,09,0.1288631,0.021807266,44.142857142857146,0.5410577,0.1316768,0.392121,0.06462553,0.10802323
4361,2024-03-10,2024,03,10,0.10400068,0.026365109,33.11904761904762,0.5842415,0.23751102,0.40590152,0.11347847,0.086662345
4362,2024-03-11,2024,03,11,0.08449291,0.0149881765,97.61904761904762,0.61990273,0.2297835,0.4198174,0.106361575,0.06929582
4363,2024-03-12,2024,03,12,0.09128512,0.013940111,23.214285714285715,0.71829367,0.21347578,0.46946022,0.09890874,0.07050894
4364,2024-03-13,2024,03,13,0.12651989,0.009564264,1.4285714285714286,0.17120358,0.11151981,0.19603637,0.05954766,0.116717175
4365,2024-03-14,2024,03,14,0.17787354,0.009450156,0.9761904761904762,0.14895636,0.03196473,0.18854742,0.018127145,0.16479291
4366,2024-03-15,2024,03,15,0.15050013,0.03072073,40.26190476190476,0.23347804,0.10062428,0.22541866,0.055761576,0.13662536
4367,2024-03-16,2024,03,16,0.12200869,0.028910836,70.83333333333333,0.3638295,0.17445925,0.29228625,0.09032963,0.1061699
4368,2024-03-17,2024,03,17,0.16567771,0.034859966,92.52380952380952,0.36426586,0.17029959,0.28572887,0.093143456,0.1454363
4369,2024-03-18,2024,03,18,0.12788923,0.047506724,63.023809523809526,0.309127,0.19784659,0.25834438,0.11031493,0.114915594
4370,2024-03-19,2024,03,19,0.16721238,0.06919459,31.166666666666668,0.5392124,0.24768287,0.37586376,0.11814523,0.1389155
4371,2024-03-20,2024,03,20,0.10990964,0.024486817,153.28571428571428,0.68372935,0.22427677,0.45222077,0.103445806,0.08781787
4372,2024-03-21,2024,03,21,0.06471163,0.017893195,232.54761904761904,0.6689515,0.2741548,0.4389209,0.13048442,0.053688936
4373,2024-03-22,2024,03,22,0.07786869,0.021252554,91.9047619047619,0.6985264,0.3261404,0.44266728,0.15294972,0.06560138
4374,2024-03-23,2024,03,23,0.13675922,0.023771077,36.095238095238095,0.34228802,0.15776134,0.27873152,0.086374946,0.12167756
4375,2024-03-24,2024,03,24,0.09547079,0.0155246835,9.80952380952381,0.84529763,0.29217547,0.5196101,0.12586601,0.07323751
4376,2024-03-25,2024,03,25,0.14419387,0.029882366,29.285714285714285,0.2322452,0.12310549,0.22928552,0.067929335,0.13222802
4377,2024-03-26,2024,03,26,0.1101952,0.018361235,45.785714285714285,0.63553375,0.23117639,0.42723477,0.105340034,0.09168574
4378,2024-03-27,2024,03,27,0.09224464,0.011100635,2.4523809523809526,0.710745,0.16750588,0.47238094,0.07712651,0.0720912
4379,2024-03-28,2024,03,28,0.09933737,0.04083887,0.11904761904761904,0.8862826,0.382322,0.5444061,0.1772625,0.076053515
4380,2024-03-29,2024,03,29,0.09697772,0.031325784,29.142857142857142,0.56422114,0.34605098,0.381464,0.16422698,0.08328236
4381,2024-03-30,2024,03,30,0.1530503,0.019284729,12.904761904761905,0.05308435,0.041071005,0.13168116,0.023947142,0.14573778
4382,2024-03-31,2024,03,31,0.1961609,0.02425052,48.904761904761905,0.07706646,0.059267957,0.14238667,0.03405708,0.18534419
4383,2024-04-01,2024,04,01,0.11642809,0.023347957,73.30952380952381,0.54302615,0.24977629,0.38660926,0.11840401,0.09724593
4384,2024-04-02,2024,04,02,0.08247408,0.010577709,95.07142857142857,0.6292107,0.20254135,0.4315889,0.096911475,0.06626774
4385,2024-04-03,2024,04,03,0.11235764,0.01476777,23.071428571428573,0.34357008,0.14753596,0.28522688,0.0789874,0.09907404
4386,2024-04-04,2024,04,04,,,0.0,,,,,
4387,2024-04-05,2024,04,05,0.19556385,0.021296516,25.88095238095238,0.47643185,0.124308504,0.36200315,0.060903396,0.1631655
4388,2024-04-06,2024,04,06,0.17916094,0.021846194,26.80952380952381,0.4105512,0.1529164,0.3264751,0.080958255,0.15308101
4389,2024-04-07,2024,04,07,0.12054668,0.017656397,23.452380952380953,0.7870087,0.2105088,0.5030644,0.09784171,0.09219414
4390,2024-04-08,2024,04,08,0.15165071,0.015248669,5.619047619047619,0.5535991,0.11475656,0.4022808,0.05573707,0.122609794
4391,2024-04-09,2024,04,09,0.12926215,0.013045313,29.047619047619047,0.08969159,0.051945966,0.15168971,0.03250064,0.1225123
4392,2024-04-10,2024,04,10,0.18711929,0.027874202,8.571428571428571,0.3607967,0.09274474,0.3033581,0.0503573,0.16143239
4393,2024-04-11,2024,04,11,0.1483678,0.022638455,22.88095238095238,0.34760273,0.14514673,0.29319143,0.07688775,0.13018818
4394,2024-04-12,2024,04,12,0.14176574,0.024714833,10.404761904761905,0.6352303,0.16546111,0.43274406,0.08414471,0.11484851
4395,2024-04-13,2024,04,13,0.077440865,0.01166833,76.66666666666667,0.4291903,0.17201558,0.3201289,0.083860755,0.06622941
4396,2024-04-14,2024,04,14,0.07149533,0.0139911175,57.357142857142854,0.46213472,0.18895781,0.3319034,0.09002851,0.06114118
4397,2024-04-15,2024,04,15,0.15513895,0.02905258,0.6190476190476191,0.62544286,0.1793229,0.43336916,0.08324545,0.12474121
4398,2024-04-16,2024,04,16,0.14270842,0.0074800104,0.7142857142857143,0.4092485,0.099153616,0.3314614,0.0537049,0.12124634
4399,2024-04-17,2024,04,17,0.21204479,0.022741964,1.6428571428571428,0.29661214,0.09906829,0.263343,0.056012463,0.18527511
4400,2024-04-18,2024,04,18,0.14889728,0.00891465,0.9523809523809523,0.48941386,0.11036518,0.3618187,0.05938751,0.12388321
4401,2024-04-19,2024,04,19,0.10086174,0.007497693,2.642857142857143,0.33783203,0.21085966,0.28756377,0.114191465,0.08720335
4402,2024-04-20,2024,04,20,0.10927775,0.024827048,0.6190476190476191,0.5898194,0.22099298,0.4181764,0.10730874,0.08920586
4403,2024-04-21,2024,04,21,0.09243897,0.020392722,112.04761904761905,0.35071918,0.17084317,0.2874305,0.086573444,0.08359346
4404,2024-04-22,2024,04,22,0.13614248,0.022787876,32.38095238095238,0.25576025,0.1424264,0.2389532,0.07664484,0.12490928
4405,2024-04-23,2024,04,23,0.12321047,0.019193089,10.571428571428571,0.8504587,0.21544166,0.5213149,0.09621078,0.092844546
4406,2024-04-24,2024,04,24,0.077098094,0.013515587,58.904761904761905,0.8673299,0.29907817,0.51984805,0.13650796,0.05875933
4407,2024-04-25,2024,04,25,0.07716364,0.015916118,3.8333333333333335,1.0756046,0.23267512,0.6178524,0.094914876,0.055074792
4408,2024-04-26,2024,04,26,0.086128466,0.023655532,1.0238095238095237,1.2870609,0.18680643,0.70288414,0.06850522,0.057863392
4409,2024-04-27,2024,04,27,0.14720678,0.023649989,19.38095238095238,0.6347722,0.16083378,0.43365872,0.076697715,0.11850072
4410,2024-04-28,2024,04,28,,,0.09523809523809523,,,,,
4411,2024-04-29,2024,04,29,0.1314082,0.014078067,8.785714285714286,0.36149487,0.13663858,0.28933445,0.07429492,0.1147075
4412,2024-04-30,2024,04,30,0.17747064,0.02519537,2.642857142857143,-0.036976505,0.026087303,0.059275605,0.028240684,0.1741223
4413,2024-05-01,2024,05,01,,,0.0,,,,,
4414,2024-05-02,2024,05,02,0.20128618,0.013967651,0.3333333333333333,0.21301909,0.06147787,0.22206795,0.03826613,0.18224624
4415,2024-05-03,2024,05,03,0.17521854,0.021266567,0.21428571428571427,0.963202,0.15588626,0.5528748,0.07314295,0.13166548
4416,2024-05-04,2024,05,04,0.10623418,0.015365893,5.285714285714286,1.2598077,0.21905932,0.6819813,0.091282845,0.0710803
4417,2024-05-05,2024,05,05,0.1317123,0.025696486,8.380952380952381,0.14488475,0.13808633,0.16575366,0.07904488,0.12281513
4418,2024-05-06,2024,05,06,,,0.0,,,,,
4419,2024-05-07,2024,05,07,0.084709,0.023078952,6.0,1.2363572,0.2003254,0.6799475,0.08003692,0.059256833
4420,2024-05-08,2024,05,08,0.1811255,0.022871131,14.19047619047619,0.09656596,0.06603265,0.15455247,0.041972894,0.17040384
4421,2024-05-09,2024,05,09,0.14160492,0.009737989,2.3095238095238093,0.17544879,0.090448186,0.19871964,0.0525742,0.12979853
4422,2024-05-10,2024,05,10,0.1443581,0.01288716,0.8333333333333334,0.011908315,0.03051584,0.10571101,0.0145186065,0.13956575
4423,2024-05-11,2024,05,11,,,0.0,,,,,
4424,2024-05-12,2024,05,12,,,0.0,,,,,
4425,2024-05-13,2024,05,13,0.15939437,0.022030318,2.3333333333333335,0.7792095,0.19852546,0.5029032,0.09067869,0.12090777
4426,2024-05-14,2024,05,14,0.10808635,0.012014515,21.857142857142858,1.0357091,0.22022764,0.60840213,0.09159509,0.076144755
4427,2024-05-15,2024,05,15,0.09983471,0.020484064,29.023809523809526,0.9219635,0.25618383,0.5341534,0.116144225,0.075962
4428,2024-05-16,2024,05,16,,,0.0,,,,,
4429,2024-05-17,2024,05,17,0.12504555,0.026882956,1.6666666666666667,1.0195066,0.29024053,0.60106593,0.11423289,0.090537526
4430,2024-05-18,2024,05,18,0.13794486,0.036375463,17.047619047619047,0.8855368,0.26171806,0.543317,0.11336728,0.103704676
4431,2024-05-19,2024,05,19,0.14282875,0.015450933,13.357142857142858,0.8180072,0.24620582,0.508921,0.11320117,0.10899603
4432,2024-05-20,2024,05,20,0.16825183,0.010693178,3.0476190476190474,0.51255244,0.108114876,0.3825906,0.053937573,0.13874762
4433,2024-05-21,2024,05,21,0.15874398,0.005489963,0.23809523809523808,0.16891596,0.032145493,0.20094745,0.018593594,0.14577666
4434,2024-05-22,2024,05,22,,,0.0,,,,,
4435,2024-05-23,2024,05,23,0.18075234,0.018917043,1.6904761904761905,0.6122043,0.14056961,0.4156096,0.064645335,0.14763352
4436,2024-05-24,2024,05,24,0.15554383,0.029914835,143.61904761904762,0.17420186,0.12094606,0.19614293,0.0701098,0.14453016
4437,2024-05-25,2024,05,25,0.09242291,0.014601006,32.142857142857146,1.2282484,0.27108693,0.677558,0.111189716,0.06191188
4438,2024-05-26,2024,05,26,0.078915246,0.012616892,30.214285714285715,0.81713504,0.30694723,0.50215125,0.13790378,0.0599738
4439,2024-05-27,2024,05,27,,,0.0,,,,,
4440,2024-05-28,2024,05,28,0.12193387,0.017209623,2.4047619047619047,1.1171852,0.19840537,0.6371936,0.07928493,0.08620745
4441,2024-05-29,2024,05,29,0.13489577,0.02296511,109.95238095238095,0.23091602,0.13082942,0.22456297,0.07010786,0.12412557
4442,2024-05-30,2024,05,30,0.14336434,0.022027591,165.35714285714286,0.066306144,0.069082856,0.13571611,0.047057062,0.13711493
4443,2024-05-31,2024,05,31,0.0984454,0.016531166,11.785714285714286,0.014438701,0.03883965,0.10548043,0.023731653,0.09515723
4444,2024-06-01,2024,06,01,0.12644824,0.014085198,7.142857142857143,0.1367538,0.124911554,0.17995869,0.07250867,0.11751385
4445,2024-06-02,2024,06,02,,,0.0,,,,,
4446,2024-06-03,2024,06,03,0.1473764,0.008456058,0.14285714285714285,0.5897367,0.07194045,0.42307505,0.033816613,0.118363805
4447,2024-06-04,2024,06,04,0.12835951,0.023085311,92.66666666666667,0.29155785,0.16087873,0.25781927,0.08723507,0.1157349
4448,2024-06-05,2024,06,05,0.118056536,0.029621052,31.595238095238095,0.007922988,0.06748618,0.09300366,0.049955644,0.11478311
4449,2024-06-06,2024,06,06,0.118940525,0.015624518,0.38095238095238093,0.6772245,0.23048611,0.4134019,0.099218234,0.100160114
4450,2024-06-07,2024,06,07,0.5104794,0.05915918,0.2857142857142857,0.3066161,0.33030188,0.25,0.18708287,0.4286112
4451,2024-06-08,2024,06,08,0.15031776,0.032781143,55.30952380952381,0.38068038,0.14862671,0.2998053,0.07990258,0.13208249
4452,2024-06-09,2024,06,09,0.11161371,0.028299779,210.28571428571428,0.62937766,0.25951856,0.4221917,0.12713335,0.092904136
4453,2024-06-10,2024,06,10,0.092585966,0.015354203,120.52380952380952,0.58915144,0.2275177,0.40593085,0.1140119,0.075818904
4454,2024-06-11,2024,06,11,0.09739992,0.009002549,13.19047619047619,0.75198036,0.1878693,0.4718205,0.088777326,0.075290896
4455,2024-06-12,2024,06,12,0.092767656,0.0060659717,0.8333333333333334,0.0006893848,0.005294779,0.100592755,0.0031921302,0.09017388
4456,2024-06-13,2024,06,13,0.1667176,0.016683355,1.9047619047619047,0.33898196,0.100966066,0.2944651,0.054186583,0.14515553
4457,2024-06-14,2024,06,14,0.17027842,0.025312949,12.404761904761905,0.0009151842,0.013255863,0.09972636,0.011609951,0.16555697
4458,2024-06-15,2024,06,15,0.10642851,0.012015535,355.1904761904762,0.035337128,0.03469849,0.11946603,0.02434848,0.10235317
4459,2024-06-16,2024,06,16,0.10694968,0.012532565,145.07142857142858,0.02108286,0.030006252,0.10705205,0.019807994,0.10361623
4460,2024-06-17,2024,06,17,0.05828409,0.008079902,0.5952380952380952,1.5453944,0.05172341,0.7962315,0.017182944,0.03570292
4461,2024-06-18,2024,06,18,0.09232623,0.017584352,0.7619047619047619,0.69092995,0.25326344,0.4526328,0.110728025,0.0726538
4462,2024-06-19,2024,06,19,0.06898632,0.017442191,229.78571428571428,0.31732112,0.1948219,0.2679338,0.09424783,0.06326441
4463,2024-06-20,2024,06,20,0.064787306,0.014631365,107.5952380952381,0.63433516,0.21322155,0.4246045,0.10456008,0.050497606
4464,2024-06-21,2024,06,21,0.081763536,0.0061958604,0.21428571428571427,0.8350162,0.25506717,0.5303314,0.11152928,0.061047666
4465,2024-06-22,2024,06,22,,,0.0,,,,,
4466,2024-06-23,2024,06,23,,,0.0,,,,,
4467,2024-06-24,2024,06,24,0.16669734,0.01471381,1.6904761904761905,0.72050214,0.13866471,0.47636986,0.06272123,0.1290447
4468,2024-06-25,2024,06,25,0.23008701,0.087186314,22.88095238095238,0.8476473,0.25801545,0.5182224,0.11647915,0.19709025
4469,2024-06-26,2024,06,26,0.08930239,0.01645694,14.952380952380953,1.030296,0.35436133,0.5958407,0.15225978,0.06371766
4470,2024-06-27,2024,06,27,0.04776787,0.013838664,12.023809523809524,0.99000865,0.3811646,0.57080853,0.17127112,0.034815814
4471,2024-06-28,2024,06,28,,,0.0,,,,,
4472,2024-06-29,2024,06,29,,,0.11904761904761904,,,,,
4473,2024-06-30,2024,06,30,0.09538944,0.027997518,111.95238095238095,0.5737449,0.24591586,0.3916909,0.12355332,0.07969957
4474,2024-07-01,2024,07,01,0.13562654,0.029853791,94.0,0.057128023,0.07386743,0.12846671,0.05125433,0.13025647
4475,2024-07-02,2024,07,02,,,0.0,,,,,
4476,2024-07-03,2024,07,03,,,0.0,,,,,
4477,2024-07-04,2024,07,04,0.18203951,0.04453139,10.547619047619047,0.4240045,0.23131391,0.32076555,0.11484264,0.16047533
4478,2024-07-05,2024,07,05,0.105548814,0.02147556,132.61904761904762,0.62376684,0.24182816,0.4242553,0.116976626,0.08680526
4479,2024-07-06,2024,07,06,0.17313406,0.034862034,173.47619047619048,0.29079375,0.18212207,0.25049907,0.10716317,0.15459019
4480,2024-07-07,2024,07,07,0.16147304,0.025299087,40.26190476190476,0.42793426,0.17684443,0.32830337,0.095617466,0.13916042
4481,2024-07-08,2024,07,08,0.12321677,0.016033517,23.285714285714285,0.6559797,0.24437846,0.43522608,0.11906263,0.10024021
4482,2024-07-09,2024,07,09,,,0.0,,,,,
4483,2024-07-10,2024,07,10,0.18323468,0.032636117,55.904761904761905,0.12029497,0.10322066,0.1644441,0.06668759,0.17151023
4484,2024-07-11,2024,07,11,,,0.0,,,,,
4485,2024-07-12,2024,07,12,,,0.0,,,,,
4486,2024-07-13,2024,07,13,,,0.0,,,,,
4487,2024-07-14,2024,07,14,0.119068086,0.008227989,0.19047619047619047,0.07513395,0.054676425,0.14547408,0.03296345,0.11234735
4488,2024-07-15,2024,07,15,0.08173449,0.015210222,1.0714285714285714,1.0720991,0.30454886,0.62367755,0.11960135,0.057796616
4489,2024-07-16,2024,07,16,0.095125996,0.024726782,8.380952380952381,1.2296813,0.3253058,0.67603946,0.13272429,0.0663609
4490,2024-07-17,2024,07,17,0.09887178,0.015608957,2.238095238095238,1.2641972,0.20452845,0.6886034,0.08763572,0.0673628
4491,2024-07-18,2024,07,18,0.09408075,0.009976087,1.6904761904761905,0.5633959,0.33692935,0.39665264,0.1665047,0.07661196
4492,2024-07-19,2024,07,19,0.07340085,0.025646854,15.428571428571429,0.20867577,0.21275158,0.20382659,0.11146809,0.06851174
4493,2024-07-20,2024,07,20,0.20304774,0.028232222,5.190476190476191,-0.00266532,0.023627596,0.09540397,0.021788508,0.19769208
4494,2024-07-21,2024,07,21,0.11779082,0.02800988,30.738095238095237,0.13242756,0.10978755,0.17011812,0.060714703,0.11198853
4495,2024-07-22,2024,07,22,0.11598238,0.03149052,1.3333333333333333,0.46115857,0.25870407,0.35088837,0.13628718,0.09740818
4496,2024-07-23,2024,07,23,0.121093914,0.013686433,0.38095238095238093,0.29567698,0.08054479,0.26171145,0.03845296,0.107087485
4497,2024-07-24,2024,07,24,,,0.0,,,,,
4498,2024-07-25,2024,07,25,,,0.0,,,,,
4499,2024-07-26,2024,07,26,,,0.0,,,,,
4500,2024-07-27,2024,07,27,0.18280354,0.01267343,0.42857142857142855,0.8093077,0.26265228,0.5154262,0.11823229,0.1384825
4501,2024-07-28,2024,07,28,0.12366064,0.018225485,1.7380952380952381,1.0895375,0.3422585,0.6171331,0.15199497,0.08708269
4502,2024-07-29,2024,07,29,0.108183585,0.009840493,5.761904761904762,1.0436499,0.21920274,0.6048348,0.09546113,0.07690116
4503,2024-07-30,2024,07,30,,,0.0,,,,,
4504,2024-07-31,2024,07,31,0.13763516,0.021213196,4.0476190476190474,0.8479783,0.21578963,0.52966696,0.09052453,0.10382692
4505,2024-08-01,2024,08,01,0.0979218,0.014310487,5.880952380952381,1.0513153,0.21616165,0.6155191,0.08611463,0.069569424
4506,2024-08-02,2024,08,02,,,0.023809523809523808,,,,,
4507,2024-08-03,2024,08,03,0.12740481,0.023694258,18.166666666666668,0.34434557,0.25014403,0.2826307,0.13473013,0.11289
4508,2024-08-04,2024,08,04,0.16765837,0.029524563,3.357142857142857,0.059022337,0.07796065,0.1199365,0.042285543,0.15843764
4509,2024-08-05,2024,08,05,0.34759367,0.10567676,0.07142857142857142,0.66910785,0.42917657,0.45289746,0.22532775,0.27334303
4510,2024-08-06,2024,08,06,0.2062508,0.030834056,13.023809523809524,0.25219622,0.1646068,0.22462928,0.09364605,0.1885842
4511,2024-08-07,2024,08,07,0.15158321,0.021415533,67.47619047619048,0.58103234,0.19376676,0.4117999,0.09766629,0.12347562
4512,2024-08-08,2024,08,08,0.15896764,0.029862467,88.14285714285714,0.20836428,0.1428433,0.20798308,0.08494814,0.1464532
4513,2024-08-09,2024,08,09,0.12326139,0.026279822,30.761904761904763,0.54585207,0.24500076,0.37214014,0.12534848,0.10402689
4514,2024-08-10,2024,08,10,,,0.0,,,,,
4515,2024-08-11,2024,08,11,0.17774227,0.025463592,7.142857142857143,0.28313172,0.18689819,0.24261412,0.105427906,0.16249019
4516,2024-08-12,2024,08,12,,,0.0,,,,,
4517,2024-08-13,2024,08,13,0.119005695,0.027667303,67.14285714285714,0.22324143,0.116702184,0.21590368,0.06837477,0.10758183
4518,2024-08-14,2024,08,14,0.124286115,0.020903165,11.30952380952381,0.1286719,0.095498,0.1554686,0.05917998,0.117146574
4519,2024-08-15,2024,08,15,0.03146986,0.012435192,13.214285714285714,1.0273962,0.3052712,0.5736028,0.1339994,0.02550877
4520,2024-08-16,2024,08,16,,,0.0,,,,,
4521,2024-08-17,2024,08,17,0.0838638,0.016945044,13.904761904761905,1.0426434,0.29246607,0.6068937,0.12097601,0.060695857
4522,2024-08-18,2024,08,18,0.050751526,0.014043217,43.61904761904762,0.95284855,0.36226484,0.55862594,0.16320641,0.038795434
4523,2024-08-19,2024,08,19,0.06333747,0.012129686,108.28571428571429,0.15775788,0.11998478,0.18879989,0.06671349,0.058782697
4524,2024-08-20,2024,08,20,0.057240326,0.008398979,86.16666666666667,0.15367526,0.14649093,0.17810646,0.073933855,0.05439041
4525,2024-08-21,2024,08,21,0.05379194,0.03186209,3.4047619047619047,0.7446853,0.3059244,0.44746187,0.13766192,0.04799804
4526,2024-08-22,2024,08,22,0.0769249,0.01754859,57.11904761904762,0.5914075,0.21361054,0.4061583,0.10065578,0.06462725
4527,2024-08-23,2024,08,23,0.108396485,0.031247962,149.23809523809524,0.8147634,0.29563665,0.508957,0.13703081,0.079681985
4528,2024-08-24,2024,08,24,0.11271125,0.022229876,139.8095238095238,0.75626135,0.19077659,0.48345238,0.08941586,0.08606883
4529,2024-08-25,2024,08,25,0.10051075,0.014097555,63.595238095238095,0.50267875,0.24147983,0.36424989,0.11999483,0.08302578
4530,2024-08-26,2024,08,26,0.04980821,0.03602235,3.6666666666666665,1.0892467,0.43062866,0.60138595,0.18907276,0.04401775
4531,2024-08-27,2024,08,27,0.09196857,0.019397797,69.73809523809524,0.71159655,0.2717617,0.46523762,0.120408095,0.07361765
4532,2024-08-28,2024,08,28,0.10082183,0.0156026045,120.52380952380952,0.613525,0.17766389,0.42933598,0.08753107,0.0808155
4533,2024-08-29,2024,08,29,0.09105199,0.013679461,80.14285714285714,0.63049287,0.20526676,0.43269095,0.10090683,0.07375911
4534,2024-08-30,2024,08,30,0.11550071,0.008066904,3.619047619047619,0.6878267,0.15237918,0.46524784,0.069037,0.09003214
4535,2024-08-31,2024,08,31,,,0.0,,,,,
4536,2024-09-01,2024,09,01,0.042950366,0.024172647,14.976190476190476,1.2612182,0.28354403,0.6880453,0.112304255,0.030231152
4537,2024-09-02,2024,09,02,0.0910355,0.020344194,11.047619047619047,0.6774545,0.3208938,0.44946006,0.15002337,0.07335812
4538,2024-09-03,2024,09,03,0.08130974,0.012642897,25.80952380952381,0.6182583,0.21449976,0.42517394,0.10517883,0.06482889
4539,2024-09-04,2024,09,04,0.051708728,0.007095451,70.02380952380952,0.7689833,0.17673995,0.49465337,0.08337711,0.03930134
4540,2024-09-05,2024,09,05,0.054082993,0.0111511145,90.52380952380952,0.44298255,0.25187156,0.33423465,0.122397475,0.046853032
4541,2024-09-06,2024,09,06,0.047203325,0.023869352,30.214285714285715,0.8544176,0.3681912,0.5064551,0.15922719,0.041243415
4542,2024-09-07,2024,09,07,0.08755432,0.023039559,137.5,0.34226865,0.18294439,0.2821406,0.09279461,0.08004173
4543,2024-09-08,2024,09,08,0.098257646,0.021093674,240.02380952380952,0.44711733,0.1953183,0.3386252,0.101095,0.086202055
4544,2024-09-09,2024,09,09,0.09310854,0.01572476,164.71428571428572,0.4029613,0.14582103,0.31181806,0.078440465,0.082605
4545,2024-09-10,2024,09,10,0.082161285,0.01016517,16.976190476190474,0.6582804,0.21219897,0.43360397,0.100393206,0.0652553
4546,2024-09-11,2024,09,11,0.034420326,0.0125712175,1.1428571428571428,1.0239828,0.28417477,0.57094866,0.13133644,0.03027868
4547,2024-09-12,2024,09,12,0.08624449,0.020409044,8.380952380952381,0.9847117,0.2713962,0.5839903,0.11168707,0.063374296
4548,2024-09-13,2024,09,13,0.13837254,0.016073858,20.80952380952381,0.44862312,0.14119336,0.34587476,0.07145573,0.11751315
4549,2024-09-14,2024,09,14,0.136958,0.0070572426,0.2857142857142857,0.53299886,0.059497073,0.39554343,0.029381674,0.11185361
4550,2024-09-15,2024,09,15,0.076720275,0.01031939,4.476190476190476,0.9564348,0.3258422,0.56468195,0.14134978,0.056171644
4551,2024-09-16,2024,09,16,0.06973462,0.01052571,25.642857142857142,0.7392126,0.250127,0.47482806,0.11230214,0.054656472
4552,2024-09-17,2024,09,17,0.09885148,0.021681322,51.88095238095238,0.34919694,0.13354658,0.28102705,0.068170615,0.08968516
4553,2024-09-18,2024,09,18,0.09715546,0.018060667,136.3095238095238,0.46966466,0.19466566,0.355479,0.09611608,0.082550384
4554,2024-09-19,2024,09,19,0.06314496,0.012146804,138.4047619047619,0.75047183,0.27203315,0.48219627,0.12511468,0.049313124
4555,2024-09-20,2024,09,20,0.07971625,0.010349067,74.33333333333333,0.56197286,0.16459602,0.3951465,0.07976277,0.064605735
4556,2024-09-21,2024,09,21,0.12236468,0.016017785,2.7857142857142856,0.5088294,0.1319998,0.36777768,0.07289294,0.102183536
4557,2024-09-22,2024,09,22,0.13479537,0.015082835,1.5476190476190477,0.48095974,0.09750197,0.364992,0.04702503,0.113184474
4558,2024-09-23,2024,09,23,,,0.0,,,,,
4559,2024-09-24,2024,09,24,0.0837229,0.01324843,10.071428571428571,1.1972144,0.27242392,0.667966,0.10736583,0.05713628
4560,2024-09-25,2024,09,25,0.046021882,0.009909329,50.5,1.3518356,0.2979645,0.72123945,0.12248745,0.03019726
4561,2024-09-26,2024,09,26,0.06882724,0.01372607,27.30952380952381,1.0958943,0.27424976,0.61765,0.1155251,0.05025609
4562,2024-09-27,2024,09,27,0.093460776,0.021793475,18.071428571428573,0.8759206,0.2802686,0.5255641,0.11975328,0.07221054
4563,2024-09-28,2024,09,28,0.10284987,0.017846417,11.785714285714286,0.66068125,0.20221329,0.44771287,0.090587035,0.08167523
4564,2024-09-29,2024,09,29,0.093120515,0.010419759,0.8333333333333334,0.9280698,0.20747495,0.5603237,0.08469219,0.068134755
4565,2024-09-30,2024,09,30,0.1657583,0.023671025,2.8095238095238093,-0.0002867582,5.2388015e-05,0.10000408,3.156008e-05,0.16128522
4566,2024-10-01,2024,10,01,0.11618272,0.009224593,12.904761904761905,0.1532811,0.09227924,0.18919101,0.055320084,0.10722307
4567,2024-10-02,2024,10,02,0.12446653,0.017470619,44.07142857142857,0.3380895,0.16599764,0.2887383,0.08729991,0.10962036
4568,2024-10-03,2024,10,03,0.19908395,0.015576293,7.071428571428571,0.3473069,0.07499484,0.29503986,0.04165855,0.17396633
4569,2024-10-04,2024,10,04,0.13557927,0.016274877,31.0,0.36656404,0.12637997,0.30349204,0.06586715,0.11712263
4570,2024-10-05,2024,10,05,0.16183318,0.016792635,5.071428571428571,0.5761302,0.11737137,0.4048928,0.058602158,0.13406605
4571,2024-10-06,2024,10,06,0.121342845,0.018899255,37.333333333333336,0.40718672,0.24170057,0.31194004,0.1293703,0.10526649
4572,2024-10-07,2024,10,07,0.12059002,0.018291561,76.0,0.20738211,0.14407106,0.21242246,0.081181474,0.11147288
4573,2024-10-08,2024,10,08,0.16437261,0.02445824,25.80952380952381,0.04971433,0.04355092,0.12934767,0.027962858,0.15789552
4574,2024-10-09,2024,10,09,0.11138743,0.010631359,11.5,0.34822378,0.110822864,0.29708916,0.058871415,0.09708647
4575,2024-10-10,2024,10,10,0.08692407,0.018947266,25.071428571428573,0.35179725,0.12652427,0.2772776,0.06934283,0.07842141
4576,2024-10-11,2024,10,11,0.06884976,0.014495095,100.61904761904762,0.86845213,0.2739379,0.5283854,0.12491075,0.053267207
4577,2024-10-12,2024,10,12,0.10025591,0.014459404,21.833333333333332,0.6217739,0.14427653,0.40019855,0.07036659,0.0859085
4578,2024-10-13,2024,10,13,0.08524405,0.021667635,27.166666666666668,0.60338855,0.25092906,0.4172445,0.11437116,0.070510894
4579,2024-10-14,2024,10,14,0.090435155,0.018592777,46.666666666666664,0.49716508,0.18300809,0.36692816,0.08795144,0.07596008
4580,2024-10-15,2024,10,15,0.07868609,0.01360823,30.547619047619047,0.7395508,0.25605637,0.47506878,0.11571735,0.062315773
4581,2024-10-16,2024,10,16,0.058268566,0.010572146,21.904761904761905,1.1058359,0.30611256,0.6239547,0.1320609,0.04118672
4582,2024-10-17,2024,10,17,0.057626825,0.012250992,45.42857142857143,0.61664444,0.32881653,0.41113657,0.15549341,0.046445195
4583,2024-10-18,2024,10,18,0.15174527,0.012321857,59.0,0.11873793,0.014144215,0.1538795,0.0057470705,0.14729357
4584,2024-10-19,2024,10,19,0.15140764,0.012480977,59.42857142857143,0.01606352,0.011699797,0.1098449,0.0072136596,0.14650184
4585,2024-10-20,2024,10,20,0.119365215,0.013043303,128.26190476190476,0.11024671,0.054171614,0.16473085,0.031249952,0.112068966
4586,2024-10-21,2024,10,21,,,0.0,,,,,
4587,2024-10-22,2024,10,22,0.080753274,0.016140372,58.404761904761905,0.30202538,0.16451825,0.26457292,0.08711224,0.07196745
4588,2024-10-23,2024,10,23,0.08731903,0.022472633,121.42857142857143,0.18484202,0.12778795,0.20292029,0.071500935,0.08050229
4589,2024-10-24,2024,10,24,0.0850906,0.024535477,190.0,0.20112109,0.14172734,0.20907284,0.0717666,0.07937905
4590,2024-10-25,2024,10,25,0.15382524,0.026385646,63.214285714285715,0.1353001,0.057260673,0.17794621,0.033139825,0.14300838
4591,2024-10-26,2024,10,26,0.1683029,0.027426848,16.333333333333332,0.28334245,0.1094647,0.25530726,0.057771172,0.14792705
4592,2024-10-27,2024,10,27,0.076010525,0.010429174,121.83333333333333,1.0746728,0.19913757,0.61543775,0.08671623,0.05464977
4593,2024-10-28,2024,10,28,0.121438146,0.012193435,35.11904761904762,0.25263396,0.10436471,0.2414193,0.057304535,0.10978391
4594,2024-10-29,2024,10,29,0.13517359,0.021247063,81.07142857142857,0.17852582,0.090310566,0.20319864,0.049994845,0.12514195
4595,2024-10-30,2024,10,30,0.08610214,0.01652452,30.095238095238095,0.62255114,0.16120104,0.4314959,0.07634813,0.07004386
4596,2024-10-31,2024,10,31,0.06110519,0.012192372,72.92857142857143,0.6593362,0.26147908,0.4455231,0.12444443,0.048680108
4597,2024-11-01,2024,11,01,0.09254807,0.012668185,42.54761904761905,0.57854635,0.18703188,0.4048239,0.08965796,0.07550066
4598,2024-11-02,2024,11,02,0.1210928,0.013930298,29.30952380952381,0.3727394,0.11761069,0.30617994,0.06466541,0.10445362
4599,2024-11-03,2024,11,03,0.16737002,0.009617178,2.4047619047619047,0.048034646,0.031228386,0.12879005,0.018490849,0.16026284
4600,2024-11-04,2024,11,04,0.18669946,0.014072715,71.0,0.0068195234,0.010345213,0.103434466,0.008752728,0.18127817
4601,2024-11-05,2024,11,05,0.1169222,0.014960416,32.214285714285715,0.01004403,0.015317529,0.1061995,0.009470888,0.11328855
4602,2024-11-06,2024,11,06,0.11773479,0.013631657,141.42857142857142,0.0024255111,0.006859565,0.101183854,0.0049851937,0.11437475
4603,2024-11-07,2024,11,07,0.13319404,0.01094427,47.023809523809526,0.27824694,0.091640934,0.25839546,0.04981558,0.11812983
4604,2024-11-08,2024,11,08,0.09115458,0.010537623,57.166666666666664,0.4539757,0.14139389,0.34629413,0.07025195,0.07553341
4605,2024-11-09,2024,11,09,0.06927935,0.017732728,111.64285714285714,0.7635845,0.23274145,0.49239644,0.10279012,0.053804517
4606,2024-11-10,2024,11,10,0.057604715,0.01519296,141.71428571428572,0.81158096,0.24667577,0.5130414,0.11141132,0.045072567
4607,2024-11-11,2024,11,11,0.038687002,0.007563533,219.52380952380952,0.7105307,0.28532064,0.46606117,0.13107532,0.029987345
4608,2024-11-12,2024,11,12,0.07116671,0.0070870537,88.11904761904762,0.121248804,0.069248065,0.16705294,0.03666454,0.06605178
4609,2024-11-13,2024,11,13,0.061991308,0.007822208,22.928571428571427,0.09423712,0.09315265,0.15574275,0.054201532,0.057737704
4610,2024-11-14,2024,11,14,0.13648263,0.022835262,42.19047619047619,0.30237997,0.12193167,0.26556325,0.062930815,0.12155987
4611,2024-11-15,2024,11,15,0.14997697,0.0148378415,56.38095238095238,0.13894103,0.057802934,0.1824474,0.033390205,0.13972728
4612,2024-11-16,2024,11,16,0.12235899,0.019239414,39.095238095238095,0.1609812,0.082372405,0.19516873,0.047518015,0.11273211
4613,2024-11-17,2024,11,17,0.0615372,0.008656158,25.69047619047619,0.55441636,0.17457569,0.38069248,0.07831465,0.051702727
4614,2024-11-18,2024,11,18,0.11394964,0.012939692,24.761904761904763,0.41158307,0.12370767,0.31157807,0.058836963,0.10189097
4615,2024-11-19,2024,11,19,0.10622141,0.010982586,16.214285714285715,0.26494318,0.092316195,0.24125609,0.045766048,0.095709614
4616,2024-11-20,2024,11,20,0.084806666,0.011858675,74.14285714285714,0.32182688,0.093256965,0.28175128,0.050418414,0.075306974
4617,2024-11-21,2024,11,21,0.0879239,0.021411616,43.904761904761905,0.18421458,0.11088854,0.204951,0.061318554,0.08170725
4618,2024-11-22,2024,11,22,0.065689474,0.010110671,7.928571428571429,0.563691,0.17041196,0.39590624,0.083633214,0.05344608
4619,2024-11-23,2024,11,23,0.06294325,0.017076243,34.833333333333336,0.70965016,0.33454704,0.4528041,0.15576507,0.052091878
4620,2024-11-24,2024,11,24,0.14127423,0.035659276,6.023809523809524,0.37340203,0.26061735,0.29446775,0.1338861,0.12503923
4621,2024-11-25,2024,11,25,0.079740934,0.024165643,41.166666666666664,0.5502849,0.2509984,0.3851602,0.121022545,0.06974963
4622,2024-11-26,2024,11,26,0.15950377,0.023432912,0.8809523809523809,0.15200722,0.06703517,0.1873169,0.038268328,0.14810088
4623,2024-11-27,2024,11,27,0.060035743,0.01942781,8.214285714285714,0.30556908,0.18381633,0.27233902,0.09852745,0.05395946
4624,2024-11-28,2024,11,28,0.07065375,0.031084836,9.333333333333334,0.28106076,0.304486,0.25244966,0.15850915,0.065126695
4625,2024-11-29,2024,11,29,0.05202031,0.01480069,66.11904761904762,0.8130475,0.32778585,0.507458,0.15027292,0.04049968
4626,2024-11-30,2024,11,30,0.05624269,0.020160964,64.35714285714286,0.8473997,0.30825475,0.5215608,0.13805103,0.04450045
4627,2024-12-01,2024,12,01,0.057353247,0.021328958,67.64285714285714,0.7768274,0.3073408,0.48881134,0.13880476,0.046875224
4628,2024-12-02,2024,12,02,0.048153985,0.015304878,93.76190476190476,0.9150543,0.35887754,0.55101967,0.15834694,0.036632385
4629,2024-12-03,2024,12,03,0.0390831,0.009312282,87.21428571428571,1.2047697,0.28872803,0.66706175,0.11915811,0.02691916
4630,2024-12-04,2024,12,04,0.055437144,0.021042481,46.095238095238095,1.1430144,0.32101247,0.6413718,0.13443564,0.040086534
4631,2024-12-05,2024,12,05,0.08491876,0.020343099,146.02380952380952,0.26994228,0.1290172,0.25124124,0.0685705,0.07648062
4632,2024-12-06,2024,12,06,0.09109686,0.012063007,211.85714285714286,0.023045057,0.019964611,0.11401614,0.011930522,0.08825293
4633,2024-12-07,2024,12,07,0.090754665,0.021378998,28.428571428571427,0.1396568,0.10243126,0.18136717,0.058991257,0.085186146
4634,2024-12-08,2024,12,08,0.08407115,0.018382689,51.19047619047619,0.15340497,0.124356486,0.18855536,0.07036471,0.07833775
4635,2024-12-09,2024,12,09,0.10570235,0.030959725,58.73809523809524,0.27988222,0.21844168,0.24786448,0.11538737,0.096387506
4636,2024-12-10,2024,12,10,0.08648105,0.021367675,34.023809523809526,0.528104,0.18460226,0.38477698,0.09172697,0.07164326
4637,2024-12-11,2024,12,11,0.12266131,0.023156393,13.19047619047619,0.45051083,0.10941222,0.3444392,0.05717973,0.104586996
4638,2024-12-12,2024,12,12,0.09458219,0.011801749,31.523809523809526,0.27112347,0.08898355,0.2528579,0.047231402,0.08506794
4639,2024-12-13,2024,12,13,0.09523145,0.017197113,158.14285714285714,0.20450167,0.086696446,0.20612013,0.04353989,0.08898463
4640,2024-12-14,2024,12,14,0.09344568,0.01663821,48.833333333333336,0.40884772,0.1481526,0.3202333,0.07590588,0.081815995
4641,2024-12-15,2024,12,15,0.07684226,0.0145369405,94.5952380952381,0.3225645,0.1484915,0.27999094,0.077875316,0.067521304
4642,2024-12-16,2024,12,16,0.10831907,0.02241547,103.61904761904762,0.34489962,0.12349242,0.27821806,0.06359259,0.099306464
4643,2024-12-17,2024,12,17,0.08575313,0.015136142,70.9047619047619,0.20235315,0.084262095,0.21281675,0.046204172,0.078582
4644,2024-12-18,2024,12,18,0.07047819,0.012441244,227.38095238095238,0.09488605,0.07146548,0.15612383,0.041213766,0.06667126
4645,2024-12-19,2024,12,19,0.08771721,0.016676713,57.642857142857146,0.24935088,0.1414449,0.24270871,0.07857183,0.07876004
4646,2024-12-20,2024,12,20,0.11453544,0.028823877,24.38095238095238,0.4866947,0.17218152,0.3598307,0.08888781,0.0981928
4647,2024-12-21,2024,12,21,0.1195024,0.028639033,78.26190476190476,0.5117179,0.16047725,0.3721869,0.08188994,0.10282964
4648,2024-12-22,2024,12,22,0.13346393,0.0329504,7.071428571428571,0.24640918,0.14564922,0.24006185,0.08031845,0.120993026
4649,2024-12-23,2024,12,23,0.08726008,0.016143559,23.904761904761905,0.5861402,0.16656615,0.4117527,0.07913193,0.071694106
4650,2024-12-24,2024,12,24,0.06682865,0.013027213,57.166666666666664,0.52087235,0.20533757,0.37358746,0.098825656,0.056015898
4651,2024-12-25,2024,12,25,0.08199385,0.016300218,30.857142857142858,0.23344725,0.12687682,0.2295283,0.06836596,0.07385789
4652,2024-12-26,2024,12,26,0.15045072,0.03671745,45.0,0.15882298,0.10654726,0.18610644,0.06503313,0.1406393
4653,2024-12-27,2024,12,27,0.14064854,0.0329436,46.857142857142854,0.1331329,0.06543824,0.17564759,0.040620863,0.13084081
4654,2024-12-28,2024,12,28,0.07548992,0.018924441,4.523809523809524,0.73206794,0.25657895,0.47265947,0.11367586,0.060276218
4655,2024-12-29,2024,12,29,0.052147508,0.0057789544,35.523809523809526,0.47248468,0.15351751,0.35642257,0.076386236,0.04361972
4656,2024-12-30,2024,12,30,0.094165325,0.0149527155,1.0952380952380953,0.11866191,0.09638076,0.17030789,0.05666103,0.08809493
4657,2024-12-31,2024,12,31,0.24578758,0.060496334,0.19047619047619047,0.30432245,0.030180758,0.2619373,0.025160996,0.21468152
4658,2025-01-01,2025,01,01,0.11435738,0.02144881,44.095238095238095,0.040653948,0.04512536,0.12245345,0.030035924,0.110096075
4659,2025-01-02,2025,01,02,0.12430891,0.026968788,10.047619047619047,0.16030595,0.077790454,0.1928577,0.04473711,0.1152062
4660,2025-01-03,2025,01,03,0.06494511,0.01561361,60.04761904761905,0.5038908,0.20706646,0.3713477,0.10218857,0.054719515
4661,2025-01-04,2025,01,04,0.08708325,0.016516704,24.833333333333332,0.5785659,0.15789945,0.3911902,0.07134026,0.07335463
4662,2025-01-05,2025,01,05,0.08838261,0.01167872,66.02380952380952,0.019156253,0.02043922,0.11161402,0.012129949,0.08523784
4663,2025-01-06,2025,01,06,0.12103078,0.025869602,20.238095238095237,0.109585434,0.07590989,0.16355775,0.044534348,0.11456471
4664,2025-01-07,2025,01,07,0.15115684,0.011299016,16.5,0.06942918,0.03523265,0.1411445,0.020574294,0.14446239
4665,2025-01-08,2025,01,08,0.14716257,0.038939677,209.47619047619048,0.3383805,0.1435755,0.273653,0.07010666,0.11769994
4666,2025-01-09,2025,01,09,0.15763015,0.050321274,349.57142857142856,0.894528,0.24761084,0.54803973,0.11598817,0.10806056
4667,2025-01-10,2025,01,10,0.11981122,0.037879698,112.4047619047619,0.7810513,0.2462747,0.49532884,0.11516227,0.08464017
4668,2025-01-11,2025,01,11,0.123612516,0.011861527,97.04761904761905,0.32368112,0.10452325,0.27924448,0.05398231,0.1107487
4669,2025-01-12,2025,01,12,0.18738532,0.015321541,131.5,0.040353537,0.026603915,0.12347728,0.016628414,0.17960888
4670,2025-01-13,2025,01,13,0.10263923,0.016438806,11.095238095238095,0.31133527,0.09229836,0.27790815,0.04957712,0.09086772
4671,2025-01-14,2025,01,14,0.10301632,0.01611292,77.21428571428571,0.40613663,0.15592882,0.32534775,0.080826916,0.08799235
4672,2025-01-15,2025,01,15,0.05624274,0.008031176,145.11904761904762,0.5770577,0.18806644,0.40906245,0.08920629,0.04587358
4673,2025-01-16,2025,01,16,0.062159307,0.01330793,62.476190476190474,0.8788446,0.21032006,0.5417039,0.09254126,0.047243148
4674,2025-01-17,2025,01,17,0.10054706,0.018464567,44.214285714285715,0.66577405,0.17900698,0.44377235,0.08344443,0.08189821
4675,2025-01-18,2025,01,18,0.055329107,0.016635993,13.428571428571429,1.0196908,0.31489387,0.5990024,0.1329811,0.04020185
4676,2025-01-19,2025,01,19,0.053908866,0.019046469,21.30952380952381,0.95005506,0.39873382,0.56365687,0.17314428,0.04054781
4677,2025-01-20,2025,01,20,0.08992152,0.016617715,0.6904761904761905,0.7619482,0.24017829,0.4937158,0.1074992,0.068975665
4678,2025-01-21,2025,01,21,,,0.0,,,,,
4679,2025-01-22,2025,01,22,0.09514264,0.018029839,184.3095238095238,0.089993134,0.061528478,0.15209305,0.03610479,0.0898849
4680,2025-01-23,2025,01,23,0.07810895,0.017162539,156.8095238095238,0.19396386,0.09214099,0.2095864,0.05068606,0.071043104
4681,2025-01-24,2025,01,24,0.10092238,0.031519987,282.0952380952381,0.73488575,0.28687215,0.4743786,0.13092415,0.076550424
4682,2025-01-25,2025,01,25,0.091778345,0.013304884,46.95238095238095,0.746565,0.17022885,0.48829696,0.0779148,0.06991957
4683,2025-01-26,2025,01,26,0.1251661,0.014191075,15.785714285714286,0.34343928,0.12524399,0.29259366,0.06499192,0.110007256
4684,2025-01-27,2025,01,27,0.12665965,0.016962165,39.88095238095238,0.29587564,0.10090626,0.26606086,0.055171896,0.11281917
4685,2025-01-28,2025,01,28,0.09802653,0.014343694,91.54761904761905,0.27186337,0.09845823,0.25496733,0.05330383,0.087822236
4686,2025-01-29,2025,01,29,0.09455141,0.013024476,13.119047619047619,0.44339433,0.16715229,0.3447062,0.08527659,0.07993677
4687,2025-01-30,2025,01,30,0.10303462,0.013740937,0.6190476190476191,0.9639922,0.2913098,0.5665815,0.12467944,0.07842527
4688,2025-01-31,2025,01,31,0.12009998,0.01692197,5.523809523809524,0.39740092,0.13273616,0.30097488,0.06978862,0.10639274
4689,2025-02-01,2025,02,01,0.062066633,0.015144969,40.976190476190474,0.3425835,0.1809757,0.27883378,0.08955243,0.055311546
4690,2025-02-02,2025,02,02,0.14563456,0.03947171,7.428571428571429,0.30215132,0.19306919,0.2599521,0.10345411,0.13120365
4691,2025-02-03,2025,02,03,0.0801821,0.024562394,54.04761904761905,0.46776015,0.20571287,0.34618497,0.10202831,0.069417134
4692,2025-02-04,2025,02,04,0.102299854,0.01653049,191.78571428571428,0.24987829,0.112318866,0.23814143,0.060235556,0.09379145
4693,2025-02-05,2025,02,05,0.08489141,0.013107425,96.9047619047619,0.4299597,0.17171876,0.33441317,0.08790216,0.07282504
4694,2025-02-06,2025,02,06,0.085676,0.017477378,165.88095238095238,0.33470637,0.13594472,0.27835783,0.06929079,0.07820698
4695,2025-02-07,2025,02,07,0.12531435,0.034472235,21.88095238095238,0.6937951,0.2571336,0.4489625,0.12215783,0.104499154
4696,2025-02-08,2025,02,08,0.14454193,0.009238292,0.19047619047619047,0.478688,0.05697948,0.36858746,0.029206267,0.11969689
4697,2025-02-09,2025,02,09,0.15309653,0.02069622,40.904761904761905,0.034165557,0.034337666,0.119060636,0.02069126,0.14714001
4698,2025-02-10,2025,02,10,0.12985276,0.0113056265,6.166666666666667,0.26715204,0.11549401,0.25451183,0.06411105,0.11528627
4699,2025-02-11,2025,02,11,0.11276442,0.011371054,1.0238095238095237,0.105782166,0.07629755,0.16206354,0.046357796,0.10526998
4700,2025-02-12,2025,02,12,0.19486736,0.047332834,6.690476190476191,0.25275534,0.14049396,0.2286951,0.08491091,0.17554148
4701,2025-02-13,2025,02,13,0.16714035,0.027598372,4.261904761904762,0.4684687,0.15759009,0.35148323,0.076553755,0.14222331
4702,2025-02-14,2025,02,14,0.16209655,0.028092481,77.57142857142857,0.12885775,0.0847504,0.16572106,0.04803656,0.15360825
4703,2025-02-15,2025,02,15,0.14135519,0.023861473,25.285714285714285,0.009624305,0.030895626,0.10258784,0.0203673,0.13707274
4704,2025-02-16,2025,02,16,0.115787305,0.028235983,46.11904761904762,0.1103799,0.114142396,0.1539815,0.069224626,0.10917891
4705,2025-02-17,2025,02,17,0.11926718,0.025261201,22.904761904761905,0.09592788,0.080853015,0.148015,0.04935463,0.11303984
4706,2025-02-18,2025,02,18,0.120603524,0.020437596,64.85714285714286,0.23865116,0.07690479,0.22577721,0.0397872,0.111499876
4707,2025-02-19,2025,02,19,0.102332935,0.018632801,200.26190476190476,0.15346959,0.08105393,0.18810597,0.045687582,0.096161164
4708,2025-02-20,2025,02,20,0.13340953,0.021881614,15.428571428571429,0.0738658,0.05301415,0.1424261,0.030860908,0.1278334
4709,2025-02-21,2025,02,21,0.09317824,0.020918312,92.92857142857143,0.1516781,0.11456247,0.18492232,0.066472284,0.08728106
4710,2025-02-22,2025,02,22,0.080684684,0.016573075,184.07142857142858,0.20343558,0.115921415,0.21133193,0.06524144,0.0741819
4711,2025-02-23,2025,02,23,0.07795101,0.017157,233.42857142857142,0.2752302,0.16877428,0.2476641,0.08453119,0.07188952
4712,2025-02-24,2025,02,24,0.073908925,0.025563847,159.76190476190476,0.33536503,0.1888298,0.2782312,0.09423288,0.06742757
4713,2025-02-25,2025,02,25,0.14838207,0.027156347,60.976190476190474,0.1854238,0.09666563,0.19674818,0.053640567,0.1389884
4714,2025-02-26,2025,02,26,0.09465456,0.022512894,210.07142857142858,0.4720825,0.2031779,0.35065946,0.10304738,0.08123763
4715,2025-02-27,2025,02,27,0.057795595,0.0102685755,138.38095238095238,0.46476308,0.21415126,0.3451757,0.10550567,0.04884389
4716,2025-02-28,2025,02,28,0.07392481,0.022236772,76.71428571428571,0.44715825,0.2267812,0.3253896,0.109196134,0.06516288
4717,2025-03-01,2025,03,01,0.14783253,0.025725238,42.785714285714285,0.18507108,0.11325392,0.19983834,0.05926599,0.13818854
4718,2025-03-02,2025,03,02,0.15556595,0.030714855,34.95238095238095,0.07026521,0.057177935,0.13854192,0.034981895,0.14608766
4719,2025-03-03,2025,03,03,0.09729749,0.013227028,19.904761904761905,0.08905636,0.06850275,0.15285337,0.04009333,0.09189668
4720,2025-03-04,2025,03,04,0.07530009,0.015674006,9.833333333333334,0.24986938,0.1740813,0.23963019,0.09632463,0.06742592
4721,2025-03-05,2025,03,05,0.10365316,0.013853026,18.61904761904762,0.44227168,0.18577428,0.33098152,0.09150074,0.09051334
4722,2025-03-06,2025,03,06,0.1551335,0.018122919,40.5,0.31593913,0.101276666,0.2771655,0.053562943,0.13732648
4723,2025-03-07,2025,03,07,0.14390182,0.016907446,45.26190476190476,0.25914872,0.0941585,0.24934734,0.051557872,0.12910247
4724,2025-03-08,2025,03,08,0.13865402,0.01675928,10.238095238095237,0.43897432,0.17088227,0.34097785,0.08921204,0.11823324
4725,2025-03-09,2025,03,09,0.11203783,0.01884987,52.61904761904762,0.63747,0.18387622,0.43557283,0.091131195,0.09018022
4726,2025-03-10,2025,03,10,0.15782258,0.029219272,46.07142857142857,0.31671607,0.13518329,0.26495916,0.07116874,0.14061648
4727,2025-03-11,2025,03,11,0.11566966,0.01590387,33.38095238095238,0.34605083,0.1806638,0.28925848,0.092454135,0.10271828
4728,2025-03-12,2025,03,12,0.11643404,0.033434037,54.57142857142857,0.65414345,0.20529978,0.42548192,0.0925012,0.09886063
4729,2025-03-13,2025,03,13,0.14295992,0.024954742,123.85714285714286,0.124756075,0.09214639,0.17232753,0.05152066,0.13450737
4730,2025-03-14,2025,03,14,0.08078009,0.019487524,192.97619047619048,0.28685832,0.1804674,0.25782168,0.09755119,0.072090425
4731,2025-03-15,2025,03,15,0.07962581,0.014916653,107.07142857142857,0.30709457,0.19549018,0.2706856,0.104511715,0.0706117
4732,2025-03-16,2025,03,16,0.18018045,0.051505618,35.833333333333336,0.26600483,0.22992796,0.23703092,0.12018302,0.16396095
4733,2025-03-17,2025,03,17,0.11560085,0.02697896,37.19047619047619,0.48607922,0.19944064,0.35577458,0.093125,0.10043421
4734,2025-03-18,2025,03,18,0.1111441,0.017692981,156.0952380952381,0.27229768,0.106644936,0.2502866,0.054395165,0.10094432
4735,2025-03-19,2025,03,19,0.094322,0.014696894,250.38095238095238,0.20949964,0.10035867,0.22132458,0.056399874,0.08622865
4736,2025-03-20,2025,03,20,0.12133118,0.0242296,92.04761904761905,0.21640204,0.10160717,0.20144,0.057248235,0.11206334
4737,2025-03-21,2025,03,21,0.11214048,0.009425551,133.4047619047619,0.15991676,0.08085182,0.19189304,0.047808908,0.10293428
4738,2025-03-22,2025,03,22,0.09052553,0.011573569,3.5952380952380953,0.8325723,0.2078392,0.5056144,0.0965784,0.070718534
4739,2025-03-23,2025,03,23,0.12106362,0.012927303,1.1904761904761905,1.1510521,0.2535546,0.6560589,0.09955816,0.08273994
4740,2025-03-24,2025,03,24,0.09491413,0.014558243,2.9047619047619047,1.2706448,0.28083754,0.6905522,0.11206431,0.06500322
4741,2025-03-25,2025,03,25,0.08781569,0.012982773,11.166666666666666,1.1752898,0.2576994,0.65899456,0.106483795,0.06044078
4742,2025-03-26,2025,03,26,0.056948528,0.015590624,104.92857142857143,0.8459495,0.28757757,0.51172334,0.12774466,0.044933103
4743,2025-03-27,2025,03,27,0.072231136,0.039162904,29.38095238095238,0.8002101,0.42239964,0.48337024,0.1867271,0.060260408
4744,2025-03-28,2025,03,28,0.17087601,0.03242958,47.666666666666664,0.26034304,0.111156225,0.24618615,0.062094733,0.15324162
4745,2025-03-29,2025,03,29,0.13825376,0.02748399,157.14285714285714,0.16038157,0.09826716,0.19076516,0.057053845,0.12853202
4746,2025-03-30,2025,03,30,0.120340176,0.025687585,146.54761904761904,0.35410786,0.16516826,0.29402664,0.08919259,0.10572527
4747,2025-03-31,2025,03,31,0.14137533,0.0452778,48.69047619047619,0.15731905,0.1851623,0.16877188,0.11028439,0.13256256
4748,2025-04-01,2025,04,01,0.18322302,0.02954219,12.095238095238095,0.19592246,0.12470822,0.20395082,0.07189654,0.17003809
4749,2025-04-02,2025,04,02,0.17702594,0.023159016,14.380952380952381,0.4871892,0.14169289,0.3644664,0.06840486,0.14913738
4750,2025-04-03,2025,04,03,0.2134431,0.021148492,78.76190476190476,0.31955555,0.087954625,0.28093606,0.047261383,0.18647055
4751,2025-04-04,2025,04,04,0.17833456,0.02685607,53.357142857142854,0.27618548,0.12097324,0.25529623,0.06894839,0.15792607
4752,2025-04-05,2025,04,05,0.10790495,0.013760031,114.0,0.3141578,0.12717661,0.27629492,0.070789106,0.095125556
4753,2025-04-06,2025,04,06,0.08491088,0.00925954,182.26190476190476,0.4900011,0.14588171,0.3575994,0.07141211,0.07209798
4754,2025-04-07,2025,04,07,0.1381157,0.029538987,14.619047619047619,0.5782487,0.20602457,0.3950179,0.09574663,0.11841036
4755,2025-04-08,2025,04,08,0.102658555,0.031168552,25.642857142857142,0.95135605,0.283386,0.5578442,0.122217156,0.081634335
4756,2025-04-09,2025,04,09,0.15989235,0.020871097,3.9523809523809526,0.24783255,0.10514237,0.23907913,0.061633177,0.14499544
4757,2025-04-10,2025,04,10,0.10344651,0.023876496,16.214285714285715,0.23026371,0.14573523,0.22463113,0.08098715,0.094003305
4758,2025-04-11,2025,04,11,0.09981585,0.020180335,2.6666666666666665,0.4869682,0.29939795,0.34673283,0.15563823,0.08689776
4759,2025-04-12,2025,04,12,0.16584843,0.026038023,0.30952380952380953,0.011744813,0.06765736,0.10044202,0.05357205,0.16056432
4760,2025-04-13,2025,04,13,,,0.0,,,,,
4761,2025-04-14,2025,04,14,0.2050819,0.02586614,3.0952380952380953,0.33525094,0.17136401,0.28412646,0.10502613,0.17975987
4762,2025-04-15,2025,04,15,0.14458066,0.015999312,12.952380952380953,0.58999157,0.1900542,0.4152133,0.09790914,0.1170809
4763,2025-04-16,2025,04,16,0.11856395,0.0134236645,85.83333333333333,0.68735117,0.17339668,0.4627803,0.08258518,0.09247867
4764,2025-04-17,2025,04,17,0.093293324,0.01651818,36.976190476190474,0.8766984,0.21580485,0.53704846,0.095799066,0.06918205
4765,2025-04-18,2025,04,18,0.20303462,0.013418027,1.1666666666666667,0.5856676,0.09795533,0.4196582,0.04957728,0.16356659
4766,2025-04-19,2025,04,19,0.12034376,0.029345289,1.0,0.96403867,0.28160134,0.5701234,0.118016504,0.09154249
4767,2025-04-20,2025,04,20,0.18705148,0.017665992,2.119047619047619,0.44876456,0.15649462,0.3487084,0.0797136,0.15705366
4768,2025-04-21,2025,04,21,0.12547153,0.009432555,7.285714285714286,0.96622497,0.17294885,0.5830029,0.07482845,0.09020618
4769,2025-04-22,2025,04,22,0.076874115,0.0104822945,0.38095238095238093,1.2457345,0.5126967,0.67387277,0.22201201,0.0524647
4770,2025-04-23,2025,04,23,,,0.0,,,,,
4771,2025-04-24,2025,04,24,0.223157,0.01613549,0.6666666666666666,0.46850577,0.17630418,0.35702425,0.09209364,0.18661669
4772,2025-04-25,2025,04,25,0.13142699,0.02565696,186.23809523809524,0.628633,0.19603325,0.43547586,0.09460484,0.105655916
4773,2025-04-26,2025,04,26,0.1230704,0.023190007,127.5952380952381,0.43924612,0.14123218,0.33976683,0.07249247,0.104457706
4774,2025-04-27,2025,04,27,0.09214566,0.013971487,53.0,0.39984107,0.16973598,0.31527495,0.087994784,0.07794695
4775,2025-04-28,2025,04,28,,,0.047619047619047616,,,,,
4776,2025-04-29,2025,04,29,0.11392202,0.026404157,1.7380952380952381,0.99925005,0.26940912,0.59267557,0.109468624,0.08273163
4777,2025-04-30,2025,04,30,0.15036748,0.03402762,1.1666666666666667,0.81682366,0.34151268,0.51257294,0.15277842,0.114269756
4778,2025-05-01,2025,05,01,0.17487797,0.025365079,1.119047619047619,0.7930576,0.22576623,0.50420356,0.09975476,0.13262299
4779,2025-05-02,2025,05,02,0.15688029,0.013392774,6.309523809523809,0.74818593,0.19619761,0.48803428,0.09049114,0.12092085
4780,2025-05-03,2025,05,03,0.09971276,0.01318618,3.4285714285714284,1.2873915,0.25118005,0.6996944,0.10591003,0.066585645
4781,2025-05-04,2025,05,04,,,0.0,,,,,
4782,2025-05-05,2025,05,05,0.15257654,0.021708898,4.4523809523809526,0.36780915,0.12634611,0.30859095,0.06734128,0.1322703
4783,2025-05-06,2025,05,06,0.19906472,0.019399602,3.3095238095238093,0.45647204,0.15419966,0.34975696,0.08372627,0.1678604
4784,2025-05-07,2025,05,07,0.1468049,0.013562028,45.0,0.5952406,0.12805429,0.4215421,0.06407722,0.118348375
4785,2025-05-08,2025,05,08,0.13452221,0.023842096,28.88095238095238,0.36546147,0.13856442,0.29013795,0.07108956,0.117079765
4786,2025-05-09,2025,05,09,0.1013733,0.022639018,0.09523809523809523,0.36067972,0.42544663,0.29165012,0.22462691,0.09037195
4787,2025-05-10,2025,05,10,0.15885752,0.04289872,20.571428571428573,0.3079429,0.1186347,0.27229005,0.06461986,0.1409975
4788,2025-05-11,2025,05,11,0.22254023,0.032274745,34.42857142857143,0.11555377,0.089769214,0.15386519,0.05899008,0.2058741
4789,2025-05-12,2025,05,12,0.11149187,0.023991795,39.5,0.50526947,0.2179295,0.36374176,0.11386261,0.095303066
4790,2025-05-13,2025,05,13,0.11852517,0.01629941,37.61904761904762,0.37988552,0.16891986,0.30608773,0.087956525,0.10168488
4791,2025-05-14,2025,05,14,0.13875405,0.016814616,1.3333333333333333,0.48664874,0.1786319,0.36392242,0.08957863,0.11657677
4792,2025-05-15,2025,05,15,0.15279262,0.015909484,0.8333333333333334,0.7199616,0.16101387,0.46084547,0.074297376,0.12384671
4793,2025-05-16,2025,05,16,0.13026197,0.023488155,11.714285714285714,0.8605852,0.22106357,0.52983105,0.093514055,0.10022955
4794,2025-05-17,2025,05,17,0.1596908,0.015313577,19.5,0.6637131,0.18618606,0.4380963,0.08500077,0.12824373
4795,2025-05-18,2025,05,18,0.12243569,0.013519204,15.380952380952381,0.73320836,0.1952359,0.47471085,0.0886156,0.0954672
4796,2025-05-19,2025,05,19,0.14456037,0.017875623,5.976190476190476,0.124269135,0.112286456,0.16702165,0.068250895,0.13405053
4797,2025-05-20,2025,05,20,,,0.0,,,,,
4798,2025-05-21,2025,05,21,0.19628523,0.022728492,8.071428571428571,0.042933475,0.057008393,0.121085666,0.040377133,0.18823634
4799,2025-05-22,2025,05,22,0.13312824,0.031469014,172.28571428571428,0.12288078,0.09728379,0.16994753,0.060501114,0.12524064
4800,2025-05-23,2025,05,23,0.1420481,0.03674582,1.5476190476190477,0.16298902,0.105272025,0.19306783,0.059311707,0.13028081
4801,2025-05-24,2025,05,24,0.14070353,0.0075808135,0.16666666666666666,1.1628333,0.1198108,0.66494876,0.045193933,0.0961144
4802,2025-05-25,2025,05,25,,,0.0,,,,,
4803,2025-05-26,2025,05,26,0.13792071,0.02653554,15.261904761904763,0.48934472,0.18856548,0.35797969,0.0953346,0.117292166
4804,2025-05-27,2025,05,27,0.18212022,0.028376302,21.88095238095238,0.40656063,0.121408395,0.32148305,0.064282805,0.15518819
4805,2025-05-28,2025,05,28,0.16977854,0.02829104,12.023809523809524,0.34143233,0.15651393,0.27418342,0.0853505,0.149705
4806,2025-05-29,2025,05,29,0.12707761,0.009529188,0.7380952380952381,0.66469705,0.13741866,0.45563763,0.06496691,0.09975321
4807,2025-05-30,2025,05,30,,,0.047619047619047616,,,,,
4808,2025-05-31,2025,05,31,0.14260724,0.018254267,0.6666666666666666,0.18200535,0.054073945,0.20841327,0.031160992,0.13042001
4809,2025-06-01,2025,06,01,0.15716308,0.022545697,6.690476190476191,0.7274601,0.15604664,0.48286057,0.07289748,0.122184016
4810,2025-06-02,2025,06,02,0.19099806,0.020222412,1.2380952380952381,1.0822217,0.20966975,0.6206904,0.08759338,0.13378854
4811,2025-06-03,2025,06,03,0.25647306,0.024986524,0.9047619047619048,1.1631998,0.09329217,0.67049384,0.045804124,0.17237583
4812,2025-06-04,2025,06,04,0.10693972,0.0070191226,4.904761904761905,1.3166108,0.16205001,0.71656024,0.064531766,0.06906522
4813,2025-06-05,2025,06,05,0.13125011,0.029556736,0.5,1.1082191,0.17984265,0.6297575,0.07287826,0.09503119
4814,2025-06-06,2025,06,06,,,0.0,,,,,
4815,2025-06-07,2025,06,07,0.11237092,0.056757167,33.11904761904762,1.2785605,0.296278,0.69612205,0.12215799,0.07823277
4816,2025-06-08,2025,06,08,0.07306677,0.013026591,11.357142857142858,1.3331522,0.2715189,0.7158835,0.11013691,0.04816491
4817,2025-06-09,2025,06,09,0.0735454,0.0069105187,0.38095238095238093,1.405757,0.2311458,0.7448685,0.08668143,0.047249734
4818,2025-06-10,2025,06,10,,,0.0,,,,,
4819,2025-06-11,2025,06,11,,,0.023809523809523808,,,,,
4820,2025-06-12,2025,06,12,,,0.07142857142857142,,,,,
4821,2025-06-13,2025,06,13,0.12801802,0.009239635,1.2857142857142858,0.14551637,0.0711226,0.18700291,0.041722193,0.118567966
4822,2025-06-14,2025,06,14,0.13400632,0.025954204,25.0,-0.011557856,0.05222257,0.07954714,0.04485839,0.13086101
4823,2025-06-15,2025,06,15,0.09409376,0.014176945,9.833333333333334,0.2637818,0.20942521,0.24331062,0.1116633,0.08481663
4824,2025-06-16,2025,06,16,0.2267006,0.022596799,0.7142857142857143,-0.019597966,0.049942728,0.07662319,0.050775155,0.22147927
4825,2025-06-17,2025,06,17,0.083309926,0.013265219,317.04761904761904,0.34430912,0.1368561,0.2914388,0.06846807,0.07369552
4826,2025-06-18,2025,06,18,0.22185937,0.016698755,0.16666666666666666,0.10327573,0.069845535,0.16209435,0.0414887,0.20887811
4827,2025-06-19,2025,06,19,0.15113136,0.028214773,41.833333333333336,-0.02218901,0.047390554,0.071842276,0.045518093,0.14802173
4828,2025-06-20,2025,06,20,,,0.0,,,,,
4829,2025-06-21,2025,06,21,,,0.0,,,,,
4830,2025-06-22,2025,06,22,0.19353002,0.01748067,3.4761904761904763,0.24958728,0.08601425,0.24478494,0.04788055,0.17330472
4831,2025-06-23,2025,06,23,0.14325866,0.016747491,0.7857142857142857,0.85115165,0.20012514,0.5352599,0.0919827,0.10704573
4832,2025-06-24,2025,06,24,0.13031346,0.015491239,9.047619047619047,0.81255215,0.18348782,0.5198862,0.08531225,0.09684288
4833,2025-06-25,2025,06,25,0.081088915,0.013620858,0.3333333333333333,1.5542815,0.0062402333,0.79918385,0.0020730393,0.049108345
4834,2025-06-26,2025,06,26,0.11007104,0.01274297,0.09523809523809523,0.77139366,0.21949333,0.5033726,0.09786248,0.083966486
4835,2025-06-27,2025,06,27,0.13489428,0.037910715,2.738095238095238,0.5355613,0.25610194,0.378025,0.12323065,0.111523636
4836,2025-06-28,2025,06,28,,,0.07142857142857142,,,,,
4837,2025-06-29,2025,06,29,0.115463704,0.007635072,0.5238095238095238,1.4523653,0.18709464,0.7632997,0.067066915,0.07223943
4838,2025-06-30,2025,06,30,0.08011162,0.009744173,1.0238095238095237,1.4962295,0.11184139,0.77830595,0.04085587,0.04938558
